,Country,Year,Region,Democracy Index,energy_cons,rail_cargo,urban_per,service_per,GDP
0,Canada,2019,North America,9.22,547.2500179,446081.0,81.482,67.6711634824727,1743725183672.52
1,United States,2019,North America,7.96,3989.37824873,2357116.529,82.459,77.181114155661,21380976119000.0
2,Austria,2019,Western Europe,8.29,68.6259317,21736.0,58.515,63.129878993238,444621176100.54
3,Finland,2019,Western Europe,9.25,84.0471162,10270.0,85.446,60.1947819126316,268514916972.544
4,France,2019,Western Europe,8.12,448.0217777,33893.1,80.709,70.0435873295223,2728870246705.83
5,Germany,2019,Western Europe,8.68,517.4728151,129161.0,77.376,62.3788602062616,3888226035921.49
6,Greece,2019,Western Europe,7.43,51.7588833,491.0,79.388,69.4743925835279,205257014892.498
7,Ireland,2019,Western Europe,9.24,28.2406594,72.0,63.405,57.4612987533844,399321701632.424
8,Italy,2019,Western Europe,7.52,284.0286052,21309.0,70.736,66.2531597026352,2011302198827.41
9,Luxembourg,2019,Western Europe,8.81,6.4987854,191.152773984,91.223,78.9756859906793,69825641851.0104
10,Netherlands,2019,Western Europe,9.01,114.8093933,7080.0,91.876,69.9668534109009,910194347568.61
11,Norway,2019,Western Europe,9.87,123.7427674,3903.0,82.616,57.3102892822421,408742840909.091
12,Portugal,2019,Western Europe,8.03,49.1050443,2476.0,65.764,65.6264155710224,239986922638.897
13,Spain,2019,Western Europe,8.29,243.9651788,10459.0,80.565,68.1845151355305,1394320055129.38
14,Sweden,2019,Western Europe,9.39,128.6438537,22222.065674494,87.708,65.5151210418053,533879529188.454
15,Switzerland,2019,Western Europe,9.03,54.8775489,11666.0,73.849,71.8618845905274,721369112726.724
16,United Kingdom,2019,Western Europe,8.52,309.2651075,16884.335172455,83.652,71.0898841467011,2857057847953.02
17,Albania,2019,Central and Eastern Europe,5.89,6.500145,43.0,61.229,48.4073009295108,15401826080.5183
18,Armenia,2019,Central and Eastern Europe,5.54,5.79847,860.0,63.219,53.9731853016919,13619290545.8131
19,Azerbaijan,2019,Central and Eastern Europe,2.75,21.02663,5152.0,56.031,36.491070403755,48174235294.1176
20,Belarus,2019,Central and Eastern Europe,2.48,32.6335,48205.4,79.044,48.4265059525577,64410112583.362
21,Bosnia and Herzegovina,2019,Central and Eastern Europe,4.86,11.65745,1275.0,48.626,54.5707671746486,20482603346.4473
22,Bulgaria,2019,Central and Eastern Europe,7.03,30.1619512,3901.6,75.347,61.4157597583322,68911930627.8977
23,Croatia,2019,Central and Eastern Europe,6.57,16.7662931,2911.0,57.242,59.5604407540717,61329267533.1316
24,Estonia,2019,Central and Eastern Europe,7.9,8.4680352,2155.0,69.051,61.5471502058817,31081901909.2151
25,Georgia,2019,Central and Eastern Europe,5.42,12.06208,2935.0,59.039,60.7675132811473,17470436258.5131
26,Hungary,2019,Central and Eastern Europe,6.63,41.7559378,10624.909,71.644,56.4188016462661,164020460331.659
27,Kazakhstan,2019,Central and Eastern Europe,2.94,92.298039,289174.0,57.54,55.5282559332057,181667185041.48
28,Kyrgyzstan,2019,Central and Eastern Europe,4.89,12.32414,870.4,36.591,49.8516966571136,8871019822.76098
29,Latvia,2019,Central and Eastern Europe,7.49,6.7294613,15019.0,68.222,64.0859105739514,34343961072.8229
30,Lithuania,2019,Central and Eastern Europe,7.5,11.4044152,16181.0,67.855,61.4934034644729,54760617012.9166
31,Moldova,2019,Central and Eastern Europe,5.75,5.91499,940.3,42.726,54.6779595310298,11735774634.4239
32,Montenegro,2019,Central and Eastern Europe,5.65,2.738641,130.33,67.15,58.7244671059445,5542053845.29274
33,North Macedonia,2019,Central and Eastern Europe,5.97,6.3507704,350.0,58.208,54.994997711796,12606338448.547
34,Poland,2019,Central and Eastern Europe,6.62,150.8425083,54584.0,60.037,56.8840092078102,596058473058.766
35,Romania,2019,Central and Eastern Europe,6.49,49.874945,13312.0,54.084,58.4545174416189,251017797625.017
36,Russia,2019,Central and Eastern Europe,3.11,945.36056,2601928.1,74.587,54.1729442143524,1693114993990.49
37,Serbia,2019,Central and Eastern Europe,6.41,29.3250308,2865.0,56.26,51.1674342673323,51514242775.5241
38,Slovakia,2019,Central and Eastern Europe,7.17,26.246413,8480.0,53.729,57.9291013243067,105710052464.625
39,Slovenia,2019,Central and Eastern Europe,7.5,13.9000331,5292.0,54.822,56.4243142177678,54331588482.3048
40,Tajikistan,2019,Central and Eastern Europe,1.93,15.26358,231.7,27.309,37.0798560987387,8300813889.63698
41,Ukraine,2019,Central and Eastern Europe,5.9,123.35464,181844.7,69.473,54.4855197050788,153883045524.931
42,Uzbekistan,2019,Central and Eastern Europe,2.01,57.56928,22860.0,50.433,35.1264896139703,60283503705.3907
43,Chile,2019,Latin America and the Caribbean,8.08,77.6898273,3079.8397523271,87.643,58.8168462244449,278493308134.096
44,Mexico,2019,Latin America and the Caribbean,6.09,278.8829731,89049.0,80.444,59.9814054174097,1269009571610.76
45,Australia,2019,Asia and Australasia,9.09,238.6344388,443004.62783715,86.124,66.0781572916651,1392218527563.26
46,China,2019,Asia and Australasia,2.26,6802.6988964,3018200.0,60.308,54.2689042663668,14279968485748.0
47,India,2019,Asia and Australasia,6.9,1342.052062961,738523.0,34.472,50.0849578541848,2835606242052.48
48,Indonesia,2019,Asia and Australasia,6.48,254.669125,15573.0,55.985,44.220745839176,1119099871386.16
49,Japan,2019,Asia and Australasia,7.99,944.8867835,19993.0,91.698,69.6276716636423,5117993853016.51
50,Malaysia,2019,Asia and Australasia,7.16,149.009743,1141.586432,76.607,54.1547930455103,365177744321.011
51,Mongolia,2019,Asia and Australasia,6.5,7.331491,17384.0,68.543,39.7406192290363,14206359016.4014
52,New Zealand,2019,Asia and Australasia,9.26,40.819042932,4545.0,86.615,65.572412172628,213091987153.092
53,South Korea,2019,Asia and Australasia,8.0,534.2725603,7357.0,81.43,57.2421505638275,1651422932447.77
54,Vietnam,2019,Asia and Australasia,3.08,212.91744,3742.0,36.628,42.4687305376791,334365257920.289
55,Algeria,2019,Middle East and North Africa,4.01,66.646,908.0,73.189,46.4003588491505,171760290068.157
56,Iran,2019,Middle East and North Africa,2.38,283.763607,33645.702256,75.391,50.1233752604292,283649531542.631
57,Israel,2019,Middle East and North Africa,7.86,62.617519,1241.5,92.501,70.9196090107809,402470513619.148
58,Morocco,2019,Middle East and North Africa,5.1,32.255546,3125.0,62.994,53.4781212999139,128920265075.525
59,Tunisia,2019,Middle East and North Africa,6.72,16.73774,545.0,69.254,59.9417187054004,41905637658.6053
60,United Arab Emirates,2019,Middle East and North Africa,2.76,122.623,1488.485,86.789,54.7287717592443,417989721742.682
61,Cameroon,2019,Sub-Saharan Africa,2.85,6.509974,974.087,56.968,51.0268734763051,39670976440.3158
62,Gabon,2019,Sub-Saharan Africa,3.61,2.365078,406.0,89.741,40.4703782489961,16874405460.1964
63,Zimbabwe,2019,Sub-Saharan Africa,3.16,7.786427,897.0,32.21,52.6772988950888,21832234925.5021
64,Canada,2018,North America,9.15,554.0621157,445546.0,81.411,66.8658461527451,1725297938435.76
65,United States,2018,North America,7.96,4032.62826743,2525217.324,82.256,76.7355386223548,20533057312000.0
66,Austria,2018,Western Europe,8.29,66.831206,21996.241,58.297,62.8593347660623,454991174096.094
67,Denmark,2018,Western Europe,9.22,33.5542043,2592.0,87.874,64.9170030904082,356841216410.068
68,Finland,2018,Western Europe,9.14,85.4644094,11175.0,85.382,59.8444286436336,275708001767.838
69,France,2018,Western Europe,7.8,451.3417492,33835.6,80.444,70.0962126783413,2790956878746.61
70,Germany,2018,Western Europe,8.68,532.1598444,129991.0,77.312,62.1184685554681,3974443355019.53
71,Greece,2018,Western Europe,7.29,51.1158787,408.0,79.058,69.3996373622033,212049447242.107
72,Ireland,2018,Western Europe,9.15,27.6690696,89.0,63.17,56.1231799729847,385736680797.111
73,Italy,2018,Western Europe,7.71,306.2798323,22070.0,70.438,66.3404616665139,2091932426266.94
74,Luxembourg,2018,Western Europe,8.81,6.5513041,223.158399212,90.981,79.6541996425751,71000359760.4599
75,Netherlands,2018,Western Europe,8.89,114.9065002,7026.0,91.49,70.0324424053634,914043438179.591
76,Norway,2018,Western Europe,9.87,125.9534847,3970.0,82.248,54.57404711371,439788625883.8
77,Portugal,2018,Western Europe,7.84,49.3271795,2863.0,65.211,65.155218831648,242313116577.963
78,Spain,2018,Western Europe,8.08,247.4013205,10792.0,80.321,67.8718188757986,1421702715218.01
79,Sweden,2018,Western Europe,9.39,132.3395413,22794.306069132,87.431,65.2262926169137,555455371487.089
80,Switzerland,2018,Western Europe,9.03,55.2878937,11776.0,73.797,72.0635152908589,725562534363.895
81,United Kingdom,2018,Western Europe,8.53,313.6035513,17205.693315326,83.398,70.9201310831043,2878152147315.82
82,Albania,2018,Central and Eastern Europe,5.98,6.39826,20.4,60.319,47.7556278717034,15156424061.9815
83,Armenia,2018,Central and Eastern Europe,4.79,5.35326,730.0,63.149,52.6163051198371,12457940705.3088
84,Azerbaijan,2018,Central and Eastern Europe,2.65,20.28678,4492.0,55.68,34.7979823203316,47112479289.4186
85,Belarus,2018,Central and Eastern Europe,3.13,32.83396,52573.7,78.595,47.8106605624591,60031163987.191
86,Bosnia and Herzegovina,2018,Central and Eastern Europe,4.98,12.25308,1187.9,48.245,53.7328253653242,20484048415.5019
87,Bulgaria,2018,Central and Eastern Europe,7.03,30.5964996,3792.0,75.008,60.8553082293074,66399602077.1693
88,Croatia,2018,Central and Eastern Europe,6.57,16.688812,2743.0,56.947,59.6376025279193,61330483609.8835
89,Estonia,2018,Central and Eastern Europe,7.97,8.5479412,2594.0,68.88,60.8761910300161,30624720196.2285
90,Georgia,2018,Central and Eastern Europe,5.5,11.9561,2598.0,58.632,60.2689722283259,17596922469.9152
91,Hungary,2018,Central and Eastern Europe,6.63,41.1520503,10584.08,71.351,55.8836219662657,160565642983.587
92,Kazakhstan,2018,Central and Eastern Europe,2.94,91.780574,283117.8,57.428,55.454732268099,179339977517.062
93,Kyrgyzstan,2018,Central and Eastern Europe,5.11,11.7404,949.0,36.351,49.7676969702079,8271106196.04253
94,Latvia,2018,Central and Eastern Europe,7.38,6.7783863,17859.0,68.142,64.5537614690983,34429023435.0205
95,Lithuania,2018,Central and Eastern Europe,7.5,11.2425655,16885.0,67.679,61.4231641956474,53751411409.4437
96,Moldova,2018,Central and Eastern Europe,5.85,5.90324,1012.0,42.629,53.9337913876541,11253727815.4762
97,Montenegro,2018,Central and Eastern Europe,5.74,2.605143,112.856,66.813,59.1700209944822,5506944403.30196
98,North Macedonia,2018,Central and Eastern Europe,5.87,6.2106788,305.0,57.963,54.3216751049362,12683068033.1043
99,Poland,2018,Central and Eastern Europe,6.67,151.9292871,59388.0,60.058,56.4099513474215,588779850763.487
100,Romania,2018,Central and Eastern Europe,6.38,50.0582416,13076.0,53.998,56.9621710289653,243316050520.725
101,Russia,2018,Central and Eastern Europe,2.94,931.11845,2596879.7,74.433,53.4288055174333,1657328764645.93
102,Serbia,2018,Central and Eastern Europe,6.41,29.2972363,3186.0,56.092,51.0097335816946,50640662859.4987
103,Slovakia,2018,Central and Eastern Europe,7.1,27.0274711,8691.0,53.726,58.1393340614805,106137924015.591
104,Slovenia,2018,Central and Eastern Europe,7.5,13.838658,5151.0,54.541,56.5581808491739,54177882425.8421
105,Tajikistan,2018,Central and Eastern Europe,1.93,14.21318,224.0,27.134,36.7459808159957,7765000282.29397
106,Ukraine,2018,Central and Eastern Europe,5.69,127.14508,186344.1,69.352,51.3323027091522,130891086689.522
107,Uzbekistan,2018,Central and Eastern Europe,2.01,55.284857,22942.0,50.478,34.5928406709103,52870108217.5626
108,Chile,2018,Latin America and the Caribbean,7.97,77.0223832,3816.070253512,87.564,58.0012686597197,295402646018.151
109,Mexico,2018,Latin America and the Caribbean,6.19,291.1822412,87924.0,80.156,59.9275696897244,1222405556421.13
110,Australia,2018,Asia and Australasia,9.09,238.8835944,441273.24126364,86.012,66.6517785671063,1428266513154.48
111,China,2018,Asia and Australasia,3.32,6450.426757,2882100.0,59.152,53.2699679234152,13894907485398.9
112,India,2018,Asia and Australasia,7.23,1312.596162646,692916.0,34.03,48.4315663154935,2702929639861.5
113,Indonesia,2018,Asia and Australasia,6.39,247.269816,15091.0,55.325,43.4048373057688,1042271532953.36
114,Japan,2018,Asia and Australasia,7.99,963.9000025,19369.0,91.616,69.4031278581593,5040880939324.86
115,Malaysia,2018,Asia and Australasia,6.88,146.607209,1315.0,76.036,52.9910477853598,358788833524.945
116,New Zealand,2018,Asia and Australasia,9.26,40.478853833,4217.0,86.538,65.6321535050338,211886686924.483
117,Pakistan,2018,Asia and Australasia,4.17,123.6062,8080.0,36.666,52.9323158239348,356128167702.894
118,South Korea,2018,Asia and Australasia,8.0,542.9004483,7878.0,81.459,55.6916932454589,1724845615629.26
119,Vietnam,2018,Asia and Australasia,3.08,195.72484,3989.0,35.919,42.1709129435949,310106472642.968
120,Algeria,2018,Middle East and North Africa,3.5,62.11403,1026.0,72.629,45.2874353642853,174910891124.491
121,Iran,2018,Middle East and North Africa,2.45,271.485472,34859.0,74.898,48.5877167093191,327900695065.853
122,Israel,2018,Middle East and North Africa,7.79,60.510199,1235.1,92.418,70.4837250152884,376691526553.276
123,Morocco,2018,Middle East and North Africa,4.99,31.39579,3485.0,62.453,53.070813570865,127341141871.205
124,Tunisia,2018,Middle East and North Africa,6.41,15.8374,535.0,68.945,59.4589681861832,42686509835.5287
125,United Arab Emirates,2018,Middle East and North Africa,2.76,119.98748,1373.0,86.522,52.3695784114051,427049432157.931
126,Cameroon,2018,Sub-Saharan Africa,3.28,6.4962,812.416,56.374,50.4464488185533,39973842058.565
127,Gabon,2018,Sub-Saharan Africa,3.61,2.211269,3210.576346,89.37,41.1181969705571,16867326389.8696
128,Zimbabwe,2018,Sub-Saharan Africa,3.16,8.455186,1078.0,32.209,55.9847677273556,34156069918.0609
129,Canada,2017,North America,9.15,547.034675,420143.0,81.35,67.1166720622468,1649265644244.09
130,United States,2017,North America,7.98,3888.30564548,2445132.0,82.058,77.0329386939218,19477336549000.0
131,Austria,2017,Western Europe,8.42,66.554708,22256.0,58.094,62.5629819342208,417261151844.981
132,Denmark,2017,Western Europe,9.22,33.823852,2653.0,87.757,64.906321442337,332121063806.391
133,Finland,2017,Western Europe,9.03,83.468382,10362.0,85.325,59.7642078470709,255647979916.473
134,France,2017,Western Europe,7.8,454.23484,35464.9,80.18,70.2853682807471,2595151045197.67
135,Germany,2017,Western Europe,8.61,540.634873,131204.0,77.261,61.79703473353,3690849152517.69
136,Greece,2017,Western Europe,7.29,55.649167,358.0,78.724,69.6626665148474,199844406013.533
137,Ireland,2017,Western Europe,9.15,27.025035,100.0,62.947,55.1823755154498,336377500160.549
138,Italy,2017,Western Europe,7.98,304.722482,22335.0,70.144,66.4310597164747,1961796197354.37
139,Luxembourg,2017,Western Europe,8.81,6.484742,213.657253404,90.727,80.0810053034631,65712180342.9842
140,Netherlands,2017,Western Europe,8.89,111.808284,6467.0,91.077,70.066626385566,833869641687.068
141,Norway,2017,Western Europe,9.87,123.252004,4040.0,81.871,56.2861277546919,401745275035.261
142,Portugal,2017,Western Europe,7.84,48.125497,2742.0,64.652,65.3623519314207,221357874718.932
143,Spain,2017,Western Europe,8.08,247.677537,10507.0,80.08,67.817843047522,1313245330197.66
144,Sweden,2017,Western Europe,9.39,132.484364,21838.0,87.146,65.0889041390294,541018749769.097
145,Switzerland,2017,Western Europe,9.03,56.394007,11653.0,73.761,72.0901165918966,695200833086.499
146,United Kingdom,2017,Western Europe,8.53,312.481032,17166.930314851,83.143,70.9073058712485,2683488510504.04
147,Albania,2017,Central and Eastern Europe,5.98,6.119331,25.3,59.383,47.9695558116737,13019726211.7369
148,Armenia,2017,Central and Eastern Europe,4.11,5.57268,689.46,63.103,50.7652583569469,11527458712.6187
149,Azerbaijan,2017,Central and Eastern Europe,2.65,19.53536,4633.0,55.343,37.5760970630301,40866632047.8414
150,Belarus,2017,Central and Eastern Europe,3.13,32.16826,48538.0,78.134,47.6339978061051,54725311690.0478
151,Bosnia and Herzegovina,2017,Central and Eastern Europe,4.87,12.20166,1130.1,47.876,54.4500616892548,18326376394.0796
152,Bulgaria,2017,Central and Eastern Europe,7.03,31.474095,3931.0,74.669,57.9822662387322,59343060705.828
153,Croatia,2017,Central and Eastern Europe,6.63,16.482476,2592.0,56.667,59.797608033383,55937483557.9256
154,Estonia,2017,Central and Eastern Europe,7.79,7.988344,2325.0,68.717,60.3672359550675,26924385103.0662
155,Georgia,2017,Central and Eastern Europe,5.93,11.21232,2963.0,58.231,60.2635814099545,16242647229.7398
156,Hungary,2017,Central and Eastern Europe,6.64,40.424479,11344.565,71.062,55.8863241343543,143112196040.326
157,Kazakhstan,2017,Central and Eastern Europe,3.06,86.824,262097.5,57.336,57.304415099355,166805788966.78
158,Kyrgyzstan,2017,Central and Eastern Europe,5.11,11.23434,935.0,36.135,49.9324474240762,7702938395.18458
159,Latvia,2017,Central and Eastern Europe,7.25,6.633562,15014.0,68.075,64.7639548327734,30483806017.8321
160,Lithuania,2017,Central and Eastern Europe,7.41,10.872258,15414.0,67.516,60.4381268302661,47758736931.7805
161,Moldova,2017,Central and Eastern Europe,5.94,5.667,987.0,42.557,53.1080578877536,9519053158.46404
162,Montenegro,2017,Central and Eastern Europe,5.69,3.00358,168.9,66.477,60.1290365800584,4856602178.63413
163,North Macedonia,2017,Central and Eastern Europe,5.57,6.222653,277.0,57.748,54.5391890711302,11307067000.7188
164,Poland,2017,Central and Eastern Europe,6.67,147.072108,54797.0,60.105,55.9066146054507,524641206562.004
165,Romania,2017,Central and Eastern Europe,6.44,49.091003,13782.0,53.936,56.9099211772579,210147181055.277
166,Russia,2017,Central and Eastern Europe,3.17,920.425948,2491875.9,74.292,56.032768470393,1574199355092.71
167,Serbia,2017,Central and Eastern Europe,6.41,29.380551,3288.0,55.942,50.9309854982256,44179075778.9267
168,Slovakia,2017,Central and Eastern Europe,7.16,27.15571,8486.0,53.751,58.7828762288151,95649966260.981
169,Slovenia,2017,Central and Eastern Europe,7.5,13.656989,5128.0,54.273,56.7017943803145,48589100043.0958
170,Tajikistan,2017,Central and Eastern Europe,1.93,13.68914,165.0,26.982,38.8761886138283,7536403146.68377
171,Turkmenistan,2017,Central and Eastern Europe,1.72,15.092114,13327.0,51.153,41.8383028732428,37926285714.2857
172,Ukraine,2017,Central and Eastern Europe,5.69,123.70406,191914.1,69.246,50.9587159917712,112090503817.399
173,Uzbekistan,2017,Central and Eastern Europe,1.95,47.59489,22940.0,50.55,36.8221241022285,62081322741.1228
174,Argentina,2017,Latin America and the Caribbean,6.96,125.838716,8377.0,91.749,57.3499373815692,643628396190.388
175,Chile,2017,Latin America and the Caribbean,7.84,73.04019,3760.2204401392,87.49,58.2768071532191,276364936832.331
176,Mexico,2017,Latin America and the Caribbean,6.41,265.574923,86316.0,79.867,60.1465918626474,1158912015259.01
177,Australia,2017,Asia and Australasia,9.09,238.498993,431307.31114667,85.904,67.0055855376421,1326467487376.42
178,China,2017,Asia and Australasia,3.1,6057.175784,2696220.0,57.96,52.6847365342399,12310491176727.3
179,India,2017,Asia and Australasia,7.23,1228.624117295,620175.0,33.6,47.6708899684162,2651474263257.15
180,Indonesia,2017,Asia and Australasia,6.39,232.14794,13396.0,54.659,43.6140553296427,1015618744168.15
181,Japan,2017,Asia and Australasia,7.88,965.224223,21663.0,91.535,69.5357755666973,4930837369151.42
182,Malaysia,2017,Asia and Australasia,6.54,143.768566,1234.0,75.447,51.8820155184897,319109103242.055
183,Mongolia,2017,Asia and Australasia,6.5,6.257344,13493.0,68.363,42.3762941538337,11480847740.0839
184,New Zealand,2017,Asia and Australasia,9.26,40.366810443,3618.534146,86.466,65.125950692961,206556258844.567
185,Pakistan,2017,Asia and Australasia,4.26,111.02,5031.0,36.442,53.249254299638,339205536454.445
186,South Korea,2017,Asia and Australasia,8.0,520.97747,8229.0,81.503,54.8477903393924,1623901496835.79
187,Vietnam,2017,Asia and Australasia,3.08,176.08334,3574.0,35.213,42.5807189654118,281353626107.245
188,Algeria,2017,Middle East and North Africa,3.56,60.28346,1009.0,72.052,47.6352837566253,170096989042.831
189,Iran,2017,Middle East and North Africa,2.45,268.628759,30299.0,74.394,50.6626622977994,486630147094.69
190,Israel,2017,Middle East and North Africa,7.79,59.572281,1380.5,92.336,70.5551971150267,358245427458.541
191,Morocco,2017,Middle East and North Africa,4.87,31.2688,3896.0,61.908,53.0987601129781,118540574727.552
192,Tunisia,2017,Middle East and North Africa,6.32,15.63152,679.0,68.642,60.267825294207,42163530590.9462
193,Cameroon,2017,Sub-Saharan Africa,3.61,6.061043,841.569,55.777,50.3626877993823,36098547058.7877
194,Gabon,2017,Sub-Saharan Africa,3.61,2.212454,3276.0,88.976,42.6496912552085,14929487495.759
195,Zambia,2017,Sub-Saharan Africa,5.68,12.502605,297.0,42.976,52.0938849633709,25873601260.8353
196,Canada,2016,North America,9.15,548.451276,396806.0,81.3,67.9588532993538,1527994741907.43
197,United States,2016,North America,7.98,3921.11069944,2314693.0,81.862,77.4396929034265,18695110842000.0
198,Austria,2016,Western Europe,8.41,65.552597,21361.0,57.905,62.6034907780993,395837353031.51
199,Denmark,2016,Western Europe,9.2,33.381757,2575.0,87.642,65.1493643146997,313115929314.339
200,Finland,2016,Western Europe,9.03,83.376716,9455.0,85.275,60.343052069254,240771351298.84
201,France,2016,Western Europe,7.92,457.025221,34699.8,79.917,70.505418442713,2472964344587.23
202,Germany,2016,Western Europe,8.63,539.79954,128866.0,77.224,61.770609364732,3469853463945.63
203,Greece,2016,Western Europe,7.23,55.27019,254.0,78.387,69.1742353624456,193148146586.938
204,Ireland,2016,Western Europe,9.15,26.412548,101.0,62.737,55.0036132521084,299091127524.513
205,Italy,2016,Western Europe,7.98,298.250334,22712.0,69.855,66.6499821793636,1877071687633.83
206,Luxembourg,2016,Western Europe,8.81,6.447818,201.499302247,90.46,79.1113386071195,62216885435.9505
207,Netherlands,2016,Western Europe,8.8,111.029976,6641.0,90.635,70.2177071083397,784060430240.101
208,Norway,2016,Western Europe,9.93,121.910002,3823.0,81.485,57.9316984565321,370956547619.048
209,Portugal,2016,Western Europe,7.86,47.819042,2622.0,64.086,65.4706663840203,206426152308.937
210,Spain,2016,Western Europe,8.3,241.446785,10644.0,79.84,67.9270831463901,1233554967011.71
211,Sweden,2016,Western Europe,9.39,132.513653,21406.0,86.852,65.4676263881273,515654671469.547
212,Switzerland,2016,Western Europe,9.09,56.112644,12447.0,73.739,72.2578917141274,687895460902.713
213,United Kingdom,2016,Western Europe,8.36,317.459384217,17053.216554029,82.886,71.0727541072319,2699659680997.2
214,Albania,2016,Central and Eastern Europe,5.91,7.50528,8.8,58.421,46.697168516495,11861199830.8396
215,Armenia,2016,Central and Eastern Europe,3.88,5.29114,658.0,63.082,49.9105094267778,10546136240.3952
216,Azerbaijan,2016,Central and Eastern Europe,2.65,20.23628,5192.0,55.021,38.6924660572079,37867007022.7844
217,Belarus,2016,Central and Eastern Europe,3.54,31.6923,41107.0,77.661,48.5228912363479,47723549319.0842
218,Bosnia and Herzegovina,2016,Central and Eastern Europe,4.87,11.87153,1142.0,47.518,54.1748786471522,17116926092.3905
219,Bulgaria,2016,Central and Eastern Europe,7.01,30.268008,3434.0,74.329,57.61131473786,53987487124.3421
220,Croatia,2016,Central and Eastern Europe,6.75,15.776593,2160.0,56.403,59.4468768761217,52391038979.0338
221,Estonia,2016,Central and Eastern Europe,7.85,7.881563,2339.0,68.563,60.0342193801611,24072829276.775
222,Georgia,2016,Central and Eastern Europe,5.93,10.48284,3424.0,57.837,61.5043531644157,15141598622.5692
223,Hungary,2016,Central and Eastern Europe,6.72,39.036661,10527.534,70.779,55.4480547863755,128609822750.039
224,Kazakhstan,2016,Central and Eastern Europe,3.06,83.02252,236971.7,57.264,57.857435042574,137278320084.171
225,Kyrgyzstan,2016,Central and Eastern Europe,4.93,10.51692,807.0,35.944,50.1483211681284,6813095396.14317
226,Latvia,2016,Central and Eastern Europe,7.31,6.591053,15873.0,68.021,65.5907669619449,28083597512.4849
227,Lithuania,2016,Central and Eastern Europe,7.47,10.530611,13790.0,67.366,60.9366060491549,43047309305.7375
228,Moldova,2016,Central and Eastern Europe,6.01,5.428,790.0,42.511,53.7937240113846,7982450758.03213
229,Montenegro,2016,Central and Eastern Europe,5.72,2.81212,112.5,66.141,59.5984484392845,4376929571.63114
230,North Macedonia,2016,Central and Eastern Europe,5.23,6.32001,222.0,57.563,53.5495422792727,10672467073.2873
231,Poland,2016,Central and Eastern Europe,6.83,144.484086,50650.0,60.178,54.8663531557491,470024559638.496
232,Romania,2016,Central and Eastern Europe,6.62,47.641488,13535.0,53.9,55.1122937885678,185287615324.922
233,Russia,2016,Central and Eastern Europe,3.24,911.41306,2342589.5,74.164,57.0123251525122,1276786344534.27
234,Serbia,2016,Central and Eastern Europe,6.57,28.859205,3087.0,55.81,50.3152527612622,40692661657.284
235,Slovakia,2016,Central and Eastern Europe,7.29,26.12642,9111.0,53.806,58.5354072297394,89952699524.8965
236,Slovenia,2016,Central and Eastern Europe,7.51,13.15711,4360.0,54.02,56.6683555366033,44766722790.5838
237,Tajikistan,2016,Central and Eastern Europe,1.89,12.959,228.3,26.851,37.1585846399819,6992416096.89018
238,Turkmenistan,2016,Central and Eastern Europe,1.83,15.09196,13327.0,50.728,38.0400180104745,36169428571.4286
239,Ukraine,2016,Central and Eastern Europe,5.7,133.20646,187557.0,69.154,49.9142479962203,93355868977.6619
240,Uzbekistan,2016,Central and Eastern Europe,1.95,45.406223,22937.0,50.65,39.0199518935618,86138288633.2241
241,Argentina,2016,Latin America and the Caribbean,6.96,128.457123,8529.0,91.627,56.1222358547004,557532317363.451
242,Chile,2016,Latin America and the Caribbean,7.78,73.852143,4076.755917,87.422,58.9826363325677,249298706449.182
243,Mexico,2016,Latin America and the Caribbean,6.47,263.298089,84683.0,79.577,60.7620854448008,1078493059306.95
244,Australia,2016,Asia and Australasia,9.01,231.72609,413490.0,85.8,68.2177422176747,1206562910556.58
245,Bangladesh,2016,Asia and Australasia,5.73,58.132,1053.0,35.083,51.2078039865767,265236389198.948
246,China,2016,Asia and Australasia,3.18,5585.625151,2379230.0,56.736,52.3620909629531,11233314018690.1
247,India,2016,Asia and Australasia,7.81,1161.543070205,654481.0,33.182,47.7494012899424,2294796889945.04
248,Indonesia,2016,Asia and Australasia,6.97,221.40104,11120.0,53.989,43.6417488094502,931877364033.902
249,Japan,2016,Asia and Australasia,7.99,956.720654,21265.0,91.457,69.8870573141604,5003677627544.24
250,Malaysia,2016,Asia and Australasia,6.54,137.13874,1349.0,74.84,52.5314244518403,301255332137.075
251,Mongolia,2016,Asia and Australasia,6.62,5.9351,12371.0,68.297,45.875564032704,11181350649.2247
252,New Zealand,2016,Asia and Australasia,9.26,39.964020287,4189.628417,86.4,65.6962963236026,188838342527.975
253,Pakistan,2016,Asia and Australasia,4.33,100.566,4774.0,36.234,52.747401539414,313629998960.445
254,South Korea,2016,Asia and Australasia,7.92,516.627693,8414.0,81.562,55.3586393130986,1500111596236.37
255,Vietnam,2016,Asia and Australasia,3.38,161.25212,3190.0,34.51,42.8544981993655,257096001174.075
256,Algeria,2016,Middle East and North Africa,3.56,55.82304,885.0,71.459,49.2931825299243,160034212613.438
257,Iran,2016,Middle East and North Africa,2.34,252.252,27243.0,73.88,52.5223787113108,457954614595.24
258,Israel,2016,Middle East and North Africa,7.85,58.9424,1404.4,92.256,69.3104997307966,322102790386.835
259,Morocco,2016,Middle East and North Africa,4.77,29.85,3831.0,61.36,53.3932404781727,111572946646.535
260,Tunisia,2016,Middle East and North Africa,6.4,15.31688,667.0,68.346,59.702065971293,44360065796.6202
261,Gabon,2016,Sub-Saharan Africa,3.74,2.10568,2058.0,88.559,41.7428124794395,14023890263.875
262,Canada,2015,North America,9.08,543.406076,412985.0,81.259,67.0009977683349,1556508816217.14
263,United States,2015,North America,8.05,3914.29917567,2547253.0,81.671,76.7423962861671,18206020741000.0
264,Austria,2015,Western Europe,8.54,64.664019,20814.0,57.715,62.8806356002249,381971148530.543
265,Denmark,2015,Western Europe,9.11,33.120167,2603.0,87.526,65.8338124329574,302673070846.857
266,Finland,2015,Western Europe,9.03,80.790649,8468.0,85.225,60.8226695366275,234534382384.766
267,France,2015,Western Europe,7.92,450.044349,36328.056893,79.655,70.2087214887702,2439188643162.5
268,Germany,2015,Western Europe,8.64,537.623698,116632.0,77.2,62.1545645004593,3357585719351.56
269,Greece,2015,Western Europe,7.45,52.580293,294.0,78.046,69.9937499738829,195683527003.375
270,Ireland,2015,Western Europe,8.85,25.779363,96.0,62.538,53.8066109735054,291775166506.891
271,Italy,2015,Western Europe,7.98,300.060217,20781.0,69.565,66.9714230482283,1836637711060.55
272,Luxembourg,2015,Western Europe,8.88,6.30309,206.945675,90.179,79.7312744577697,60071584216.1375
273,Netherlands,2015,Western Europe,8.92,111.085837,6545.0,90.173,70.0646949020881,765572770634.375
274,Norway,2015,Western Europe,9.93,120.062,3631.0,81.091,55.9833722181738,388159512245.53
275,Portugal,2015,Western Europe,7.79,47.319549,2661.0,63.514,65.5290250615427,199394066525.44
276,Spain,2015,Western Europe,8.3,239.498544,10812.0,79.602,67.9981856835966,1196156971279.69
277,Sweden,2015,Western Europe,9.45,129.694994,20699.0,86.553,65.3037575666534,505103781349.757
278,Switzerland,2015,Western Europe,9.09,55.903907,12431.0,73.718,72.031712565285,694118186379.628
279,United Kingdom,2015,Western Europe,8.31,320.635534,19342.444761281,82.626,70.5714425522567,2934857946213.47
280,Albania,2015,Central and Eastern Europe,5.91,5.98605,23.124,57.434,46.2844425914396,11386853143.152
281,Armenia,2015,Central and Eastern Europe,4.0,5.32894,640.0,63.085,48.2126693907876,10553337527.7745
282,Azerbaijan,2015,Central and Eastern Europe,2.71,20.27446,6210.0,54.714,39.9959543949982,53076244754.5037
283,Belarus,2015,Central and Eastern Europe,3.62,31.7157,40785.0,77.181,47.7421866310755,56454895054.6555
284,Bosnia and Herzegovina,2015,Central and Eastern Europe,4.83,11.44932,1286.0,47.173,54.9288362525282,16404352155.614
285,Bulgaria,2015,Central and Eastern Europe,7.14,29.719049,3650.0,73.99,58.2883825965819,50828088835.9428
286,Croatia,2015,Central and Eastern Europe,6.93,15.729444,2183.0,56.155,59.5103778796869,50742086222.907
287,Estonia,2015,Central and Eastern Europe,7.85,7.679151,3114.0,68.416,59.9946528009154,22890762090.1508
288,Georgia,2015,Central and Eastern Europe,5.88,9.93326,4261.25,57.448,62.0191542655076,14953675992.6704
289,Hungary,2015,Central and Eastern Europe,6.84,38.433949,10009.615,70.5,54.0817040067795,125174166987.372
290,Kazakhstan,2015,Central and Eastern Europe,3.06,81.52606,235580.4,57.191,59.297627869996,184388404428.843
291,Kyrgyzstan,2015,Central and Eastern Europe,5.33,10.6802,918.0,35.777,52.1498322606782,6678177483.42949
292,Latvia,2015,Central and Eastern Europe,7.37,6.554824,18906.0,67.98,65.3608035381228,27263090547.0617
293,Lithuania,2015,Central and Eastern Europe,7.54,10.022145,14036.0,67.23,59.905017707796,41435533340.3883
294,Moldova,2015,Central and Eastern Europe,6.35,5.674,963.0,42.49,53.3342064591852,7798692878.40136
295,Montenegro,2015,Central and Eastern Europe,6.01,2.83828,111.9,65.806,60.2777607516407,4054728172.94375
296,North Macedonia,2015,Central and Eastern Europe,6.02,6.756922,278.0,57.408,53.7301817323071,10064519962.5655
297,Poland,2015,Central and Eastern Europe,7.09,137.874268,50602.9,60.278,55.0897401181337,477111287969.227
298,Romania,2015,Central and Eastern Europe,6.68,46.906554,13673.0,53.887,52.6021284872954,177883897811.434
299,Russia,2015,Central and Eastern Europe,3.31,891.82394,2304758.6,74.05,56.1424909689074,1363482179761.17
300,Serbia,2015,Central and Eastern Europe,6.71,28.454154,3248.0,55.696,50.8666401669851,39655949731.3816
301,Slovakia,2015,Central and Eastern Europe,7.29,25.526914,8439.0,53.889,57.271204739812,88900883130.8374
302,Slovenia,2015,Central and Eastern Europe,7.57,12.934633,4175.0,53.781,56.3359515251486,43107506024.3254
303,Tajikistan,2015,Central and Eastern Europe,1.95,12.97528,317.0,26.742,39.1778381962344,8271431932.43678
304,Turkmenistan,2015,Central and Eastern Europe,1.83,15.09196,13327.0,50.317,36.4001308869185,35799714285.7143
305,Ukraine,2015,Central and Eastern Europe,5.7,133.6114,195054.0,69.061,51.1686439927907,91030968761.4155
306,Uzbekistan,2015,Central and Eastern Europe,1.95,44.243956,22935.0,50.75,39.1570431690355,86196264741.9423
307,Argentina,2015,Latin America and the Caribbean,7.02,128.650162,8274.0,91.503,55.8149012843362,594749285413.212
308,Chile,2015,Latin America and the Caribbean,7.84,68.654957,4085.724617,87.36,58.3447093583013,242496655711.515
309,Mexico,2015,Latin America and the Caribbean,6.55,256.556957,82712.0,79.285,61.0447802221286,1171870072962.76
310,Australia,2015,Asia and Australasia,9.01,219.056959,401600.0,85.701,67.2328367127558,1350580336316.75
311,Bangladesh,2015,Asia and Australasia,5.73,48.25778,694.0,34.308,53.7138319423318,195078574089.067
312,China,2015,Asia and Australasia,3.14,5273.535637,2375430.0,55.5,50.7716451484828,11061573199439.7
313,India,2015,Asia and Australasia,7.74,1093.537703844,681696.0,32.777,47.7837481204463,2103588347241.77
314,Indonesia,2015,Asia and Australasia,7.03,208.10663,10057.0,53.313,43.3090809246806,860854232717.853
315,Japan,2015,Asia and Australasia,7.96,962.442903,21519.0,91.381,69.7955308631099,4444930651964.18
316,Malaysia,2015,Asia and Australasia,6.43,133.2845,1474.0,74.213,52.0139839408985,301354783698.72
317,Mongolia,2015,Asia and Australasia,6.62,5.77675,11462.59,68.23,46.1686156081763,11619892592.6599
318,New Zealand,2015,Asia and Australasia,9.26,40.436370625,4348.553709,86.341,65.9548053575625,178064471137.921
319,Pakistan,2015,Asia and Australasia,4.4,95.57,3301.0,36.026,52.1605178411229,270556104886.456
320,South Korea,2015,Asia and Australasia,7.97,505.535225,9479.0,81.634,55.5765055725491,1465773245547.15
321,Sri Lanka,2015,Asia and Australasia,6.42,11.80048,127.39,18.256,54.2106196151911,85140955516.7505
322,Vietnam,2015,Asia and Australasia,3.53,144.73546,4125.4,33.809,42.1930128036701,239258340825.533
323,Algeria,2015,Middle East and North Africa,3.95,53.45544,1011.0,70.848,48.5191656206549,165979224316.667
324,Iran,2015,Middle East and North Africa,2.16,236.544,25014.0,73.358,55.1819574554845,408212917871.725
325,Israel,2015,Middle East and North Africa,7.77,56.565,1155.0,92.179,68.4517438629767,303414276832.04
326,Morocco,2015,Middle East and North Africa,4.66,28.957414,4748.521,60.809,52.2029571874719,110413820681.034
327,Tunisia,2015,Middle East and North Africa,6.72,15.08776,664.0,68.056,58.945784735786,45779494041.9295
328,Gabon,2015,Sub-Saharan Africa,3.76,1.90918,2727.0,88.118,39.0291929804191,14383107763.1182
329,Canada,2014,North America,9.08,559.348308,414069.0,81.218,64.9019974464847,1805749878439.94
330,United States,2014,North America,8.11,3914.50680973,2702736.0,81.483,75.8275409731137,17550680174000.0
331,Austria,2014,Western Europe,8.54,63.511077,20746.0,57.526,62.6537932745237,442584815286.027
332,Denmark,2014,Western Europe,9.11,32.738528,2453.0,87.41,65.5986076830489,352993631617.708
333,Finland,2014,Western Europe,9.03,81.369693,9596.0,85.175,60.7355350730073,274862826772.152
334,France,2014,Western Europe,8.04,440.727747,32596.0,79.394,70.3461075978072,2855964488590.14
335,Germany,2014,Western Europe,8.64,534.052503,112629.0,77.19,62.1085730487151,3889093051023.45
336,Greece,2014,Western Europe,7.45,51.306551,343.0,77.702,70.5923231974077,235458133124.604
337,Ireland,2014,Western Europe,8.72,25.025564,100.0,62.34,65.9628018924465,259170903647.532
338,Italy,2014,Western Europe,7.85,293.964149,20157.0,69.272,67.0857037729254,2162009615996.51
339,Luxembourg,2014,Western Europe,8.88,6.24657,208.0,89.884,78.2098746195357,68804811897.6434
340,Netherlands,2014,Western Europe,8.92,110.229709,6169.0,89.69,69.910357972482,892167986713.708
341,Norway,2014,Western Europe,9.93,117.052003,3682.0,80.692,53.4347468005324,501736471832.848
342,Portugal,2014,Western Europe,7.79,46.552783,2438.0,62.936,66.321756754671,229901964221.881
343,Spain,2014,Western Europe,8.05,234.45356,10303.0,79.366,68.4714819176299,1371820537888.6
344,Sweden,2014,Western Europe,9.73,127.258633,21296.0,86.247,65.681751583503,581964017237.095
345,Switzerland,2014,Western Europe,9.09,55.095366,12313.0,73.696,71.7487842365361,726537808338.0
346,United Kingdom,2014,Western Europe,8.31,314.402287,22143.367020006,82.365,70.2527395190214,3065223279583.79
347,Albania,2014,Central and Eastern Europe,5.67,6.62569,39.887,56.423,45.7823916634714,13228147516.1168
348,Armenia,2014,Central and Eastern Europe,4.13,5.29666,786.0,63.112,47.4130437470384,11609513241.0754
349,Azerbaijan,2014,Central and Eastern Europe,2.83,19.59206,7371.0,54.422,33.6158646831859,75239737488.8044
350,Belarus,2014,Central and Eastern Europe,3.69,32.76518,44997.0,76.693,45.6520929770784,78812785767.7483
351,Bosnia and Herzegovina,2014,Central and Eastern Europe,4.78,11.3385,1313.0,46.84,56.7834626353011,18558731212.8666
352,Bulgaria,2014,Central and Eastern Europe,6.73,30.8615,3439.0,73.651,58.7293538023114,57159557804.6461
353,Croatia,2014,Central and Eastern Europe,6.93,15.27506,2119.0,55.923,59.7075336944105,59214461630.3993
354,Estonia,2014,Central and Eastern Europe,7.74,7.584939,3256.0,68.269,59.2651688982357,26634083965.0983
355,Georgia,2014,Central and Eastern Europe,5.82,9.81484,4987.5,57.067,61.6501734995502,17627336228.0536
356,Hungary,2014,Central and Eastern Europe,6.9,37.195955,10158.0,70.227,54.8695649072555,141033843265.669
357,Kazakhstan,2014,Central and Eastern Europe,3.17,81.76284,214110.9,57.118,54.8385964696408,221415614007.347
358,Kyrgyzstan,2014,Central and Eastern Europe,5.24,11.11856,1010.0,35.635,50.6119382870719,7468102369.13654
359,Latvia,2014,Central and Eastern Europe,7.48,6.665335,19441.0,67.952,65.5721951788134,31386896487.0402
360,Lithuania,2014,Central and Eastern Europe,7.54,9.872046,14307.0,67.108,59.4997073779012,48533659592.1728
361,Moldova,2014,Central and Eastern Europe,6.32,5.628,1182.0,42.496,51.5066274945247,9399833207.49341
362,Montenegro,2014,Central and Eastern Europe,5.94,2.64474,94.4,65.471,58.5542415358125,4593852089.09567
363,North Macedonia,2014,Central and Eastern Europe,6.25,7.00808,411.0,57.284,53.8266326277266,11362265293.5581
364,Poland,2014,Central and Eastern Europe,7.47,134.189713,50073.0,60.403,55.5582540257516,539080532037.142
365,Romania,2014,Central and Eastern Europe,6.68,48.14312,12264.0,53.9,50.9139954706131,199713780259.318
366,Russia,2014,Central and Eastern Europe,3.39,892.8323,2298564.1,73.95,55.6848306883462,2059241582146.11
367,Serbia,2014,Central and Eastern Europe,6.71,28.10828,2988.0,55.583,51.6924775663593,47062202241.4378
368,Slovakia,2014,Central and Eastern Europe,7.35,25.19853,8829.0,54.0,57.0196469301544,101437045019.899
369,Slovenia,2014,Central and Eastern Europe,7.57,12.599574,4110.0,53.557,56.2884748834919,49997186439.0908
370,Tajikistan,2014,Central and Eastern Europe,2.37,11.8934,391.0,26.655,41.1105011545958,9112606074.51713
371,Turkmenistan,2014,Central and Eastern Europe,1.83,13.425,11992.0,49.921,31.0349553384283,43524210526.3158
372,Ukraine,2014,Central and Eastern Europe,5.42,143.32786,211233.0,68.968,54.1589184045774,133503867181.971
373,Uzbekistan,2014,Central and Eastern Europe,2.45,42.748766,22932.0,50.85,39.3947149528111,80845385816.2062
374,Argentina,2014,Latin America and the Caribbean,6.84,123.61153,8893.0,91.377,52.9405434663365,526319673731.638
375,Chile,2014,Latin America and the Caribbean,7.8,64.915875,4103.932874,87.303,57.1528758804213,259405194672.935
376,Mexico,2014,Latin America and the Caribbean,6.68,248.333396,79855.0,78.993,60.2053984962698,1315356131262.48
377,Australia,2014,Asia and Australasia,9.01,232.303085,367700.0,85.602,65.687599814087,1467589901175.46
378,Bangladesh,2014,Asia and Australasia,5.78,48.034271,677.0,33.535,53.6357543166708,172885432686.945
379,China,2014,Asia and Australasia,3.0,5078.71756,2753020.0,54.259,48.270940494346,10475624783235.6
380,India,2014,Asia and Australasia,7.92,1041.945748669,665810.0,32.384,47.8224137558964,2039126469963.35
381,Indonesia,2014,Asia and Australasia,6.95,202.66545,9884.0,52.635,42.2421853142869,890814755511.291
382,Japan,2014,Asia and Australasia,8.08,983.904336,21029.0,91.304,70.8840213488149,4896994405353.29
383,Malaysia,2014,Asia and Australasia,6.49,126.83982,1741.0,73.577,50.1226904594272,338066121289.413
384,Mongolia,2014,Asia and Australasia,6.62,5.58422,12474.0,68.163,45.8242152647271,12226514666.0404
385,New Zealand,2014,Asia and Australasia,9.26,39.800604632,4492.652586,86.281,65.534264639222,201313497220.917
386,Pakistan,2014,Asia and Australasia,4.64,90.143952,1090.0,35.819,51.7012468410797,244360858682.762
387,South Korea,2014,Asia and Australasia,8.06,504.727892,9564.0,81.707,55.6449944715975,1484318219633.63
388,Vietnam,2014,Asia and Australasia,3.41,122.0132,4251.9,33.115,40.9236156459995,233451484773.974
389,Algeria,2014,Middle East and North Africa,3.83,49.20572,928.0,70.221,43.8892415970237,213809980720.787
390,Iran,2014,Middle East and North Africa,1.98,233.224,24461.0,72.83,49.3556902392447,460382791488.626
391,Israel,2014,Middle East and North Africa,7.63,54.275,1165.4,92.104,68.1995728505208,314330061977.263
392,Morocco,2014,Middle East and North Africa,4.0,28.428414,5383.499,60.256,54.7549862499925,119130845829.482
393,Tunisia,2014,Middle East and North Africa,6.31,14.9375,870.0,67.772,57.5059874486204,50271812920.612
394,Gabon,2014,Sub-Saharan Africa,3.76,1.85748,2447.0,87.651,32.6789965337499,18203966900.4404
395,Madagascar,2014,Sub-Saharan Africa,4.42,1.87283,122.335,34.534,50.8124409885075,12522957401.0395
396,Canada,2013,North America,9.08,560.744571,386266.0,81.178,65.1674412760895,1846597421834.98
397,United States,2013,North America,8.11,3876.510978475,2541354.0,81.299,75.8160535750448,16843190993000.0
398,Austria,2013,Western Europe,8.48,64.531622,19564.0,57.336,62.3265831085282,430190979705.965
399,Denmark,2013,Western Europe,9.38,33.320282,2448.0,87.292,65.1508646705488,343584391647.927
400,Finland,2013,Western Europe,9.03,82.172823,9470.0,85.125,60.4426368312606,271362405890.591
401,France,2013,Western Europe,7.92,465.150496,32230.0,79.135,70.3036904121455,2811876903329.05
402,Germany,2013,Western Europe,8.31,544.830313,112613.0,77.18,62.1917939779821,3733804649549.06
403,Greece,2013,Western Europe,7.65,50.60603,238.0,77.355,70.2070407669638,238907690051.132
404,Ireland,2013,Western Europe,8.68,24.843758,99.0,62.141,66.5019943319421,238340859896.939
405,Italy,2013,Western Europe,7.85,299.787771,19037.0,68.979,66.6853159566512,2141924094298.57
406,Luxembourg,2013,Western Europe,8.88,6.250793,218.0,89.574,78.9577970757573,65203276466.9768
407,Netherlands,2013,Western Europe,8.84,112.388697,6078.0,89.187,69.0706368108433,877172824534.519
408,Norway,2013,Western Europe,9.93,119.567004,3513.0,80.286,52.0575277437559,526014468085.106
409,Portugal,2013,Western Europe,7.65,46.739815,2290.0,62.352,66.9012206060792,226433858005.716
410,Spain,2013,Western Europe,8.02,237.070861,9366.0,79.133,68.5015925704214,1355579535912.56
411,Sweden,2013,Western Europe,9.73,129.519072,20970.0,85.936,65.2103725379453,586841821796.891
412,Switzerland,2013,Western Europe,9.09,57.029035,11812.0,73.674,71.3873520943911,706234937370.968
413,United Kingdom,2013,Western Europe,8.31,327.229419,22401.431120115,82.102,70.0500926894298,2786315215249.95
414,Albania,2013,Central and Eastern Europe,5.67,7.25992,23.0,55.387,44.6069895033751,12776224537.2743
415,Armenia,2013,Central and Eastern Europe,4.02,5.19162,851.0,63.164,45.749756861728,11121464429.703
416,Azerbaijan,2013,Central and Eastern Europe,3.06,18.38626,7958.0,54.145,30.9140283936613,74160553008.7311
417,Belarus,2013,Central and Eastern Europe,3.04,32.62946,43818.0,76.199,45.4221296473698,75527537703.1836
418,Bosnia and Herzegovina,2013,Central and Eastern Europe,5.02,11.6261,1243.0,46.519,56.1571217988708,18179104548.8804
419,Bulgaria,2013,Central and Eastern Europe,6.83,30.39022,3246.0,73.313,58.1843324965328,55844245263.8012
420,Croatia,2013,Central and Eastern Europe,6.93,15.46068,2086.0,55.706,59.4915931115126,59363124068.5843
421,Estonia,2013,Central and Eastern Europe,7.61,7.468914,4722.0,68.122,59.1738872380965,25115753366.1116
422,Georgia,2013,Central and Eastern Europe,5.95,9.09772,5539.6,56.685,62.1873808716089,17190068235.7892
423,Hungary,2013,Central and Eastern Europe,6.96,36.487384,9722.0,69.953,55.4836611068505,135684315697.713
424,Kazakhstan,2013,Central and Eastern Europe,3.06,85.28706,229142.2,57.046,53.1795606876032,236634603927.583
425,Kyrgyzstan,2013,Central and Eastern Europe,4.69,10.86716,1002.0,35.517,49.6332622937347,7335033799.26212
426,Latvia,2013,Central and Eastern Europe,7.05,6.632849,19532.0,67.925,64.7953735129573,30204783461.8488
427,Lithuania,2013,Central and Eastern Europe,7.54,9.617756,13344.0,66.986,59.7291014742459,46523420074.4372
428,Moldova,2013,Central and Eastern Europe,6.32,5.533,1227.0,42.527,52.7992027050012,9496717700.89855
429,Montenegro,2013,Central and Eastern Europe,5.94,2.73154,104.7,65.137,58.5665762869738,4465771672.62001
430,North Macedonia,2013,Central and Eastern Europe,6.16,7.08494,421.0,57.189,54.8447770531849,10817702423.7886
431,Poland,2013,Central and Eastern Europe,7.12,133.268691,50881.0,60.529,56.6101638769028,515762008468.811
432,Romania,2013,Central and Eastern Europe,6.54,46.71562,12941.0,53.937,50.5506545330935,189789277576.061
433,Russia,2013,Central and Eastern Europe,3.59,882.92126,2172685.0,73.863,56.1216045452739,2292470104248.18
434,Serbia,2013,Central and Eastern Europe,6.67,28.99582,3022.0,55.469,50.366398118684,48394239474.6762
435,Slovakia,2013,Central and Eastern Europe,7.35,26.015999,8494.0,54.14,59.6111733923039,98935222174.8611
436,Slovenia,2013,Central and Eastern Europe,7.88,12.625558,3799.0,53.332,56.9733918873238,48415657264.8762
437,Ukraine,2013,Central and Eastern Europe,5.84,151.73284,224434.0,68.875,56.6426976003131,190498811460.028
438,Argentina,2013,Latin America and the Caribbean,6.84,117.67703,9746.0,91.249,53.9190936666216,552025140252.246
439,Chile,2013,Latin America and the Caribbean,7.8,65.047152,3981.463012,87.246,57.2209852364053,277239473853.807
440,Mexico,2013,Latin America and the Caribbean,6.91,244.726501,77717.0,78.699,61.1063920156291,1274443916251.64
441,Australia,2013,Asia and Australasia,9.13,217.885825,319000.0,85.502,66.2516319578678,1576329690003.93
442,Bangladesh,2013,Asia and Australasia,5.86,43.003294,525.0,32.762,53.3901814201826,149990529207.544
443,China,2013,Asia and Australasia,3.0,4846.24602,2917390.0,53.013,46.8804015015283,9570470577244.86
444,India,2013,Asia and Australasia,7.69,946.327616898,649645.0,32.003,46.6987147694118,1856721494834.64
445,Japan,2013,Asia and Australasia,8.08,979.909071,21071.0,91.226,71.6207726116305,5212328181166.18
446,Malaysia,2013,Asia and Australasia,6.49,126.84968,1760.0,72.93,49.9447288177857,323276281683.441
447,Mongolia,2013,Asia and Australasia,6.51,5.15832,12077.0,68.097,44.7170657991051,12582122604.1921
448,New Zealand,2013,Asia and Australasia,9.26,39.463744785,4679.200692,86.221,64.431061071424,190906575136.003
449,Pakistan,2013,Asia and Australasia,4.64,88.421295,419.241,35.613,52.0095126268531,231218467669.571
450,South Korea,2013,Asia and Australasia,8.06,497.599475,10459.0,81.779,55.2136030251747,1370795199976.18
451,Sri Lanka,2013,Asia and Australasia,5.69,10.46356,133.0,18.198,54.515555670243,77000578207.3909
452,Vietnam,2013,Asia and Australasia,3.29,107.12432,3733.0,32.429,40.542008594313,213708830776.947
453,Iran,2013,Middle East and North Africa,1.98,215.70767,22400.0,72.295,47.6419116595481,492775566435.176
454,Israel,2013,Middle East and North Africa,7.53,54.079,1058.0,92.031,67.6881938331752,297732778479.129
455,Sudan,2013,Middle East and North Africa,2.54,7.86686,33.9,33.507,45.8278881004255,66027147864.7915
456,Gabon,2013,Sub-Saharan Africa,3.76,1.75382,2613.0,87.156,29.6057833629131,17595744803.6041
457,Canada,2012,North America,9.08,539.186083,368297.0,81.137,65.1632411251064,1828366481521.6
458,United States,2012,North America,8.11,3838.802726345,2500300.0,81.119,76.1638003426071,16253972230000.0
459,Austria,2012,Western Europe,8.62,64.017145,19499.0,57.147,62.0008552248552,409401816050.531
460,Denmark,2012,Western Europe,9.52,33.322868,2278.0,87.142,64.2842658064722,327148943812.137
461,Finland,2012,Western Europe,9.06,82.769807,9275.0,84.841,60.6893258454911,258290060227.734
462,France,2012,Western Europe,7.88,460.679742,32539.0,78.878,70.2794996562626,2683671716967.19
463,Germany,2012,Western Europe,8.34,546.28479,110065.0,77.17,61.6867311888275,3527143188785.16
464,Greece,2012,Western Europe,7.65,53.828754,283.0,77.004,69.9535938502724,242029307133.408
465,Ireland,2012,Western Europe,8.56,24.613475,91.0,61.942,65.4341027164255,225628699652.993
466,Italy,2012,Western Europe,7.74,309.529113,20244.0,68.684,66.4430892019109,2086957656821.6
467,Luxembourg,2012,Western Europe,8.88,6.289836,231.0,89.249,78.8749543859531,59776383527.3602
468,Netherlands,2012,Western Europe,8.99,112.999435,6142.0,88.588,68.7276213462876,838923319919.531
469,Norway,2012,Western Europe,9.93,118.688001,3582.0,79.874,51.0970868383772,512777309840.997
470,Portugal,2012,Western Europe,7.92,47.513047,2421.0,61.763,66.4363902533881,216224240577.957
471,Spain,2012,Western Europe,8.02,245.509489,9390.0,78.902,68.5308174539135,1324750738725.0
472,Sweden,2012,Western Europe,9.73,132.516952,22043.0,85.62,64.1626721908073,552483727282.802
473,Switzerland,2012,Western Europe,9.09,56.690307,11061.0,73.653,71.4871665189024,686420221557.99
474,United Kingdom,2012,Western Europe,8.21,328.261434,21466.803050594,81.837,70.4834871451244,2706340967030.68
475,Albania,2012,Central and Eastern Europe,5.67,6.78935,25.0,54.33,44.9546859982398,12319834233.2904
476,Armenia,2012,Central and Eastern Europe,4.09,5.04306,867.0,63.24,45.6989324054448,10619320692.8087
477,Azerbaijan,2012,Central and Eastern Europe,3.15,17.79298,8212.0,53.883,29.2082924610503,69679913509.9091
478,Belarus,2012,Central and Eastern Europe,3.04,33.12424,48475.0,75.697,43.293602989098,65685903570.4526
479,Bosnia and Herzegovina,2012,Central and Eastern Europe,5.11,11.90898,1150.0,46.199,56.7861598346331,17226736284.8232
480,Bulgaria,2012,Central and Eastern Europe,6.72,31.1471,2908.0,72.975,57.1834660168583,54290156342.3767
481,Croatia,2012,Central and Eastern Europe,6.93,15.70014,2332.0,55.506,59.9395389329872,57231455635.3668
482,Estonia,2012,Central and Eastern Europe,7.61,7.533739,5129.0,67.974,58.8032706055731,23019150071.1867
483,Georgia,2012,Central and Eastern Europe,5.53,8.46768,5976.0,56.303,61.723343849739,16488819132.8835
484,Hungary,2012,Central and Eastern Europe,6.96,36.870306,9230.0,69.678,55.270886469535,128814279315.132
485,Kazakhstan,2012,Central and Eastern Europe,2.95,81.81538,232939.6,56.973,51.3898529954355,207998568865.789
486,Kyrgyzstan,2012,Central and Eastern Europe,4.69,9.94266,922.7,35.423,51.0390815511772,6605142864.372
487,Latvia,2012,Central and Eastern Europe,7.05,6.902188,21867.0,67.897,64.4217336303228,28169902669.3784
488,Lithuania,2012,Central and Eastern Europe,7.24,9.543548,14172.0,66.864,58.4765689410136,42927454291.478
489,Moldova,2012,Central and Eastern Europe,6.32,6.199,960.0,42.558,54.4511648315395,8709138767.2078
490,Montenegro,2012,Central and Eastern Europe,6.05,3.26498,73.0,64.804,61.524820075707,4087525609.43086
491,North Macedonia,2012,Central and Eastern Europe,6.16,7.31192,423.0,57.125,56.3116157384889,9745261300.57788
492,Poland,2012,Central and Eastern Europe,7.12,129.291424,48903.0,60.654,55.180410469394,495230574356.743
493,Romania,2012,Central and Eastern Europe,6.54,48.91808,13472.0,53.974,49.4243151151828,179132893143.417
494,Russia,2012,Central and Eastern Europe,3.74,890.80348,2222388.391,73.791,54.5096468230661,2208293528673.97
495,Serbia,2012,Central and Eastern Europe,6.33,29.00426,2769.0,55.356,50.9624906225178,43309252921.0567
496,Slovakia,2012,Central and Eastern Europe,7.35,24.975069,7591.0,54.28,58.1683410601142,94623731085.6106
497,Slovenia,2012,Central and Eastern Europe,7.88,12.577595,3470.0,53.108,57.4621016276821,46577793184.0031
498,Tajikistan,2012,Central and Eastern Europe,2.51,13.69456,554.9,26.545,43.5186695830833,7633036366.03492
499,Turkmenistan,2012,Central and Eastern Europe,1.72,11.736,11992.0,49.175,24.9186772835219,35164210526.3158
500,Ukraine,2012,Central and Eastern Europe,5.91,154.12248,237722.0,68.782,54.4753052575019,182591746211.418
501,Uzbekistan,2012,Central and Eastern Europe,1.72,40.8123,22686.4,51.05,39.3875670838463,67517349212.0609
502,Argentina,2012,Latin America and the Caribbean,6.84,117.71058,10583.0,91.121,53.6581179163924,545982375701.128
503,Chile,2012,Latin America and the Caribbean,7.54,62.728116,4089.738747,87.189,56.2982132532287,267175870677.659
504,Mexico,2012,Latin America and the Caribbean,6.9,241.758528,79353.0,78.405,59.9972480582014,1201093787127.42
505,Australia,2012,Asia and Australasia,9.22,220.378073,290570.0,85.402,65.1707532982797,1546952690139.99
506,Bangladesh,2012,Asia and Australasia,5.86,40.035069,582.0,31.993,53.1515772370168,133355819704.936
507,China,2012,Asia and Australasia,3.0,4439.87758,2918709.0,51.765,45.463305387599,8532185615746.62
508,India,2012,Asia and Australasia,7.52,891.71308,667607.0,31.634,46.3011472886457,1827637579584.79
509,Japan,2012,Asia and Australasia,8.08,1000.306711,20471.0,91.148,71.7471232811569,6272362996105.03
510,Malaysia,2012,Asia and Australasia,6.41,119.31794,1564.0,72.275,49.0223958354783,314443061220.138
511,Mongolia,2012,Asia and Australasia,6.35,4.20158,12143.0,68.03,46.8583779005002,12292770631.1967
512,New Zealand,2012,Asia and Australasia,9.26,40.146826589,4768.056076,86.161,65.1016833035234,176206659722.524
513,Pakistan,2012,Asia and Australasia,4.57,82.098,402.481,35.408,51.5739405881326,224383544087.452
514,South Korea,2012,Asia and Australasia,8.13,492.878837,10271.0,81.851,55.0732047534656,1278427634342.59
515,Sri Lanka,2012,Asia and Australasia,5.75,10.16774,142.4,18.196,54.204493062591,70447217163.6167
516,Vietnam,2012,Asia and Australasia,2.89,104.25082,3959.0,31.752,39.1188537769266,195590647205.685
517,Algeria,2012,Middle East and North Africa,3.83,42.8675,1253.0,68.915,40.5044838249536,209059081828.261
518,Iran,2012,Middle East and North Africa,1.98,195.32188,22604.0,71.755,50.4291162835523,644035512198.992
519,Israel,2012,Middle East and North Africa,7.53,56.841,1011.2,91.96,67.972769776588,262282344091.849
520,Sudan,2012,Middle East and North Africa,2.38,7.53598,823.0,33.346,46.0544465200986,63196236489.3704
521,Gabon,2012,Sub-Saharan Africa,3.56,1.65536,2235.0,86.634,27.4556887815273,17170464000.7824
522,Canada,2011,North America,9.08,548.219153,347824.0,81.096,64.7982061516417,1793326630174.52
523,United States,2011,North America,8.11,3886.633789006,2524585.0,80.944,75.9014962160953,15599728123000.0
524,Austria,2011,Western Europe,8.49,63.095032,20345.0,57.115,62.2762436725454,431685217367.514
525,Belgium,2011,Western Europe,8.05,84.733665,6698.0,97.698,67.9727359630266,523330354138.137
526,Denmark,2011,Western Europe,9.52,33.735034,2614.0,86.957,64.7281586144857,344003137611.271
527,Finland,2011,Western Europe,9.06,82.122658,9395.0,84.313,59.3066596632289,275604356167.318
528,France,2011,Western Europe,7.77,449.868447,34202.0,78.622,70.1796908134547,2865157541994.19
529,Germany,2011,Western Europe,8.34,547.112355,113317.0,77.16,61.79435394051,3749314991050.62
530,Greece,2011,Western Europe,7.65,54.080574,352.0,76.649,70.1497275432319,282995942006.559
531,Ireland,2011,Western Europe,8.56,24.834806,105.0,61.742,65.1266727908789,239003132208.134
532,Italy,2011,Western Europe,7.74,315.890681,19787.0,68.444,66.1845859768924,2294994296589.51
533,Luxembourg,2011,Western Europe,8.88,6.560106,270.0,88.906,78.8372958017318,61696281326.2457
534,Netherlands,2011,Western Europe,8.99,114.93244,6378.0,87.879,68.4517320433791,905270626332.693
535,Norway,2011,Western Europe,9.8,114.889083,3574.0,79.455,50.5772565783691,501360549669.404
536,Portugal,2011,Western Europe,7.81,49.573619,2322.0,61.167,66.3460439466341,245117990242.249
537,Spain,2011,Western Europe,8.02,248.817998,9593.0,78.673,67.6938378191383,1480710495710.13
538,Sweden,2011,Western Europe,9.5,129.411058,22864.0,85.297,63.3063074300445,574094112972.733
539,Switzerland,2011,Western Europe,9.09,56.578672,11526.0,73.631,70.7790766642343,715888126682.396
540,United Kingdom,2011,Western Europe,8.16,328.282185,20973.823473378,81.57,70.2853183881131,2666403005061.42
541,Albania,2011,Central and Eastern Europe,5.81,6.54566,50.0,53.247,44.256372325899,12890760272.5584
542,Azerbaijan,2011,Central and Eastern Europe,3.15,14.55992,7845.0,53.637,27.3238354901885,65952763948.839
543,Belarus,2011,Central and Eastern Europe,3.16,32.42488,49414.0,75.188,44.1312307767417,61762340943.0511
544,Bosnia and Herzegovina,2011,Central and Eastern Europe,5.24,11.54542,1018.0,45.878,55.8147274805154,18644239027.714
545,Bulgaria,2011,Central and Eastern Europe,6.78,31.67922,3291.0,72.638,57.589528562081,57735709913.8851
546,Croatia,2011,Central and Eastern Europe,6.73,16.1057,2438.0,55.322,60.3546183211609,62599775593.221
547,Estonia,2011,Central and Eastern Europe,7.61,7.232831,6271.0,67.965,58.2904046085279,23213994093.4632
548,Georgia,2011,Central and Eastern Europe,4.74,8.38176,6054.8,55.919,61.7029126289803,15107482383.3798
549,Hungary,2011,Central and Eastern Europe,7.04,36.669597,9118.0,69.358,55.997679881865,141942264554.475
550,Kazakhstan,2011,Central and Eastern Europe,3.24,76.20982,219739.8,56.9,48.8890328062873,192626464179.147
551,Kyrgyzstan,2011,Central and Eastern Europe,4.34,8.89286,798.3,35.352,47.8653557076126,6197765941.67975
552,Latvia,2011,Central and Eastern Europe,7.05,6.211933,21410.0,67.869,64.1286764110618,27474380566.265
553,Lithuania,2011,Central and Eastern Europe,7.24,9.329059,15088.0,66.741,58.4836119281284,43535051482.3869
554,Moldova,2011,Central and Eastern Europe,6.32,5.995,1196.0,42.589,53.572447894711,8414351671.7241
555,Montenegro,2011,Central and Eastern Europe,6.15,3.46788,136.0,64.472,60.6176340771402,4544429062.57783
556,North Macedonia,2011,Central and Eastern Europe,6.16,7.7135,479.0,57.092,55.0949403902746,10494626767.6445
557,Poland,2011,Central and Eastern Europe,7.12,133.155458,53746.0,60.78,54.1198384955083,524374222547.901
558,Romania,2011,Central and Eastern Europe,6.54,49.76878,14719.0,53.96,42.3314037914978,192613558645.612
559,Russia,2011,Central and Eastern Europe,3.92,870.92041,2127834.572,73.732,53.7975831644875,2045922727569.78
560,Serbia,2011,Central and Eastern Europe,6.33,29.76958,3611.0,55.215,50.263969996013,49258136128.9672
561,Slovakia,2011,Central and Eastern Europe,7.35,25.83218,7960.0,54.42,57.7074567039302,99922685424.8842
562,Slovenia,2011,Central and Eastern Europe,7.76,12.649656,3752.0,52.883,58.1153929608021,51583869785.1853
563,Tajikistan,2011,Central and Eastern Europe,2.51,13.77772,702.9,26.521,42.4317700383425,6522755783.39257
564,Ukraine,2011,Central and Eastern Europe,5.94,156.279,243866.0,68.689,53.5003535486051,169333838743.705
565,Uzbekistan,2011,Central and Eastern Europe,1.74,40.37394,22482.0,51.15,39.260037092941,60178909297.208
566,Argentina,2011,Latin America and the Caribbean,6.84,113.58529,12198.0,90.99,51.8119007511102,530158176673.789
567,Chile,2011,Latin America and the Caribbean,7.54,59.492265,4118.699224,87.132,54.3697640865635,251224856981.294
568,Mexico,2011,Latin America and the Caribbean,6.93,233.949821,79728.0,78.111,59.9124681240829,1180487226406.78
569,Australia,2011,Asia and Australasia,9.22,225.966257,261420.0,85.3,64.6386816722751,1398456161407.85
570,Bangladesh,2011,Asia and Australasia,5.86,37.133816,693.0,31.225,53.045792114203,128637983882.833
571,China,2011,Asia and Australasia,3.14,4182.66356,2946579.0,50.511,44.2930567346312,7551545321799.88
572,India,2011,Asia and Australasia,7.3,841.71238,625723.0,31.276,45.4421452507073,1823051829894.55
573,Japan,2011,Asia and Australasia,8.08,997.232672,19998.0,91.069,71.6911224449386,6233147172341.35
574,Malaysia,2011,Asia and Australasia,6.19,110.24754,1535.0,71.609,47.766725565489,297951667650.449
575,Mongolia,2011,Asia and Australasia,6.23,3.87594,11418.0,67.963,45.7860011361674,10409797375.1152
576,New Zealand,2011,Asia and Australasia,9.26,40.268685763,4178.0,86.1,64.3534796385401,168291357111.739
577,Pakistan,2011,Asia and Australasia,4.55,79.049,1757.0,35.202,50.9280581995181,213587517187.669
578,South Korea,2011,Asia and Australasia,8.06,481.907834,9996.0,81.923,54.6498502596086,1253223044718.99
579,Sri Lanka,2011,Asia and Australasia,6.58,9.78124,153.9,18.211,53.3645298044492,67753284134.9913
580,Thailand,2011,Asia and Australasia,6.55,145.759771444,2562.0,44.698,50.4268099513695,370818735569.86
581,Vietnam,2011,Asia and Australasia,2.96,94.1197,4101.0,31.08,38.9070141058414,172595034069.162
582,Algeria,2011,Middle East and North Africa,3.44,38.13478,1248.0,68.236,40.4668338116543,200013097903.17
583,Iran,2011,Middle East and North Africa,1.98,186.1383,21008.0,71.2,48.7236875755503,626133112211.111
584,Israel,2011,Middle East and North Africa,7.53,53.737,1099.2,91.892,67.614934697186,266791854430.897
585,Morocco,2011,Middle East and North Africa,3.83,26.8711,5976.0,58.581,48.2264357071252,110080631330.061
586,Sudan,2011,Middle East and North Africa,2.38,6.65872,770.0,33.207,38.0051092550931,78402841444.9524
587,Cameroon,2011,Sub-Saharan Africa,3.41,4.64025,1056.962047,52.164,51.7703818829092,30630910513.0616
588,Eswatini,2011,Sub-Saharan Africa,3.26,1.35321,862.0,22.7,50.1546694355647,4820478592.33503
589,Gabon,2011,Sub-Saharan Africa,3.48,1.55748,2417.0,86.092,25.6325683424911,18210307754.4426
590,Mozambique,2011,Sub-Saharan Africa,4.9,11.3398,1193.4,32.336,47.4100849875653,14381552466.6044
591,Canada,2010,North America,9.08,530.103604,332635.0,80.937,65.7334191252823,1617343367486.26
592,United States,2010,North America,8.18,3889.289875723,2468738.0,80.772,76.2772193576192,15048964444000.0
593,Austria,2010,Western Europe,8.49,63.023378,19833.0,57.399,62.2941578518769,392275107258.677
594,Belgium,2010,Western Europe,8.05,87.404352,6264.0,97.651,67.6576340646489,481420882905.012
595,Denmark,2010,Western Europe,9.52,34.154515,2240.0,86.795,65.3884134359863,321995279401.502
596,Finland,2010,Western Europe,9.19,85.465048,9750.0,83.77,58.9429317062022,249424310816.673
597,France,2010,Western Europe,7.77,473.785653,29965.0,78.369,70.6519707170239,2645187882116.73
598,Germany,2010,Western Europe,8.38,553.832042,107317.0,76.966,62.2586569957885,3399667820000.09
599,Greece,2010,Western Europe,7.92,55.42106,601.0,76.292,70.3335389783951,297124961971.508
600,Ireland,2010,Western Europe,8.79,25.537675,92.0,61.542,66.7044197027238,221913560882.372
601,Italy,2010,Western Europe,7.83,311.707063,18616.0,68.327,66.313973852083,2136099955236.72
602,Luxembourg,2010,Western Europe,8.88,6.644866,309.0,88.547,78.9069308415746,56213985987.4181
603,Netherlands,2010,Western Europe,8.99,113.644574,5925.0,87.134,68.372635863996,847380859016.688
604,Norway,2010,Western Europe,9.8,120.145139,3498.0,79.102,52.2863522035994,431052143940.438
605,Portugal,2010,Western Europe,8.02,51.06156,2313.0,60.567,66.0645589650274,238113003233.289
606,Spain,2010,Western Europe,8.16,251.500892,8577.0,78.442,66.2773408258903,1422108199783.37
607,Sweden,2010,Western Europe,9.5,137.256154,23464.0,85.056,62.8301415303025,495812558843.31
608,Switzerland,2010,Western Europe,9.09,57.480367,11074.0,73.607,71.039676798755,598851028906.58
609,United Kingdom,2010,Western Europe,8.16,339.37752,18576.419860376,81.302,70.716722660463,2491397494467.95
610,Albania,2010,Central and Eastern Europe,5.86,4.44145,66.0,52.163,44.0255879707497,11926926654.0521
611,Azerbaijan,2010,Central and Eastern Europe,3.15,13.56822,8250.0,53.406,27.9335923701872,52909294791.9262
612,Belarus,2010,Central and Eastern Europe,3.34,31.71764,46224.0,74.672,43.474996157587,57231904542.8755
613,Bosnia and Herzegovina,2010,Central and Eastern Europe,5.32,11.06712,877.0,45.558,55.5086556716057,17176320823.1892
614,Bulgaria,2010,Central and Eastern Europe,6.84,30.18372,3064.0,72.302,59.4952030897006,50754203890.7341
615,Croatia,2010,Central and Eastern Europe,6.81,16.27512,2618.0,55.155,60.0072350828542,58693611581.162
616,Estonia,2010,Central and Eastern Europe,7.68,7.503114,6638.0,68.094,59.9220424685995,19523477325.6235
617,Georgia,2010,Central and Eastern Europe,4.59,7.62158,6227.5,55.535,63.0792425853283,12243219360.2985
618,Hungary,2010,Central and Eastern Europe,7.21,36.354719,8809.0,68.911,56.6584293529587,132175349953.713
619,Kazakhstan,2010,Central and Eastern Europe,3.3,72.61356,210713.3,56.827,51.6800394874896,148047348240.643
620,Kyrgyzstan,2010,Central and Eastern Europe,4.31,7.30248,737.7,35.306,49.3384967869844,4794361821.20611
621,Latvia,2010,Central and Eastern Europe,7.05,6.228351,17179.0,67.841,64.4882844850558,23956163076.5575
622,Lithuania,2010,Central and Eastern Europe,7.24,9.114739,13431.0,66.757,60.7263016798309,37128694028.243
623,Moldova,2010,Central and Eastern Europe,6.33,7.107,959.0,42.62,54.5367158254819,6974982391.40094
624,Montenegro,2010,Central and Eastern Europe,6.27,3.25268,150.0,64.14,58.6420871078913,4142983897.83334
625,North Macedonia,2010,Central and Eastern Europe,6.16,7.08726,525.0,57.089,55.0944897735173,9407170388.83362
626,Poland,2010,Central and Eastern Europe,7.05,130.15379,48795.0,60.892,55.2719385820096,475696613935.595
627,Romania,2010,Central and Eastern Europe,6.6,48.34224,12375.0,53.829,45.9850837339635,170029359010.667
628,Russia,2010,Central and Eastern Europe,4.26,860.18224,2011308.0,73.687,53.120212239735,1524916698232.71
629,Serbia,2010,Central and Eastern Europe,6.33,29.08208,3522.0,54.993,51.6954275224558,41819468691.8251
630,Slovakia,2010,Central and Eastern Europe,7.35,25.113489,8105.0,54.685,58.456533093816,91162836320.3524
631,Slovenia,2010,Central and Eastern Europe,7.69,12.093544,3421.0,52.658,58.7564554734751,48208240226.4512
632,Tajikistan,2010,Central and Eastern Europe,2.51,14.0849,808.4,26.52,45.0918966612836,5642221528.67114
633,Turkmenistan,2010,Central and Eastern Europe,1.72,11.1244,11765.0,48.491,28.1435350051273,22583157894.7368
634,Ukraine,2010,Central and Eastern Europe,6.3,152.5179,218083.0,68.596,55.4893203103736,141209163012.941
635,Uzbekistan,2010,Central and Eastern Europe,1.74,39.11402,22281.8,50.956,39.8595567411616,49765676402.4495
636,Argentina,2010,Latin America and the Caribbean,6.84,111.17157,12112.0,90.849,51.4951802052167,423627422092.49
637,Chile,2010,Latin America and the Caribbean,7.67,54.331829,3833.633027,87.074,53.8127811770917,217105434199.5
638,Mexico,2010,Latin America and the Caribbean,6.93,219.213769,78770.0,77.815,60.3628174693829,1057800597973.65
639,Australia,2010,Asia and Australasia,9.22,219.107043,258624.0,85.182,65.7208456638219,1148569537284.62
640,Bangladesh,2010,Asia and Australasia,5.87,34.166931,710.0,30.462,53.4982962820487,115279077465.226
641,China,2010,Asia and Australasia,3.14,3716.55362,2764413.0,49.226,44.1769919215134,6087191720866.69
642,India,2010,Asia and Australasia,7.28,727.51078,600548.0,30.93,45.0337495626191,1675615502766.2
643,Indonesia,2010,Asia and Australasia,6.53,145.0577,7166.0,49.914,40.6659902908934,755094157594.248
644,Japan,2010,Asia and Australasia,8.08,1032.074897,20398.0,90.812,70.5441965333058,5759071769013.11
645,Malaysia,2010,Asia and Australasia,6.19,109.84376,1482.69,70.912,48.4774187579282,255017645207.18
646,Mongolia,2010,Asia and Australasia,6.36,3.79464,10287.0,67.567,44.8404932199456,7189482000.66686
647,New Zealand,2010,Asia and Australasia,9.26,40.468790895,3919.0,86.16,64.3988944733503,146517541181.254
648,South Korea,2010,Asia and Australasia,8.11,458.783746,9452.0,81.936,54.6983573101453,1144066965324.49
649,Thailand,2010,Asia and Australasia,6.55,146.11250505,2701.0,43.856,49.5560986644794,341104766329.17
650,Vietnam,2010,Asia and Australasia,2.94,85.90512,3901.0,30.417,40.6273644146763,147201164066.172
651,Algeria,2010,Middle East and North Africa,3.44,33.8405,1281.0,67.54,39.2460399660962,161207306304.794
652,Egypt,2010,Middle East and North Africa,3.07,143.928,1592.136,43.019,46.2327200397812,218983666061.706
653,Iran,2010,Middle East and North Africa,1.94,182.7144,21779.374,70.626,51.1373145239641,486807616896.703
654,Iraq,2010,Middle East and North Africa,4.0,34.09488,249.463,69.103,39.6860480275684,138516722649.573
655,Israel,2010,Middle East and North Africa,7.48,52.977,1062.0,91.826,66.8450886410418,238364092298.023
656,Jordan,2010,Middle East and North Africa,3.74,12.51676,344.1,86.088,59.1152821637538,27133804225.3521
657,Morocco,2010,Middle East and North Africa,3.79,24.8441,5572.0,58.018,47.1661102421743,100865325482.244
658,Saudi Arabia,2010,Middle East and North Africa,1.84,204.27298,1852.472,82.084,38.6088911857732,528207298529.872
659,Sudan,2010,Middle East and North Africa,2.42,6.04718,925.0,33.089,30.8333184053026,74151157011.5251
660,Syria,2010,Middle East and North Africa,2.31,33.58574,2206.297,55.6,50.1345026330765,252518218262.806
661,Tunisia,2010,Middle East and North Africa,2.79,13.09958,2024.481,66.657,55.8976948687167,46206091937.9628
662,Cameroon,2010,Sub-Saharan Africa,3.41,5.1236,1081.346693,51.559,50.6327279312031,27507501809.2414
663,Eswatini,2010,Sub-Saharan Africa,2.9,1.2819,776.0,22.48,49.552576625361,4438765109.49036
664,Gabon,2010,Sub-Saharan Africa,3.29,1.48786,2238.0,85.533,30.8276344945018,14372593013.8124
665,Mauritania,2010,Sub-Saharan Africa,3.86,0.747,7535.7,46.588,39.9492728035458,5628878865.99027
666,Mozambique,2010,Sub-Saharan Africa,4.9,10.55386,1009.8,31.83,46.9588167199704,11104649065.1649
667,Canada,2008,North America,9.07,559.070389,334824.0,80.578,62.7344542075025,1552989690721.65
668,United States,2008,North America,8.22,3867.360635155,2594631.0,80.438,74.6195360403017,14769857911000.0
669,Austria,2008,Western Europe,8.49,63.38822,21915.0,57.966,61.0266320776577,432051935642.945
670,Belgium,2008,Western Europe,8.16,85.33778,8469.0,97.555,66.9573617790939,517328087920.078
671,Denmark,2008,Western Europe,9.52,34.356,1863.0,86.487,62.3366900284927,353358901702.046
672,Finland,2008,Western Europe,9.25,83.7973,10777.0,83.299,56.2247445499704,285716311136.719
673,France,2008,Western Europe,8.07,462.5325,40436.0,77.868,69.6540318613919,2930303780828.12
674,Germany,2008,Western Europe,8.82,549.904,115652.0,76.575,62.2231385161536,3745264093617.19
675,Greece,2008,Western Europe,8.13,59.65142,786.0,75.568,69.8913824635763,355908689477.445
676,Ireland,2008,Western Europe,9.01,26.355,103.0,61.141,62.5731441921768,275447471451.063
677,Italy,2008,Western Europe,7.98,314.60706,21981.0,68.092,64.7279409151643,2408655348718.59
678,Luxembourg,2008,Western Europe,9.1,6.44188,280.0,87.8,76.8613570571973,58844277701.5258
679,Netherlands,2008,Western Europe,9.53,112.91308,6984.0,85.402,66.2228560656862,951869997864.062
680,Norway,2008,Western Europe,9.68,115.65264,3622.0,78.526,48.1731871166054,464917553191.489
681,Portugal,2008,Western Europe,8.05,48.67142,2549.0,59.359,64.8391188297629,263416394624.084
682,Spain,2008,Western Europe,8.45,258.78754,10662.0,77.976,63.5010333101706,1631863493552.34
683,Sweden,2008,Western Europe,9.88,133.41521,22924.0,84.746,62.4989120091623,517706214656.407
684,Switzerland,2008,Western Europe,9.15,56.52986,12265.0,73.556,69.5719138580679,567273005013.434
685,United Kingdom,2008,Western Europe,8.15,343.63429,21076.885656054,80.757,69.9201811960217,2931683721186.75
686,Albania,2008,Central and Eastern Europe,5.91,5.06626,52.0,49.991,44.6991512719816,12881352878.2501
687,Azerbaijan,2008,Central and Eastern Europe,3.19,16.69734,10021.0,52.99,23.4420936188872,48851318825.7152
688,Belarus,2008,Central and Eastern Europe,3.34,31.03038,48994.0,73.726,37.9914446940769,60752177438.8895
689,Bosnia and Herzegovina,2008,Central and Eastern Europe,5.7,10.56564,1242.0,44.92,53.651324367079,19112801196.8583
690,Bulgaria,2008,Central and Eastern Europe,7.02,31.71058,4693.0,71.622,53.2162517660805,54480697770.0773
691,Croatia,2008,Central and Eastern Europe,7.04,16.00566,3312.0,54.819,57.9687986824283,68342061762.0017
692,Estonia,2008,Central and Eastern Europe,7.68,7.88696,5943.0,68.351,59.5514014147496,24341678628.9732
693,Georgia,2008,Central and Eastern Europe,4.62,7.09154,6529.4,54.765,60.7122448872602,12795147991.8388
694,Hungary,2008,Central and Eastern Europe,7.44,37.72184,9874.0,67.943,56.4601527254515,158325583917.574
695,Kazakhstan,2008,Central and Eastern Europe,3.45,69.05298,215110.6,56.682,52.104868253495,133441649221.732
696,Kyrgyzstan,2008,Central and Eastern Europe,4.05,7.132,945.5,35.285,45.8087821868921,5139958956.02388
697,Latvia,2008,Central and Eastern Europe,7.23,6.84128,19581.0,67.834,65.3283734867085,35854274228.9139
698,Lithuania,2008,Central and Eastern Europe,7.36,9.9867,14748.0,66.848,57.246401239777,47797551587.8823
699,Moldova,2008,Central and Eastern Europe,6.5,8.346,2873.0,42.682,56.4299847430152,6054824433.05825
700,Montenegro,2008,Central and Eastern Europe,6.43,3.47366,185.9,63.475,55.2396907581915,4545674527.61096
701,North Macedonia,2008,Central and Eastern Europe,6.21,7.26374,743.0,57.175,55.1066547759647,9909552355.61558
702,Poland,2008,Central and Eastern Europe,7.3,132.251356,52043.0,61.116,55.9839168742917,533599853342.51
703,Romania,2008,Central and Eastern Europe,7.06,50.264,15236.0,53.567,46.6271335701713,214317174116.581
704,Russia,2008,Central and Eastern Europe,4.48,857.29781,2116240.0,73.598,50.6956877766979,1660848058303.11
705,Serbia,2008,Central and Eastern Europe,6.49,28.93598,4339.0,54.55,48.5590013109068,52194221468.5007
706,Slovakia,2008,Central and Eastern Europe,7.33,26.42378,9299.0,55.111,54.5298058183947,100879902984.983
707,Slovenia,2008,Central and Eastern Europe,7.96,13.2981,3520.0,52.209,55.9348307841295,55779427739.6609
708,Turkmenistan,2008,Central and Eastern Europe,1.72,10.58878,11547.0,47.868,27.2151968870022,19271523178.8079
709,Ukraine,2008,Central and Eastern Europe,6.94,152.487,257006.0,68.325,52.878376373485,188110375778.931
710,Uzbekistan,2008,Central and Eastern Europe,1.74,32.9016,23432.4,49.989,41.3540741805193,29549438883.8338
711,Argentina,2008,Latin America and the Caribbean,6.63,103.69982,12025.0,90.53,50.2551922042782,361558037110.419
712,Mexico,2008,Latin America and the Caribbean,6.78,204.56938,74582.0,77.222,59.522316216063,1109987401386.38
713,Australia,2008,Asia and Australasia,9.09,214.640056,218684.0,84.943,64.4789946682068,1055686110665.53
714,Bangladesh,2008,Asia and Australasia,5.52,28.035,870.0,28.968,52.932121684056,91631278239.3237
715,China,2008,Asia and Australasia,3.04,3070.853,2510628.0,46.539,42.8597797907776,4594336785737.67
716,India,2008,Asia and Australasia,7.8,629.04,521371.0,30.246,45.8825499070063,1198895147694.77
717,Indonesia,2008,Asia and Australasia,6.34,127.3824,5452.0,48.335,37.457515026462,510228634992.258
718,Japan,2008,Asia and Australasia,8.25,954.104,22256.0,89.103,70.2614584639798,5106679413137.57
719,Malaysia,2008,Asia and Australasia,6.36,84.0136,1350.0,69.225,43.9481056537511,230811591306.52
720,Mongolia,2008,Asia and Australasia,6.6,3.6513,8261.0,65.581,39.6705514673849,5623216609.65069
721,New Zealand,2008,Asia and Australasia,9.19,39.2620513957806,4556.0,86.28,64.3305914279379,133131369930.414
722,Pakistan,2008,Asia and Australasia,4.46,68.559,6187.0,34.59,53.1065433626515,170077814106.305
723,South Korea,2008,Asia and Australasia,8.01,402.89236,11566.0,81.733,56.1872404353949,1047339041903.85
724,Vietnam,2008,Asia and Australasia,2.53,66.1187,4106.0,29.128,42.5091596964692,99130304099.1274
725,Algeria,2008,Middle East and North Africa,3.32,30.49982,1562.16,66.097,33.3851848981103,171000699876.747
726,Egypt,2008,Middle East and North Africa,3.89,110.3652,3840.367,43.058,46.6682970407594,162818181818.182
727,Iran,2008,Middle East and North Africa,2.83,162.10814,22140.0,69.458,48.6423388030411,412336172446.849
728,Iraq,2008,Middle East and North Africa,4.0,19.75297,120.634,68.927,34.2660922981463,131614433712.245
729,Israel,2008,Middle East and North Africa,7.48,48.516,1056.0,91.702,66.6663342876957,220529762562.362
730,Jordan,2008,Middle East and North Africa,3.93,11.28716,449.0,83.692,58.7905592630613,22658730357.2361
731,Morocco,2008,Middle East and North Africa,3.88,21.75128,4959.0,56.886,46.5404621185897,101822906946.027
732,Saudi Arabia,2008,Middle East and North Africa,1.9,174.236,1748.0,81.649,30.5115317296606,519796738631.128
733,Syria,2008,Middle East and North Africa,2.18,29.92976,2370.473,54.875,47.0193132521262,218089977728.285
734,Tunisia,2008,Middle East and North Africa,2.96,11.52436,2073.0,66.093,55.0762394795308,44859452038.1178
735,Cameroon,2008,Sub-Saharan Africa,3.46,4.94168,978.0,50.35,49.5994999239833,27715142005.5704
736,Gabon,2008,Sub-Saharan Africa,3.0,1.444,2485.0,84.359,28.9831186458055,15571348329.2279
737,Mauritania,2008,Sub-Saharan Africa,3.91,0.6508,7565.64,44.788,39.238285130247,5206437120.9471
738,Mozambique,2008,Sub-Saharan Africa,5.49,9.77522,717.7,30.832,46.9248407238138,12556173242.7736
739,South Africa,2008,Sub-Saharan Africa,7.91,213.62507,113342.0,61.154,61.5371405407045,316131245860.682
740,Canada,2006,North America,9.07,550.193991,341514.0,80.213,62.7231931063883,1319264809590.97
741,United States,2006,North America,8.22,3817.374049601,2586836.0,80.099,73.7013684205001,13815586948000.0
742,Austria,2006,Western Europe,8.69,62.95548,20980.0,58.532,60.7033786497088,336280064332.411
743,Belgium,2006,Western Europe,8.15,85.5111,8587.0,97.454,66.148949028376,408259840868.823
744,Denmark,2006,Western Europe,9.52,34.97284,1885.0,86.098,60.9398964996145,282885978374.285
745,Finland,2006,Western Europe,9.25,87.1797,11060.0,83.037,54.9529488655095,217089269791.764
746,France,2006,Western Europe,8.07,447.83318,41179.0,77.377,68.7173829411125,2320536221304.7
747,Germany,2006,Western Europe,8.82,548.7564,107008.0,76.179,62.7234306606068,2994703642023.53
748,Greece,2006,Western Europe,8.13,55.8125,662.0,74.827,65.4215157397564,273546728473.073
749,Ireland,2006,Western Europe,9.01,25.08454,207.0,60.738,56.9183200417932,232180617162.279
750,Italy,2006,Western Europe,7.73,313.76748,22907.0,67.856,64.2518182031302,1949551719389.64
751,Luxembourg,2006,Western Europe,9.1,6.44118,441.0,87.009,75.9521165224508,42910146296.0646
752,Netherlands,2006,Western Europe,9.66,109.85752,6289.0,83.636,65.905848299364,733955269898.823
753,Norway,2006,Western Europe,9.55,110.46378,3351.0,77.95,47.8463695198508,346913357588.358
754,Portugal,2006,Western Europe,8.16,48.03012,2529.0,58.137,62.9469119325051,208756449275.848
755,Spain,2006,Western Europe,8.34,251.56151,11599.0,77.502,60.0397679670619,1260398977831.76
756,Sweden,2006,Western Europe,9.88,135.60741,22271.0,84.43,62.0527871637855,423090618042.966
757,Switzerland,2006,Western Europe,9.02,55.65783,12466.0,73.504,69.478997451051,441619409123.416
758,United Kingdom,2006,Western Europe,8.08,348.44823,21918.784355994,80.199,69.4174576005356,2709978165671.04
759,Albania,2006,Central and Eastern Europe,5.91,3.16042,36.0,47.815,43.5234063031734,8896074996.35876
760,Azerbaijan,2006,Central and Eastern Europe,3.31,19.43242,11059.0,52.589,23.3140583158187,20981929497.6188
761,Belarus,2006,Central and Eastern Europe,3.34,30.36508,45723.0,72.816,40.8328812746793,36961822468.2015
762,Bosnia and Herzegovina,2006,Central and Eastern Europe,5.78,8.47288,372.0,44.282,52.5945337136241,12864842268.5435
763,Bulgaria,2006,Central and Eastern Europe,7.1,30.03836,5396.0,70.932,52.9401118883602,34380543845.3973
764,Croatia,2006,Central and Eastern Europe,7.04,14.97544,3305.0,54.483,56.714660163463,49532592592.8832
765,Estonia,2006,Central and Eastern Europe,7.74,7.32888,10418.0,68.607,57.8680559189266,17022870405.2189
766,Georgia,2006,Central and Eastern Europe,4.9,6.69368,7378.7,53.992,55.2244758845242,7745249283.88222
767,Hungary,2006,Central and Eastern Europe,7.53,36.90062,10167.0,66.895,56.1094948127592,115715618613.052
768,Kyrgyzstan,2006,Central and Eastern Europe,4.08,7.101,751.8,35.289,43.3774662763917,2834168893.27265
769,Latvia,2006,Central and Eastern Europe,7.37,6.4277,16831.0,67.967,64.5328113481999,21570076498.6205
770,Lithuania,2006,Central and Eastern Europe,7.43,9.32336,12896.0,66.706,56.3545504022714,30183575103.5262
771,Moldova,2006,Central and Eastern Europe,6.5,9.099,3656.0,42.744,52.6490324887161,3408255364.03198
772,Montenegro,2006,Central and Eastern Europe,6.57,3.66888,133.0,62.803,55.8457229323539,2721903148.91482
773,North Macedonia,2006,Central and Eastern Europe,6.33,6.78346,614.0,57.383,56.2859873372357,6861227018.42078
774,Poland,2006,Central and Eastern Europe,7.3,125.712265,53427.0,61.341,56.1878232443234,344626630395.377
775,Romania,2006,Central and Eastern Europe,7.06,48.882,15791.0,53.305,48.253514239885,122023721512.528
776,Russia,2006,Central and Eastern Europe,5.02,818.24968,1950830.0,73.508,49.7214755623913,989932059220.667
777,Serbia,2006,Central and Eastern Europe,6.62,28.068,4232.0,54.105,47.6008404451722,32482070360.3204
778,Slovakia,2006,Central and Eastern Europe,7.4,25.43634,9988.0,55.412,53.4056262771922,70767338922.4411
779,Slovenia,2006,Central and Eastern Europe,7.96,13.65646,3373.0,51.758,55.6182025482342,39481045038.2637
780,Tajikistan,2006,Central and Eastern Europe,2.45,14.632,1220.1,26.512,40.8678978490016,2830213562.60217
781,Turkmenistan,2006,Central and Eastern Europe,1.83,9.67,10441.0,47.308,45.6114432109308,10276674364.8961
782,Ukraine,2006,Central and Eastern Europe,6.94,147.998,240810.0,67.969,49.823191473546,111884752475.248
783,Uzbekistan,2006,Central and Eastern Europe,1.85,37.197,19281.4,49.021,37.9585228805817,17330833852.919
784,Argentina,2006,Latin America and the Caribbean,6.63,99.04709,12628.0,90.2,48.7491333682456,232557260817.308
785,Brazil,2006,Latin America and the Caribbean,7.38,382.53928,7446.1,83.143,57.1381272037436,1107626711436.44
786,Cuba,2006,Latin America and the Caribbean,3.52,12.86246,1438.9,76.227,73.2716124286159,48835925925.9259
787,Mexico,2006,Latin America and the Caribbean,6.67,196.40852,66163.0,76.616,58.9662559046172,975383402912.585
788,Uruguay,2006,Latin America and the Caribbean,7.96,7.221,304.0,93.553,56.7931196789588,19741420466.5393
789,Venezuela,2006,Latin America and the Caribbean,5.42,78.014,81.07,87.98,36.3493328091066,183477522123.894
790,Australia,2006,Asia and Australasia,9.09,204.131836,189425.0,84.7,63.7261438536636,747907432136.598
791,China,2006,Asia and Australasia,2.97,2523.947,2195441.0,43.868,41.8168419068374,2752118542130.4
792,India,2006,Asia and Australasia,7.68,548.192,439596.0,29.569,44.04323571149,940259888792.141
793,Indonesia,2006,Asia and Australasia,6.41,111.956,4390.0,46.738,40.0826385396719,364570515631.625
794,Japan,2006,Asia and Australasia,8.15,980.61,23192.0,87.118,69.4497937291725,4601662661030.07
795,Malaysia,2006,Asia and Australasia,5.98,75.25478,1572.0,67.483,43.9262781844017,162692260155.07
796,Mongolia,2006,Asia and Australasia,6.6,3.209472483,9218.5,63.535,33.6016996064578,3414055662.58063
797,New Zealand,2006,Asia and Australasia,9.01,39.0518927528228,4312.0,86.4,64.3316434501523,111538810712.665
798,Pakistan,2006,Asia and Australasia,3.92,72.574,5907.0,34.184,52.6313265564449,137264061106.043
799,South Korea,2006,Asia and Australasia,7.88,364.48528,10554.0,81.528,54.6991825290634,1053216892422.02
800,Vietnam,2006,Asia and Australasia,2.75,52.056,3447.0,27.888,42.6884835125499,66371664817.0436
801,Algeria,2006,Middle East and North Africa,3.17,26.91052,1429.0,64.593,30.9590765824366,117027280692.356
802,Egypt,2006,Middle East and North Africa,3.9,96.58724,4188.0,43.073,44.6899951432734,107426086956.522
803,Iran,2006,Middle East and North Africa,2.93,146.07354,20542.0,68.239,49.1253327032366,266298911661.144
804,Iraq,2006,Middle East and North Africa,4.01,25.22542,64.0,68.819,33.2310996364157,65140147197.1215
805,Israel,2006,Middle East and North Africa,7.28,44.30702,1122.5,91.58,66.5936247230075,158670160184.179
806,Morocco,2006,Middle East and North Africa,3.9,19.87216,5744.0,55.746,46.4990239339737,75883820424.0845
807,Saudi Arabia,2006,Middle East and North Africa,1.92,156.75,1272.3,81.204,33.761991763144,376900135720.729
808,Sudan,2006,Middle East and North Africa,2.9,3.413,766.0,32.813,19.855472715377,45263824686.0898
809,Syria,2006,Middle East and North Africa,2.36,27.305,2458.0,54.146,43.5601979606164,153799910913.14
810,Tunisia,2006,Middle East and North Africa,3.06,11.519,2174.0,65.524,56.5741910385915,34376664600.5898
811,Benin,2006,Sub-Saharan Africa,6.16,0.606,36.0,41.049,39.2378743115272,7034111316.29951
812,Botswana,2006,Sub-Saharan Africa,7.6,2.663,674.0,56.4,47.8447642610957,9919158482.41085
813,Burkina Faso,2006,Sub-Saharan Africa,3.72,0.573925,0.737,22.339,47.138528226651,6547419821.69486
814,Cameroon,2006,Sub-Saharan Africa,3.27,3.76074,1136.385798,49.143,47.9296207352522,20910512978.1716
815,Eswatini,2006,Sub-Saharan Africa,2.93,1.382,680.409,21.91,46.9321407014568,3291329938.16407
816,Gabon,2006,Sub-Saharan Africa,2.72,1.299,2202.0,83.107,30.9213104046742,10327598308.5297
817,Ghana,2006,Sub-Saharan Africa,5.35,6.3974,181.0,47.988,45.4706784153831,20885042153.0199
818,Mozambique,2006,Sub-Saharan Africa,5.28,9.5688,775.1,30.182,46.1594278376719,9176896597.16802
819,Senegal,2006,Sub-Saharan Africa,5.37,1.658,384.0,42.124,51.9152517286897,11697918245.3507
