economy,time,NY.GDP.MKTP.CD
ABW,YR2006,2469832402.23464
ABW,YR2007,2677653631.28492
ABW,YR2008,2843016759.77654
ABW,YR2009,2553631284.9162
ABW,YR2010,2453631284.9162
ABW,YR2011,2637988826.81564
ABW,YR2012,2615083798.88268
ABW,YR2013,2727932960.89385
ABW,YR2014,2791061452.51397
ABW,YR2015,2963128491.62011
ABW,YR2016,2983798882.68156
ABW,YR2017,3092178770.94972
ABW,YR2018,3276187709.49721
ABW,YR2019,3395793854.7486
AFE,YR2006,577586931666.752
AFE,YR2007,662868036074.349
AFE,YR2008,710536227816.537
AFE,YR2009,721901168421.28
AFE,YR2010,863519541417.774
AFE,YR2011,967824566958.791
AFE,YR2012,975354777362.368
AFE,YR2013,985987130726.701
AFE,YR2014,1006526390112.83
AFE,YR2015,927348469903.115
AFE,YR2016,885176429223.509
AFE,YR2017,1021043200767.01
AFE,YR2018,1007196197587.41
AFE,YR2019,1000834077088.55
AFG,YR2006,6971383338.70803
AFG,YR2007,9715765105.48016
AFG,YR2008,10249770318.5697
AFG,YR2009,12154835707.8987
AFG,YR2010,15633843661.8051
AFG,YR2011,18190413831.9037
AFG,YR2012,20203572959.5023
AFG,YR2013,20564485419.1684
AFG,YR2014,20550582746.8448
AFG,YR2015,19998143635.873
AFG,YR2016,18019554403.4503
AFG,YR2017,18896353155.8839
AFG,YR2018,18418860354.4238
AFG,YR2019,18904502222.2108
AFW,YR2006,396921040009.472
AFW,YR2007,465485534968.535
AFW,YR2008,567791156729.129
AFW,YR2009,508362731366.626
AFW,YR2010,598521555565.839
AFW,YR2011,682015858791.681
AFW,YR2012,737589473577.072
AFW,YR2013,833948054767.438
AFW,YR2014,894322482190.281
AFW,YR2015,768644740597.116
AFW,YR2016,691363412188.46
AFW,YR2017,684898755570.717
AFW,YR2018,767025741475.038
AFW,YR2019,822538393591.447
AGO,YR2006,52381025105.2177
AGO,YR2007,65266415706.9741
AGO,YR2008,88538664888.1983
AGO,YR2009,70307196477.0815
AGO,YR2010,81699526880.8079
AGO,YR2011,109436566876.419
AGO,YR2012,124998210652.243
AGO,YR2013,133401582620.494
AGO,YR2014,137244439121.374
AGO,YR2015,87219300384.5072
AGO,YR2016,49840491178.1518
AGO,YR2017,68972769395.6274
AGO,YR2018,77792944471.9494
AGO,YR2019,69309110145.7687
ALB,YR2006,8896074996.35876
ALB,YR2007,10677324872.8286
ALB,YR2008,12881352878.2501
ALB,YR2009,12044205572.4342
ALB,YR2010,11926926654.0521
ALB,YR2011,12890760272.5584
ALB,YR2012,12319834233.2904
ALB,YR2013,12776224537.2743
ALB,YR2014,13228147516.1168
ALB,YR2015,11386853143.152
ALB,YR2016,11861199830.8396
ALB,YR2017,13019726211.7369
ALB,YR2018,15156424061.9815
ALB,YR2019,15401826080.5183
AND,YR2006,3456265061.72065
AND,YR2007,3952397734.85484
AND,YR2008,4085781938.51652
AND,YR2009,3674188228.95025
AND,YR2010,3449925738.83342
AND,YR2011,3629133574.51365
AND,YR2012,3188652765.29297
AND,YR2013,3193512950.01572
AND,YR2014,3271685596.5215
AND,YR2015,2789881258.60547
AND,YR2016,2896610479.86779
AND,YR2017,3000162081.22356
AND,YR2018,3218419896.93327
AND,YR2019,3155149347.92151
ARB,YR2006,1545539138979.41
ARB,YR2007,1797932187931.83
ARB,YR2008,2263028942886.32
ARB,YR2009,1987053424430.17
ARB,YR2010,2334637959849.48
ARB,YR2011,2555979378991.65
ARB,YR2012,2801697577805.59
ARB,YR2013,2859669252729.58
ARB,YR2014,2905732745187.01
ARB,YR2015,2554156134622.59
ARB,YR2016,2537536661584.81
ARB,YR2017,2637111521998.13
ARB,YR2018,2843476105063.8
ARB,YR2019,2868890920845.12
ARE,YR2006,222116541865.214
ARE,YR2007,257916133424.098
ARE,YR2008,315474615738.598
ARE,YR2009,253547358747.447
ARE,YR2010,289787452661.675
ARE,YR2011,350666058379.85
ARE,YR2012,384610125391.423
ARE,YR2013,400218529748.128
ARE,YR2014,414105366752.893
ARE,YR2015,370275469571.137
ARE,YR2016,369255326235.534
ARE,YR2017,390516804029.952
ARE,YR2018,427049432157.931
ARE,YR2019,417989721742.682
ARG,YR2006,232557260817.308
ARG,YR2007,287530508430.568
ARG,YR2008,361558037110.419
ARG,YR2009,332976484577.619
ARG,YR2010,423627422092.49
ARG,YR2011,530158176673.789
ARG,YR2012,545982375701.128
ARG,YR2013,552025140252.246
ARG,YR2014,526319673731.638
ARG,YR2015,594749285413.212
ARG,YR2016,557532317363.451
ARG,YR2017,643628396190.388
ARG,YR2018,524819898586.906
ARG,YR2019,447754686715.081
ARM,YR2006,6384452070.74171
ARM,YR2007,9206301264.17572
ARM,YR2008,11662040703.8916
ARM,YR2009,8647937090.63389
ARM,YR2010,9260285762.09704
ARM,YR2011,10142111812.3665
ARM,YR2012,10619320692.8087
ARM,YR2013,11121464429.703
ARM,YR2014,11609513241.0754
ARM,YR2015,10553337527.7745
ARM,YR2016,10546136240.3952
ARM,YR2017,11527458712.6187
ARM,YR2018,12457940705.3088
ARM,YR2019,13619290545.8131
ASM,YR2006,493000000.0
ASM,YR2007,518000000.0
ASM,YR2008,560000000.0
ASM,YR2009,675000000.0
ASM,YR2010,573000000.0
ASM,YR2011,570000000.0
ASM,YR2012,640000000.0
ASM,YR2013,638000000.0
ASM,YR2014,643000000.0
ASM,YR2015,673000000.0
ASM,YR2016,671000000.0
ASM,YR2017,612000000.0
ASM,YR2018,639000000.0
ASM,YR2019,647000000.0
ATG,YR2006,1157662962.96296
ATG,YR2007,1312759259.25926
ATG,YR2008,1370070370.37037
ATG,YR2009,1228329629.62963
ATG,YR2010,1148700000.0
ATG,YR2011,1137637037.03704
ATG,YR2012,1199948148.14815
ATG,YR2013,1181448148.14815
ATG,YR2014,1249733333.33333
ATG,YR2015,1336692592.59259
ATG,YR2016,1436585185.18519
ATG,YR2017,1467955555.55556
ATG,YR2018,1604770370.37037
ATG,YR2019,1675403703.7037
AUS,YR2006,747907432136.598
AUS,YR2007,854427259166.209
AUS,YR2008,1055686110665.53
AUS,YR2009,928629769751.884
AUS,YR2010,1148569537284.62
AUS,YR2011,1398456161407.85
AUS,YR2012,1546952690139.99
AUS,YR2013,1576329690003.93
AUS,YR2014,1467589901175.46
AUS,YR2015,1350580336316.75
AUS,YR2016,1206562910556.58
AUS,YR2017,1326467487376.42
AUS,YR2018,1428266513154.48
AUS,YR2019,1392218527563.26
AUT,YR2006,336280064332.411
AUT,YR2007,389185571506.052
AUT,YR2008,432051935642.945
AUT,YR2009,401758735822.211
AUT,YR2010,392275107258.677
AUT,YR2011,431685217367.514
AUT,YR2012,409401816050.531
AUT,YR2013,430190979705.965
AUT,YR2014,442584815286.027
AUT,YR2015,381971148530.543
AUT,YR2016,395837353031.51
AUT,YR2017,417261151844.981
AUT,YR2018,454991174096.094
AUT,YR2019,444621176100.54
AZE,YR2006,20981929497.6188
AZE,YR2007,33049426816.4448
AZE,YR2008,48851318825.7152
AZE,YR2009,44292408816.638
AZE,YR2010,52909294791.9262
AZE,YR2011,65952763948.839
AZE,YR2012,69679913509.9091
AZE,YR2013,74160553008.7311
AZE,YR2014,75239737488.8044
AZE,YR2015,53076244754.5037
AZE,YR2016,37867007022.7844
AZE,YR2017,40866632047.8414
AZE,YR2018,47112479289.4186
AZE,YR2019,48174235294.1176
BDI,YR2006,1273375078.44844
BDI,YR2007,1356199386.79629
BDI,YR2008,1611835856.59275
BDI,YR2009,1781455140.34202
BDI,YR2010,2032135191.46211
BDI,YR2011,2235820808.72908
BDI,YR2012,2333341334.45753
BDI,YR2013,2451606631.76696
BDI,YR2014,2705783330.38796
BDI,YR2015,3104003545.60675
BDI,YR2016,2644487777.23693
BDI,YR2017,2723586962.18686
BDI,YR2018,2667182198.97925
BDI,YR2019,2576518879.39881
BEL,YR2006,408259840868.823
BEL,YR2007,470922156309.453
BEL,YR2008,517328087920.078
BEL,YR2009,483254171097.812
BEL,YR2010,481420882905.012
BEL,YR2011,523330354138.137
BEL,YR2012,496152879924.727
BEL,YR2013,521791015247.064
BEL,YR2014,535390200131.009
BEL,YR2015,462335574841.484
BEL,YR2016,476062757356.94
BEL,YR2017,502764720556.358
BEL,YR2018,543299066998.892
BEL,YR2019,535865692402.342
BEN,YR2006,7034111316.29951
BEN,YR2007,8169048374.70846
BEN,YR2008,9787734516.74186
BEN,YR2009,9738626509.93368
BEN,YR2010,9535345011.48728
BEN,YR2011,10693321370.0352
BEN,YR2012,11141358105.9864
BEN,YR2013,12517845127.6766
BEN,YR2014,13284527850.2627
BEN,YR2015,11388160997.1088
BEN,YR2016,11821065852.127
BEN,YR2017,12701655845.9622
BEN,YR2018,14262408079.7005
BEN,YR2019,14391686309.0337
BFA,YR2006,6547419821.69486
BFA,YR2007,7625722829.17892
BFA,YR2008,9451435480.94322
BFA,YR2009,9450696866.48276
BFA,YR2010,10109619736.1442
BFA,YR2011,12080295984.7682
BFA,YR2012,12561015145.3925
BFA,YR2013,13444300489.8634
BFA,YR2014,13943016080.2646
BFA,YR2015,11832159315.9778
BFA,YR2016,12833363043.9719
BFA,YR2017,14106955625.3571
BFA,YR2018,15890066209.8959
BFA,YR2019,16178161666.1334
BGD,YR2006,71819083683.7403
BGD,YR2007,79611888213.148
BGD,YR2008,91631278239.3237
BGD,YR2009,102477779060.302
BGD,YR2010,115279077465.226
BGD,YR2011,128637983882.833
BGD,YR2012,133355819704.936
BGD,YR2013,149990529207.544
BGD,YR2014,172885432686.945
BGD,YR2015,195078574089.067
BGD,YR2016,265236389198.948
BGD,YR2017,293754769935.148
BGD,YR2018,321379163135.647
BGD,YR2019,351238397263.802
BGR,YR2006,34380543845.3973
BGR,YR2007,44432811756.4731
BGR,YR2008,54480697770.0773
BGR,YR2009,52023813557.8158
BGR,YR2010,50754203890.7341
BGR,YR2011,57735709913.8851
BGR,YR2012,54290156342.3767
BGR,YR2013,55844245263.8012
BGR,YR2014,57159557804.6461
BGR,YR2015,50828088835.9428
BGR,YR2016,53987487124.3421
BGR,YR2017,59343060705.828
BGR,YR2018,66399602077.1693
BGR,YR2019,68911930627.8977
BHR,YR2006,18504760638.2979
BHR,YR2007,21730000000.0
BHR,YR2008,25710904255.3191
BHR,YR2009,22938218085.1064
BHR,YR2010,25713271276.5957
BHR,YR2011,28776595744.6809
BHR,YR2012,30749308510.6383
BHR,YR2013,32539468085.1064
BHR,YR2014,33387712765.9574
BHR,YR2015,31050638297.8723
BHR,YR2016,32234973404.2553
BHR,YR2017,35473776595.7447
BHR,YR2018,37802005319.1489
BHR,YR2019,38653318085.1064
BHS,YR2006,10167250000.0
BHS,YR2007,10618340000.0
BHS,YR2008,10526000000.0
BHS,YR2009,9981960000.0
BHS,YR2010,10095760000.0
BHS,YR2011,10070450000.0
BHS,YR2012,10720500000.0
BHS,YR2013,10562800000.0
BHS,YR2014,11176100000.0
BHS,YR2015,11672900000.0
BHS,YR2016,11750800000.0
BHS,YR2017,12253500000.0
BHS,YR2018,12653600000.0
BHS,YR2019,13058700000.0
BIH,YR2006,12864842268.5435
BIH,YR2007,15778737117.2987
BIH,YR2008,19112801196.8583
BIH,YR2009,17613946109.0187
BIH,YR2010,17176320823.1892
BIH,YR2011,18644239027.714
BIH,YR2012,17226736284.8232
BIH,YR2013,18179104548.8804
BIH,YR2014,18558731212.8666
BIH,YR2015,16404352155.614
BIH,YR2016,17116926092.3905
BIH,YR2017,18326376394.0796
BIH,YR2018,20484048415.5019
BIH,YR2019,20482603346.4473
BLR,YR2006,36961822468.2015
BLR,YR2007,45275747157.412
BLR,YR2008,60752177438.8895
BLR,YR2009,50873181571.649
BLR,YR2010,57231904542.8755
BLR,YR2011,61762340943.0511
BLR,YR2012,65685903570.4526
BLR,YR2013,75527537703.1836
BLR,YR2014,78812785767.7483
BLR,YR2015,56454895054.6555
BLR,YR2016,47723549319.0842
BLR,YR2017,54725311690.0478
BLR,YR2018,60031163987.191
BLR,YR2019,64410112583.362
BLZ,YR2006,1581000000.0
BLZ,YR2007,1696000000.0
BLZ,YR2008,1729000000.0
BLZ,YR2009,1680500000.0
BLZ,YR2010,1738500000.0
BLZ,YR2011,1819500000.0
BLZ,YR2012,1903000000.0
BLZ,YR2013,2029500000.0
BLZ,YR2014,2138000000.0
BLZ,YR2015,2210500000.0
BLZ,YR2016,2258500000.0
BLZ,YR2017,2286000000.0
BLZ,YR2018,2315000000.0
BLZ,YR2019,2416500000.0
BMU,YR2006,6144000000.0
BMU,YR2007,6767000000.0
BMU,YR2008,6980000000.0
BMU,YR2009,6656000000.0
BMU,YR2010,6634526000.0
BMU,YR2011,6312691000.0
BMU,YR2012,6378188000.0
BMU,YR2013,6465756000.0
BMU,YR2014,6413988000.0
BMU,YR2015,6654541000.0
BMU,YR2016,6899911000.0
BMU,YR2017,7142316000.0
BMU,YR2018,7225977000.0
BMU,YR2019,7423465000.0
BOL,YR2006,11451845378.6897
BOL,YR2007,13120107738.8851
BOL,YR2008,16674276979.4745
BOL,YR2009,17339992193.7322
BOL,YR2010,19649724655.5819
BOL,YR2011,23963162969.3832
BOL,YR2012,27084497481.9103
BOL,YR2013,30659338885.6729
BOL,YR2014,32996188017.3661
BOL,YR2015,33000198248.9146
BOL,YR2016,33941126193.9219
BOL,YR2017,37508642170.767
BOL,YR2018,40287647930.5355
BOL,YR2019,40895322850.9407
BRA,YR2006,1107626711436.44
BRA,YR2007,1397114247287.58
BRA,YR2008,1695855391816.48
BRA,YR2009,1666996294324.76
BRA,YR2010,2208838108593.19
BRA,YR2011,2616156606734.51
BRA,YR2012,2465228293862.62
BRA,YR2013,2472819362259.0
BRA,YR2014,2456043766063.5
BRA,YR2015,1802211999555.59
BRA,YR2016,1795693265824.27
BRA,YR2017,2063514688761.67
BRA,YR2018,1916933708404.16
BRA,YR2019,1873288159000.64
BRB,YR2006,4217450800.0
BRB,YR2007,4674007450.0
BRB,YR2008,4784925100.0
BRB,YR2009,4465657300.0
BRB,YR2010,4529928300.0
BRB,YR2011,4657699450.0
BRB,YR2012,4610096000.0
BRB,YR2013,4677248300.0
BRB,YR2014,4696344350.0
BRB,YR2015,4724691200.0
BRB,YR2016,4832811750.0
BRB,YR2017,4981588900.0
BRB,YR2018,5097283200.0
BRB,YR2019,5324250000.0
BRN,YR2006,11470462364.6891
BRN,YR2007,12247680702.8059
BRN,YR2008,14393437610.2552
BRN,YR2009,10732592999.3918
BRN,YR2010,13707275498.0569
BRN,YR2011,18525128229.6754
BRN,YR2012,19048443089.2531
BRN,YR2013,18094326392.7086
BRN,YR2014,17097801091.9771
BRN,YR2015,12930292949.4216
BRN,YR2016,11400467372.4943
BRN,YR2017,12128182463.596
BRN,YR2018,13567164444.9707
BRN,YR2019,13469240162.5496
BTN,YR2006,874989734.663935
BTN,YR2007,1168307574.79508
BTN,YR2008,1227809261.04208
BTN,YR2009,1234015141.60305
BTN,YR2010,1547990907.46305
BTN,YR2011,1777102585.93229
BTN,YR2012,1781280170.44296
BTN,YR2013,1756214303.92609
BTN,YR2014,1907090361.57887
BTN,YR2015,2003596824.31099
BTN,YR2016,2158971717.50418
BTN,YR2017,2450366107.88229
BTN,YR2018,2446867582.27133
BTN,YR2019,2535655609.45889
BWA,YR2006,9919158482.41085
BWA,YR2007,10567270655.5027
BWA,YR2008,10730828592.459
BWA,YR2009,10118459713.7024
BWA,YR2010,12637273429.1339
BWA,YR2011,15110642875.5965
BWA,YR2012,13907464500.1489
BWA,YR2013,14271738366.7917
BWA,YR2014,15470087926.2484
BWA,YR2015,13530749289.7861
BWA,YR2016,15082636722.856
BWA,YR2017,16105156375.5848
BWA,YR2018,17031943186.1353
BWA,YR2019,16725908661.9419
CAF,YR2006,1461859762.62791
CAF,YR2007,1699811293.2576
CAF,YR2008,1993407886.56402
CAF,YR2009,2067381663.75378
CAF,YR2010,2142591539.43526
CAF,YR2011,2437982706.57499
CAF,YR2012,2510126509.99501
CAF,YR2013,1691544110.6915
CAF,YR2014,1894813389.88175
CAF,YR2015,1695825714.2427
CAF,YR2016,1825018144.46187
CAF,YR2017,2072349974.15272
CAF,YR2018,2220979144.52008
CAF,YR2019,2221301350.75537
CAN,YR2006,1319264809590.97
CAN,YR2007,1468820407783.26
CAN,YR2008,1552989690721.65
CAN,YR2009,1374625142157.29
CAN,YR2010,1617343367486.26
CAN,YR2011,1793326630174.52
CAN,YR2012,1828366481521.6
CAN,YR2013,1846597421834.98
CAN,YR2014,1805749878439.94
CAN,YR2015,1556508816217.14
CAN,YR2016,1527994741907.43
CAN,YR2017,1649265644244.09
CAN,YR2018,1725297938435.76
CAN,YR2019,1743725183672.52
CEB,YR2006,1001568223853.49
CEB,YR2007,1265418819111.26
CEB,YR2008,1530535154238.88
CEB,YR2009,1289701858873.64
CEB,YR2010,1316398490312.28
CEB,YR2011,1454558246006.23
CEB,YR2012,1358875109415.34
CEB,YR2013,1417323424010.04
CEB,YR2014,1463549880656.8
CEB,YR2015,1293370353419.53
CEB,YR2016,1316495750803.65
CEB,YR2017,1461216063229.79
CEB,YR2018,1648513132166.16
CEB,YR2019,1674114230083.25
CHE,YR2006,441619409123.416
CHE,YR2007,490754683815.144
CHE,YR2008,567273005013.434
CHE,YR2009,554191679308.884
CHE,YR2010,598851028906.58
CHE,YR2011,715888126682.396
CHE,YR2012,686420221557.99
CHE,YR2013,706234937370.968
CHE,YR2014,726537808338.0
CHE,YR2015,694118186379.628
CHE,YR2016,687895460902.713
CHE,YR2017,695200833086.499
CHE,YR2018,725562534363.895
CHE,YR2019,721369112726.724
CHI,YR2006,9676172953.08188
CHI,YR2007,11514605842.3369
CHI,YR2016,9511207129.35458
CHI,YR2017,9530244530.24453
CHI,YR2018,10422948632.4216
CHI,YR2019,10381669645.1366
CHL,YR2006,153840051814.059
CHL,YR2007,172565861848.899
CHL,YR2008,179663390874.653
CHL,YR2009,171412643623.963
CHL,YR2010,217105434199.5
CHL,YR2011,251224856981.294
CHL,YR2012,267175870677.659
CHL,YR2013,277239473853.807
CHL,YR2014,259405194672.935
CHL,YR2015,242496655711.515
CHL,YR2016,249298706449.182
CHL,YR2017,276364936832.331
CHL,YR2018,295402646018.151
CHL,YR2019,278493308134.096
CHN,YR2006,2752118542130.4
CHN,YR2007,3550327569655.47
CHN,YR2008,4594336785737.67
CHN,YR2009,5101691085625.95
CHN,YR2010,6087191720866.69
CHN,YR2011,7551545321799.88
CHN,YR2012,8532185615746.62
CHN,YR2013,9570470577244.86
CHN,YR2014,10475624783235.6
CHN,YR2015,11061573199439.7
CHN,YR2016,11233314018690.1
CHN,YR2017,12310491176727.3
CHN,YR2018,13894907485398.9
CHN,YR2019,14279968485748.0
CIV,YR2006,25281413268.2525
CIV,YR2007,28760090924.2666
CIV,YR2008,34078240260.1872
CIV,YR2009,33886813225.179
CIV,YR2010,34936307964.3213
CIV,YR2011,36693710822.2216
CIV,YR2012,36302302844.0196
CIV,YR2013,42760235496.3898
CIV,YR2014,48843005625.0307
CIV,YR2015,45815005170.6127
CIV,YR2016,48407761031.6758
CIV,YR2017,52512344033.9625
CIV,YR2018,58522477744.7313
CIV,YR2019,59898479821.1946
CMR,YR2006,20910512978.1716
CMR,YR2007,23928250410.0588
CMR,YR2008,27715142005.5704
CMR,YR2009,27932970297.0644
CMR,YR2010,27507501809.2414
CMR,YR2011,30630910513.0616
CMR,YR2012,30155062302.8443
CMR,YR2013,33728621190.2114
CMR,YR2014,36386544716.0794
CMR,YR2015,32210233021.5735
CMR,YR2016,33814337040.7804
CMR,YR2017,36098547058.7877
CMR,YR2018,39973842058.565
CMR,YR2019,39670976440.3158
COD,YR2006,14451901696.3878
COD,YR2007,16737071816.38
COD,YR2008,19788515579.0498
COD,YR2009,18648372544.7984
COD,YR2010,21565721036.3591
COD,YR2011,25839749198.8233
COD,YR2012,29306235295.3371
COD,YR2013,32679745036.2659
COD,YR2014,35909040943.885
COD,YR2015,37917706485.5896
COD,YR2016,37134801548.836
COD,YR2017,38019264804.5125
COD,YR2018,47568210020.9338
COD,YR2019,51775829868.7669
COG,YR2006,8072305030.68484
COG,YR2007,8782703427.96085
COG,YR2008,11649857662.1388
COG,YR2009,9723299908.19473
COG,YR2010,13148396205.671
COG,YR2011,15655383585.9887
COG,YR2012,17692911280.5627
COG,YR2013,17958720704.4596
COG,YR2014,17912907682.0663
COG,YR2015,11890259176.6829
COG,YR2016,10219341017.1383
COG,YR2017,11094823676.5914
COG,YR2018,13670038019.8594
COG,YR2019,12750338736.1661
COL,YR2006,161792959247.85
COL,YR2007,206229536757.674
COL,YR2008,242504150472.931
COL,YR2009,232468666665.153
COL,YR2010,286498534094.963
COL,YR2011,334966134865.305
COL,YR2012,370691143086.761
COL,YR2013,382093697077.685
COL,YR2014,381240864422.407
COL,YR2015,293492370228.847
COL,YR2016,282720100286.228
COL,YR2017,311866875135.576
COL,YR2018,334198218100.716
COL,YR2019,323031701210.767
COM,YR2006,698431794.458549
COM,YR2007,795673153.183435
COM,YR2008,915659107.761637
COM,YR2009,905341173.973674
COM,YR2010,907978731.702118
COM,YR2011,1023086272.69622
COM,YR2012,1015843491.24638
COM,YR2013,1116224107.17123
COM,YR2014,1149587659.74505
COM,YR2015,966029599.801322
COM,YR2016,1012835492.51585
COM,YR2017,1077439756.12224
COM,YR2018,1188797449.96036
COM,YR2019,1195019531.03671
CPV,YR2006,1107571459.02306
CPV,YR2007,1649621735.41343
CPV,YR2008,1959620652.50746
CPV,YR2009,1852334581.47534
CPV,YR2010,1824751459.69304
CPV,YR2011,2046817974.90838
CPV,YR2012,1913081206.32052
CPV,YR2013,2028910915.16446
CPV,YR2014,2041930125.42979
CPV,YR2015,1749857628.40716
CPV,YR2016,1849789992.74328
CPV,YR2017,1996741544.61549
CPV,YR2018,2205099509.15921
CPV,YR2019,2266752197.42617
CRI,YR2006,22715540324.3032
CRI,YR2007,26884700345.0342
CRI,YR2008,30801744881.0001
CRI,YR2009,30745714326.9486
CRI,YR2010,37658614803.2775
CRI,YR2011,42762613705.7835
CRI,YR2012,47231655433.4666
CRI,YR2013,50949668885.9875
CRI,YR2014,52016408923.9289
CRI,YR2015,56441920823.7632
CRI,YR2016,58847019584.9144
CRI,YR2017,60516044623.4876
CRI,YR2018,62420164964.6987
CRI,YR2019,64417670555.7821
CSS,YR2006,56074290119.343
CSS,YR2007,62328938789.3209
CSS,YR2008,70781391356.0356
CSS,YR2009,59840574173.7615
CSS,YR2010,64939019150.2048
CSS,YR2011,70074558334.331
CSS,YR2012,73844945660.7463
CSS,YR2013,75227025825.655
CSS,YR2014,76921753855.8063
CSS,YR2015,75480329446.9463
CSS,YR2016,70977854236.847
CSS,YR2017,73482494257.1029
CSS,YR2018,76247249561.2981
CSS,YR2019,77282796215.9198
CUB,YR2006,48835925925.9259
CUB,YR2007,54262870370.3704
CUB,YR2008,56302129629.6296
CUB,YR2009,57481481481.4815
CUB,YR2010,59562962962.963
CUB,YR2011,68990000000.0
CUB,YR2012,73141000000.0
CUB,YR2013,77148000000.0
CUB,YR2014,80656000000.0
CUB,YR2015,87133000000.0
CUB,YR2016,91370000000.0
CUB,YR2017,96851000000.0
CUB,YR2018,100050000000.0
CUB,YR2019,103428000000.0
CUW,YR2011,2933128491.62011
CUW,YR2012,3024525139.6648
CUW,YR2013,3039944134.07821
CUW,YR2014,3048435754.18994
CUW,YR2015,3042737430.1676
CUW,YR2016,3014748603.35196
CUW,YR2017,3009497206.70391
CUW,YR2018,3020388826.81564
CUW,YR2019,2995185474.86034
CYM,YR2006,4200288282.10157
CYM,YR2007,4466278030.59167
CYM,YR2008,4585948969.33223
CYM,YR2009,4281714618.03238
CYM,YR2010,4156841163.77763
CYM,YR2011,4186073160.18253
CYM,YR2012,4291004485.56803
CYM,YR2013,4405796081.15984
CYM,YR2014,4562853582.32463
CYM,YR2015,4708167255.28727
CYM,YR2016,4909322200.00212
CYM,YR2017,5166281293.18715
CYM,YR2018,5530178498.90783
CYM,YR2019,5941896599.57333
CYP,YR2006,20072786350.5206
CYP,YR2007,23968764029.5647
CYP,YR2008,27844698989.3072
CYP,YR2009,25945391775.4932
CYP,YR2010,25799940416.0173
CYP,YR2011,27641551809.0956
CYP,YR2012,25047433099.5891
CYP,YR2013,23959708956.2928
CYP,YR2014,23225912183.4988
CYP,YR2015,19909269064.8473
CYP,YR2016,21046452117.3765
CYP,YR2017,22946583375.5508
CYP,YR2018,25597301190.678
CYP,YR2019,25945194240.4544
CZE,YR2006,156264210926.177
CZE,YR2007,190184113270.15
CZE,YR2008,236816948159.718
CZE,YR2009,207434296805.33
CZE,YR2010,209069940963.177
CZE,YR2011,229562733398.948
CZE,YR2012,208857719320.649
CZE,YR2013,211685616592.931
CZE,YR2014,209358834156.329
CZE,YR2015,188033050459.881
CZE,YR2016,196272068576.338
CZE,YR2017,218628940951.675
CZE,YR2018,249000540729.179
CZE,YR2019,252548179964.897
DEU,YR2006,2994703642023.53
DEU,YR2007,3425578382921.58
DEU,YR2008,3745264093617.19
DEU,YR2009,3411261212652.34
DEU,YR2010,3399667820000.09
DEU,YR2011,3749314991050.62
DEU,YR2012,3527143188785.16
DEU,YR2013,3733804649549.06
DEU,YR2014,3889093051023.45
DEU,YR2015,3357585719351.56
DEU,YR2016,3469853463945.63
DEU,YR2017,3690849152517.69
DEU,YR2018,3974443355019.53
DEU,YR2019,3888226035921.49
DJI,YR2006,768873684.032838
DJI,YR2007,847918929.107984
DJI,YR2008,999105339.267729
DJI,YR2009,1049110684.72493
DJI,YR2010,1128611700.3618
DJI,YR2011,1239144501.77525
DJI,YR2012,1353632941.5207
DJI,YR2013,2042817162.85639
DJI,YR2014,2214679081.25658
DJI,YR2015,2424391785.43897
DJI,YR2016,2604955228.70117
DJI,YR2017,2762581334.22612
DJI,YR2018,2913466732.12507
DJI,YR2019,3088853638.56832
DMA,YR2006,390251851.851852
DMA,YR2007,421374074.074074
DMA,YR2008,458188888.888889
DMA,YR2009,489074074.074074
DMA,YR2010,493825925.925926
DMA,YR2011,501025925.925926
DMA,YR2012,485996296.296296
DMA,YR2013,498296296.296296
DMA,YR2014,520207407.407407
DMA,YR2015,540737037.037037
DMA,YR2016,576229629.62963
DMA,YR2017,521551851.851852
DMA,YR2018,554770370.37037
DMA,YR2019,611537037.037037
DNK,YR2006,282885978374.285
DNK,YR2007,319423375611.047
DNK,YR2008,353358901702.046
DNK,YR2009,321243301145.337
DNK,YR2010,321995279401.502
DNK,YR2011,344003137611.271
DNK,YR2012,327148943812.137
DNK,YR2013,343584391647.927
DNK,YR2014,352993631617.708
DNK,YR2015,302673070846.857
DNK,YR2016,313115929314.339
DNK,YR2017,332121063806.391
DNK,YR2018,356841216410.068
DNK,YR2019,346498737961.635
DOM,YR2006,37879829854.7965
DOM,YR2007,43965459071.0654
DOM,YR2008,48122601589.7717
DOM,YR2009,48261079523.8213
DOM,YR2010,53860187452.3853
DOM,YR2011,58029773802.3818
DOM,YR2012,60681535894.481
DOM,YR2013,62682158700.2885
DOM,YR2014,67179956264.9383
DOM,YR2015,71164826719.5026
DOM,YR2016,75704647977.2591
DOM,YR2017,79998045975.5137
DOM,YR2018,85555390385.9812
DOM,YR2019,88941371980.2651
DZA,YR2006,117027280692.356
DZA,YR2007,134977082623.78
DZA,YR2008,171000699876.747
DZA,YR2009,137211004291.274
DZA,YR2010,161207306304.794
DZA,YR2011,200013097903.17
DZA,YR2012,209059081828.261
DZA,YR2013,209755003250.664
DZA,YR2014,213809980720.787
DZA,YR2015,165979224316.667
DZA,YR2016,160034212613.438
DZA,YR2017,170096989042.831
DZA,YR2018,174910891124.491
DZA,YR2019,171760290068.157
EAP,YR2006,3740321729010.93
EAP,YR2007,4727369211702.72
EAP,YR2008,5978428072955.47
EAP,YR2009,6483977394715.25
EAP,YR2010,7888957749541.36
EAP,YR2011,9645008222753.37
EAP,YR2012,10758481557851.8
EAP,YR2013,11870565646660.7
EAP,YR2014,12798136833357.7
EAP,YR2015,13326936591373.3
EAP,YR2016,13611836958159.3
EAP,YR2017,14876744560573.5
EAP,YR2018,16639892731999.3
EAP,YR2019,17207134431205.9
EAR,YR2006,5639663592981.58
EAR,YR2007,6671943375191.41
EAR,YR2008,7524219026102.23
EAR,YR2009,7262366408336.0
EAR,YR2010,8804986202942.55
EAR,YR2011,9724222961681.76
EAR,YR2012,10162396987594.3
EAR,YR2013,10305214092089.6
EAR,YR2014,10661877094591.4
EAR,YR2015,10147533368060.6
EAR,YR2016,10480129806000.4
EAR,YR2017,11335422969863.6
EAR,YR2018,11465084494129.5
EAR,YR2019,11696252034573.3
EAS,YR2006,11031655622225.1
EAS,YR2007,12325978560532.8
EAS,YR2008,14210859901527.2
EAS,YR2009,14623038565206.7
EAS,YR2010,17066365173220.0
EAS,YR2011,19790735702384.0
EAS,YR2012,21172217151488.2
EAS,YR2013,21410751038294.3
EAS,YR2014,22086203629928.3
EAS,YR2015,21997190975438.6
EAS,YR2016,22772302203840.8
EAS,YR2017,24324925891393.0
EAS,YR2018,26485229927652.4
EAS,YR2019,27023995393949.0
ECA,YR2006,1950105723610.7
ECA,YR2007,2509469361144.89
ECA,YR2008,3110393199188.08
ECA,YR2009,2437810986692.64
ECA,YR2010,2953116796718.19
ECA,YR2011,3670089875344.11
ECA,YR2012,3914684841121.45
ECA,YR2013,4150272500477.57
ECA,YR2014,3845774153167.21
ECA,YR2015,2921688285552.26
ECA,YR2016,2777867803805.59
ECA,YR2017,3118424956384.82
ECA,YR2018,3182909933137.88
ECA,YR2019,3248044237780.69
ECS,YR2006,18169184200684.1
ECS,YR2007,21230055608752.9
ECS,YR2008,23365417649314.7
ECS,YR2009,20549545129765.7
ECS,YR2010,21022097952360.3
ECS,YR2011,23307862167328.8
ECS,YR2012,22452882595862.3
ECS,YR2013,23456119535713.4
ECS,YR2014,23783762693462.8
ECS,YR2015,20487299241754.5
ECS,YR2016,20419509740630.1
ECS,YR2017,21655200512836.2
ECS,YR2018,23193777815580.4
ECS,YR2019,22910270792580.6
ECU,YR2006,46802044000.0
ECU,YR2007,51007777000.0
ECU,YR2008,61762635000.0
ECU,YR2009,62519686000.0
ECU,YR2010,69555367000.0
ECU,YR2011,79276664000.0
ECU,YR2012,87924544000.0
ECU,YR2013,95129659000.0
ECU,YR2014,101726331000.0
ECU,YR2015,99290381000.0
ECU,YR2016,99937696000.0
ECU,YR2017,104295862000.0
ECU,YR2018,107562008000.0
ECU,YR2019,108108009000.0
EGY,YR2006,107426086956.522
EGY,YR2007,130437828371.278
EGY,YR2008,162818181818.182
EGY,YR2009,189147005444.646
EGY,YR2010,218983666061.706
EGY,YR2011,235989672977.625
EGY,YR2012,279116666666.667
EGY,YR2013,288434108527.132
EGY,YR2014,305595408895.265
EGY,YR2015,329366576819.407
EGY,YR2016,332441717791.411
EGY,YR2017,248362771739.13
EGY,YR2018,262588632526.73
EGY,YR2019,318678815489.749
EMU,YR2006,11184044960382.4
EMU,YR2007,12879111960143.5
EMU,YR2008,14158257793140.4
EMU,YR2009,12938506838994.8
EMU,YR2010,12641745700258.5
EMU,YR2011,13637891491638.9
EMU,YR2012,12638777298888.5
EMU,YR2013,13196293606325.5
EMU,YR2014,13510069962193.7
EMU,YR2015,11675505777208.6
EMU,YR2016,11973696253892.8
EMU,YR2017,12679719055232.6
EMU,YR2018,13698192927474.5
EMU,YR2019,13418360523881.5
ERI,YR2006,1211161879.6748
ERI,YR2007,1317974491.05691
ERI,YR2008,1380188800.0
ERI,YR2009,1856695551.21951
ERI,YR2010,1589515447.15447
ERI,YR2011,2065001626.01626
ESP,YR2006,1260398977831.76
ESP,YR2007,1474002579820.0
ESP,YR2008,1631863493552.34
ESP,YR2009,1491472923706.64
ESP,YR2010,1422108199783.37
ESP,YR2011,1480710495710.13
ESP,YR2012,1324750738725.0
ESP,YR2013,1355579535912.56
ESP,YR2014,1371820537888.6
ESP,YR2015,1196156971279.69
ESP,YR2016,1233554967011.71
ESP,YR2017,1313245330197.66
ESP,YR2018,1421702715218.01
ESP,YR2019,1394320055129.38
EST,YR2006,17022870405.2189
EST,YR2007,22449129482.617
EST,YR2008,24341678628.9732
EST,YR2009,19633031397.6104
EST,YR2010,19523477325.6235
EST,YR2011,23213994093.4632
EST,YR2012,23019150071.1867
EST,YR2013,25115753366.1116
EST,YR2014,26634083965.0983
EST,YR2015,22890762090.1508
EST,YR2016,24072829276.775
EST,YR2017,26924385103.0662
EST,YR2018,30624720196.2285
EST,YR2019,31081901909.2151
ETH,YR2006,15280861834.6024
ETH,YR2007,19707616772.7996
ETH,YR2008,27066912635.2228
ETH,YR2009,32437389116.038
ETH,YR2010,29933790334.3418
ETH,YR2011,31952763089.33
ETH,YR2012,43310721414.0829
ETH,YR2013,47648276190.2977
ETH,YR2014,55612228233.5179
ETH,YR2015,64589329344.6937
ETH,YR2016,74296745599.0048
ETH,YR2017,81770886908.5198
ETH,YR2018,84269196152.0333
ETH,YR2019,95912607970.1686
EUU,YR2006,12712564874685.1
EUU,YR2007,14727376164775.5
EUU,YR2008,16295205228567.3
EUU,YR2009,14762588819490.1
EUU,YR2010,14555972617838.3
EUU,YR2011,15764817006877.0
EUU,YR2012,14641967048097.1
EUU,YR2013,15294848407438.2
EUU,YR2014,15650588620202.0
EUU,YR2015,13553055207692.0
EUU,YR2016,13889039447069.8
EUU,YR2017,14764668937681.1
EUU,YR2018,15979881686055.6
EUU,YR2019,15692624900173.0
FCS,YR2006,1060626418683.6
FCS,YR2007,1291580794819.04
FCS,YR2008,1636226107510.35
FCS,YR2009,1512317017807.7
FCS,YR2010,1789423802005.32
FCS,YR2011,1682954992313.16
FCS,YR2012,1886027758540.5
FCS,YR2013,1957737559888.94
FCS,YR2014,2077047395313.54
FCS,YR2015,1659059960949.31
FCS,YR2016,1555352426735.14
FCS,YR2017,1645540777006.25
FCS,YR2018,1730287221140.22
FCS,YR2019,1826389026348.85
FIN,YR2006,217089269791.764
FIN,YR2007,256378067752.158
FIN,YR2008,285716311136.719
FIN,YR2009,253497520828.515
FIN,YR2010,249424310816.673
FIN,YR2011,275604356167.318
FIN,YR2012,258290060227.734
FIN,YR2013,271362405890.591
FIN,YR2014,274862826772.152
FIN,YR2015,234534382384.766
FIN,YR2016,240771351298.84
FIN,YR2017,255647979916.473
FIN,YR2018,275708001767.838
FIN,YR2019,268514916972.544
FJI,YR2006,3076305452.86506
FJI,YR2007,3378314599.76402
FJI,YR2008,3523185919.55826
FJI,YR2009,2870624635.68032
FJI,YR2010,3140167239.46869
FJI,YR2011,3779412255.47694
FJI,YR2012,3972028509.66449
FJI,YR2013,4189968869.81721
FJI,YR2014,4857103846.72985
FJI,YR2015,4682480303.97469
FJI,YR2016,4930213787.50451
FJI,YR2017,5353468387.56019
FJI,YR2018,5581425890.96651
FJI,YR2019,5481692621.61125
FRA,YR2006,2320536221304.7
FRA,YR2007,2660591246211.77
FRA,YR2008,2930303780828.12
FRA,YR2009,2700887366932.03
FRA,YR2010,2645187882116.73
FRA,YR2011,2865157541994.19
FRA,YR2012,2683671716967.19
FRA,YR2013,2811876903329.05
FRA,YR2014,2855964488590.14
FRA,YR2015,2439188643162.5
FRA,YR2016,2472964344587.23
FRA,YR2017,2595151045197.67
FRA,YR2018,2790956878746.61
FRA,YR2019,2728870246705.83
FRO,YR2006,2017680721.80259
FRO,YR2007,2339015384.90742
FRO,YR2008,2489873331.02639
FRO,YR2009,2296065312.82255
FRO,YR2010,2331796784.36009
FRO,YR2011,2505740886.25907
FRO,YR2012,2427200582.91115
FRO,YR2013,2690110671.24132
FRO,YR2014,2914012852.34062
FRO,YR2015,2573906035.59584
FRO,YR2016,2813278761.27524
FRO,YR2017,2980057167.73595
FRO,YR2018,3188601035.1907
FRO,YR2019,3275684065.13139
FSM,YR2006,253541900.0
FSM,YR2007,256787200.0
FSM,YR2008,263145100.0
FSM,YR2009,280284600.0
FSM,YR2010,296944100.0
FSM,YR2011,311301600.0
FSM,YR2012,327248700.0
FSM,YR2013,317214400.0
FSM,YR2014,319271200.0
FSM,YR2015,316489900.0
FSM,YR2016,332265200.0
FSM,YR2017,366666800.0
FSM,YR2018,401932300.0
FSM,YR2019,412000000.0
GAB,YR2006,10327598308.5297
GAB,YR2007,12455409574.9408
GAB,YR2008,15571348329.2279
GAB,YR2009,12113699059.4581
GAB,YR2010,14372593013.8124
GAB,YR2011,18210307754.4426
GAB,YR2012,17170464000.7824
GAB,YR2013,17595744803.6041
GAB,YR2014,18203966900.4404
GAB,YR2015,14383107763.1182
GAB,YR2016,14023890263.875
GAB,YR2017,14929487495.759
GAB,YR2018,16867326389.8696
GAB,YR2019,16874405460.1964
GBR,YR2006,2709978165671.04
GBR,YR2007,3092996468387.23
GBR,YR2008,2931683721186.75
GBR,YR2009,2417565709974.49
GBR,YR2010,2491397494467.95
GBR,YR2011,2666403005061.42
GBR,YR2012,2706340967030.68
GBR,YR2013,2786315215249.95
GBR,YR2014,3065223279583.79
GBR,YR2015,2934857946213.47
GBR,YR2016,2699659680997.2
GBR,YR2017,2683488510504.04
GBR,YR2018,2878152147315.82
GBR,YR2019,2857057847953.02
GEO,YR2006,7745249283.88222
GEO,YR2007,10172933118.493
GEO,YR2008,12795147991.8388
GEO,YR2009,10766919442.0789
GEO,YR2010,12243219360.2985
GEO,YR2011,15107482383.3798
GEO,YR2012,16488819132.8835
GEO,YR2013,17190068235.7892
GEO,YR2014,17627336228.0536
GEO,YR2015,14953675992.6704
GEO,YR2016,15141598622.5692
GEO,YR2017,16242647229.7398
GEO,YR2018,17596922469.9152
GEO,YR2019,17470436258.5131
GHA,YR2006,20885042153.0199
GHA,YR2007,24827333947.3782
GHA,YR2008,28679383241.0729
GHA,YR2009,26048726185.6746
GHA,YR2010,32197648061.1663
GHA,YR2011,39336668080.559
GHA,YR2012,41271708599.715
GHA,YR2013,62824629066.0408
GHA,YR2014,54783320576.8882
GHA,YR2015,49406014245.4296
GHA,YR2016,56164933479.4044
GHA,YR2017,60405920071.1024
GHA,YR2018,67298913752.0241
GHA,YR2019,68337974418.7681
GIN,YR2006,4220019242.74824
GIN,YR2007,6281917649.66709
GIN,YR2008,6964179187.53836
GIN,YR2009,6716904516.30084
GIN,YR2010,6853467832.6761
GIN,YR2011,6785137215.23269
GIN,YR2012,7638045225.63676
GIN,YR2013,8376613880.25749
GIN,YR2014,8778473643.01989
GIN,YR2015,8794202394.72245
GIN,YR2016,8595955600.7877
GIN,YR2017,10324668270.876
GIN,YR2018,11857030366.4598
GIN,YR2019,13442861496.5747
GMB,YR2006,1054112487.74083
GMB,YR2007,1279703029.87257
GMB,YR2008,1561766955.73024
GMB,YR2009,1450142497.46262
GMB,YR2010,1543294945.45714
GMB,YR2011,1409693594.05748
GMB,YR2012,1415004743.17939
GMB,YR2013,1375609459.78172
GMB,YR2014,1229461731.70458
GMB,YR2015,1378176605.93705
GMB,YR2016,1484578897.15783
GMB,YR2017,1504909447.77459
GMB,YR2018,1670671340.37966
GMB,YR2019,1813609679.15313
GNB,YR2006,592365659.824007
GNB,YR2007,696910784.016302
GNB,YR2008,868154627.869806
GNB,YR2009,830126428.786134
GNB,YR2010,849878489.113364
GNB,YR2011,1099818591.95727
GNB,YR2012,989271155.126905
GNB,YR2013,1046087367.44973
GNB,YR2014,1054915581.36774
GNB,YR2015,1048229632.99726
GNB,YR2016,1179004911.26075
GNB,YR2017,1350177012.24771
GNB,YR2018,1504630233.68639
GNB,YR2019,1439638410.99593
GNQ,YR2006,10086528698.8604
GNQ,YR2007,13071718758.7373
GNQ,YR2008,19749893536.3204
GNQ,YR2009,15027795173.2187
GNQ,YR2010,16314443428.9392
GNQ,YR2011,21357343681.8949
GNQ,YR2012,22388344123.9938
GNQ,YR2013,21948834290.3521
GNQ,YR2014,21765453087.479
GNQ,YR2015,13185496881.4052
GNQ,YR2016,11240808846.6924
GNQ,YR2017,12200913887.6428
GNQ,YR2018,13097012124.2261
GNQ,YR2019,11364133546.2494
GRC,YR2006,273546728473.073
GRC,YR2007,318902829550.733
GRC,YR2008,355908689477.445
GRC,YR2009,331308500253.274
GRC,YR2010,297124961971.508
GRC,YR2011,282995942006.559
GRC,YR2012,242029307133.408
GRC,YR2013,238907690051.132
GRC,YR2014,235458133124.604
GRC,YR2015,195683527003.375
GRC,YR2016,193148146586.938
GRC,YR2017,199844406013.533
GRC,YR2018,212049447242.107
GRC,YR2019,205257014892.498
GRD,YR2006,698700666.666667
GRD,YR2007,758683592.592593
GRD,YR2008,825976037.037037
GRD,YR2009,771275555.555555
GRD,YR2010,771014814.814815
GRD,YR2011,778655555.555555
GRD,YR2012,799881481.481481
GRD,YR2013,842618518.518518
GRD,YR2014,911496296.296296
GRD,YR2015,997007407.407407
GRD,YR2016,1061640740.74074
GRD,YR2017,1125685185.18519
GRD,YR2018,1166514814.81481
GRD,YR2019,1213485185.18519
GRL,YR2006,2013106816.66011
GRL,YR2007,2249811364.54199
GRL,YR2008,2499092396.11838
GRL,YR2009,2529964060.53747
GRL,YR2010,2503167187.49305
GRL,YR2011,2684461607.93113
GRL,YR2012,2609678694.94479
GRL,YR2013,2684947140.1518
GRL,YR2014,2842065877.15443
GRL,YR2015,2499113085.48255
GRL,YR2016,2707146783.13056
GRL,YR2017,2851610655.92391
GRL,YR2018,3055791340.7025
GRL,YR2019,2997331094.25136
GTM,YR2006,29744247479.2443
GTM,YR2007,33567850094.9993
GTM,YR2008,38503718526.6281
GTM,YR2009,37126146369.2608
GTM,YR2010,40676579264.8401
GTM,YR2011,46876004265.2386
GTM,YR2012,49593926849.2429
GTM,YR2013,52996447955.7632
GTM,YR2014,57852150564.52
GTM,YR2015,62186064718.7424
GTM,YR2016,66053402744.7267
GTM,YR2017,71653756504.1625
GTM,YR2018,73328369925.8478
GTM,YR2019,77172313916.4218
GUM,YR2006,4238000000.0
GUM,YR2007,4397000000.0
GUM,YR2008,4658000000.0
GUM,YR2009,4828000000.0
GUM,YR2010,4949000000.0
GUM,YR2011,4984000000.0
GUM,YR2012,5265000000.0
GUM,YR2013,5399000000.0
GUM,YR2014,5610000000.0
GUM,YR2015,5799000000.0
GUM,YR2016,5901000000.0
GUM,YR2017,6013000000.0
GUM,YR2018,6056000000.0
GUM,YR2019,6366000000.0
GUY,YR2006,2379817986.72917
GUY,YR2007,2730971599.89457
GUY,YR2008,3025187428.38436
GUY,YR2009,3165663152.73351
GUY,YR2010,3432912511.30491
GUY,YR2011,3691384317.52178
GUY,YR2012,4063088529.13592
GUY,YR2013,4167800935.59943
GUY,YR2014,4127660158.47323
GUY,YR2015,4279840193.7046
GUY,YR2016,4482697336.56174
GUY,YR2017,4748174334.14044
GUY,YR2018,4787637005.53638
GUY,YR2019,5173760191.84652
HIC,YR2006,39962463041148.7
HIC,YR2007,43756102613971.8
HIC,YR2008,46623911291791.3
HIC,YR2009,43669352938355.0
HIC,YR2010,45759844719262.0
HIC,YR2011,49412507535114.8
HIC,YR2012,49446148147436.0
HIC,YR2013,50054025962686.7
HIC,YR2014,51134057169125.4
HIC,YR2015,48273634988451.5
HIC,YR2016,49306277527564.3
HIC,YR2017,51570870016899.8
HIC,YR2018,54839704976037.1
HIC,YR2019,55315474922573.4
HKG,YR2006,193535434591.37
HKG,YR2007,211596953544.762
HKG,YR2008,219278739753.002
HKG,YR2009,214047795659.045
HKG,YR2010,228638678536.952
HKG,YR2011,248513617677.287
HKG,YR2012,262628877166.217
HKG,YR2013,275696879834.966
HKG,YR2014,291459983449.58
HKG,YR2015,309385622601.348
HKG,YR2016,320860317562.562
HKG,YR2017,341273289534.466
HKG,YR2018,361731070995.726
HKG,YR2019,363074560517.276
HND,YR2006,10917476873.546
HND,YR2007,12361257680.5627
HND,YR2008,13881731630.9676
HND,YR2009,14587496229.1811
HND,YR2010,15839344591.9842
HND,YR2011,17710275997.4749
HND,YR2012,18528554861.0515
HND,YR2013,18499729063.4192
HND,YR2014,19756533658.0822
HND,YR2015,20979791685.416
HND,YR2016,21717604580.8627
HND,YR2017,23136248046.2979
HND,YR2018,24067750465.9361
HND,YR2019,25089937108.6681
HPC,YR2006,329711051193.589
HPC,YR2007,394093813152.222
HPC,YR2008,469266243001.106
HPC,YR2009,474595462541.235
HPC,YR2010,524405539450.417
HPC,YR2011,588453270331.309
HPC,YR2012,609295540296.691
HPC,YR2013,677647202698.725
HPC,YR2014,719693866273.251
HPC,YR2015,698814203077.249
HPC,YR2016,731974952060.25
HPC,YR2017,809850137940.151
HPC,YR2018,771241850302.934
HPC,YR2019,799160667507.735
HRV,YR2006,49532592592.8832
HRV,YR2007,59172904660.6176
HRV,YR2008,68342061762.0017
HRV,YR2009,61941466003.2875
HRV,YR2010,58693611581.162
HRV,YR2011,62599775593.221
HRV,YR2012,57231455635.3668
HRV,YR2013,59363124068.5843
HRV,YR2014,59214461630.3993
HRV,YR2015,50742086222.907
HRV,YR2016,52391038979.0338
HRV,YR2017,55937483557.9256
HRV,YR2018,61330483609.8835
HRV,YR2019,61329267533.1316
HTI,YR2006,7638739123.54444
HTI,YR2007,9228637766.24316
HTI,YR2008,10432962724.7617
HTI,YR2009,11597002929.7989
HTI,YR2010,11859312627.0763
HTI,YR2011,13008746038.8867
HTI,YR2012,13708925402.937
HTI,YR2013,14902488489.0545
HTI,YR2014,15146883647.3766
HTI,YR2015,14849629407.9546
HTI,YR2016,14069277532.4999
HTI,YR2017,15093357143.42
HTI,YR2018,16403864521.4121
HTI,YR2019,15016090929.8744
HUN,YR2006,115715618613.052
HUN,YR2007,140186691233.532
HUN,YR2008,158325583917.574
HUN,YR2009,131069277212.635
HUN,YR2010,132175349953.713
HUN,YR2011,141942264554.475
HUN,YR2012,128814279315.132
HUN,YR2013,135684315697.713
HUN,YR2014,141033843265.669
HUN,YR2015,125174166987.372
HUN,YR2016,128609822750.039
HUN,YR2017,143112196040.326
HUN,YR2018,160565642983.587
HUN,YR2019,164020460331.659
IBD,YR2006,11403941454978.9
IBD,YR2007,14166070736983.5
IBD,YR2008,17000231113774.3
IBD,YR2009,16487865779437.7
IBD,YR2010,20048166862477.2
IBD,YR2011,23739490220163.1
IBD,YR2012,25231185297161.3
IBD,YR2013,26621251796118.4
IBD,YR2014,27519521640517.5
IBD,YR2015,25774291128877.2
IBD,YR2016,25972093023068.7
IBD,YR2017,28689022224808.5
IBD,YR2018,30520147708890.0
IBD,YR2019,31181885466267.4
IBT,YR2006,12493276098307.4
IBT,YR2007,15440043749348.0
IBT,YR2008,18521254921505.9
IBT,YR2009,18003100309250.7
IBT,YR2010,21798451915412.3
IBT,YR2011,25521665780816.4
IBT,YR2012,27106356951918.2
IBT,YR2013,28659297586380.9
IBT,YR2014,29716965776742.9
IBT,YR2015,27922343491136.9
IBT,YR2016,28162575334751.8
IBT,YR2017,30978325716193.1
IBT,YR2018,32893629417407.6
IBT,YR2019,33639428774236.2
IDA,YR2006,1090624298175.4
IDA,YR2007,1274448228707.58
IDA,YR2008,1521482725374.42
IDA,YR2009,1515763269136.51
IDA,YR2010,1750735521057.77
IDA,YR2011,1782101859063.55
IDA,YR2012,1875053620989.96
IDA,YR2013,2038045790262.45
IDA,YR2014,2197444136225.37
IDA,YR2015,2146720272494.66
IDA,YR2016,2188895718882.44
IDA,YR2017,2288777969587.38
IDA,YR2018,2373505833478.72
IDA,YR2019,2457261018776.69
IDB,YR2006,469295440463.001
IDB,YR2007,541264522565.236
IDB,YR2008,640036074397.379
IDB,YR2009,606965502107.914
IDB,YR2010,715590112082.901
IDB,YR2011,823906283238.815
IDB,YR2012,909186219114.415
IDB,YR2013,989607127321.841
IDB,YR2014,1076979908548.03
IDB,YR2015,1017844957897.42
IDB,YR2016,977321951410.728
IDB,YR2017,960023974850.292
IDB,YR2018,1048863296886.91
IDB,YR2019,1069700472074.97
IDN,YR2006,364570515631.625
IDN,YR2007,432216737774.861
IDN,YR2008,510228634992.258
IDN,YR2009,539580085612.401
IDN,YR2010,755094157594.248
IDN,YR2011,892969104529.233
IDN,YR2012,917869913365.243
IDN,YR2013,912524136718.018
IDN,YR2014,890814755511.291
IDN,YR2015,860854232717.853
IDN,YR2016,931877364033.902
IDN,YR2017,1015618744168.15
IDN,YR2018,1042271532953.36
IDN,YR2019,1119099871386.16
IDX,YR2006,621350084131.204
IDX,YR2007,733404724665.703
IDX,YR2008,881879617320.975
IDX,YR2009,909363560234.375
IDX,YR2010,1035735186761.63
IDX,YR2011,958377202447.045
IDX,YR2012,965873002611.246
IDX,YR2013,1048438662940.6
IDX,YR2014,1120464227677.34
IDX,YR2015,1128875314597.24
IDX,YR2016,1211573767471.71
IDX,YR2017,1328753994737.09
IDX,YR2018,1324642536591.81
IDX,YR2019,1387560546701.72
IMN,YR2006,3422735301.694
IMN,YR2007,4466353634.82657
IMN,YR2008,5928788780.55394
IMN,YR2009,5486918994.79345
IMN,YR2010,5920366628.33178
IMN,YR2011,6565668780.72984
IMN,YR2012,6690228489.42816
IMN,YR2013,7001180245.79298
IMN,YR2014,7708459145.00473
IMN,YR2015,7084795708.26863
IMN,YR2016,6846373276.62067
IMN,YR2017,6979791187.09008
IMN,YR2018,7491654051.08011
IMN,YR2019,7314966839.10981
IND,YR2006,940259888792.141
IND,YR2007,1216736448906.29
IND,YR2008,1198895147694.77
IND,YR2009,1341888016988.57
IND,YR2010,1675615502766.2
IND,YR2011,1823051829894.55
IND,YR2012,1827637579584.79
IND,YR2013,1856721494834.64
IND,YR2014,2039126469963.35
IND,YR2015,2103588347241.77
IND,YR2016,2294796889945.04
IND,YR2017,2651474263257.15
IND,YR2018,2702929639861.5
IND,YR2019,2835606242052.48
IRL,YR2006,232180617162.279
IRL,YR2007,270079279419.5
IRL,YR2008,275447471451.063
IRL,YR2009,236443115853.695
IRL,YR2010,221913560882.372
IRL,YR2011,239003132208.134
IRL,YR2012,225628699652.993
IRL,YR2013,238340859896.939
IRL,YR2014,259170903647.532
IRL,YR2015,291775166506.891
IRL,YR2016,299091127524.513
IRL,YR2017,336377500160.549
IRL,YR2018,385736680797.111
IRL,YR2019,399321701632.424
IRN,YR2006,266298911661.144
IRN,YR2007,349881601458.56
IRN,YR2008,412336172446.849
IRN,YR2009,416397025729.361
IRN,YR2010,486807616896.703
IRN,YR2011,626133112211.111
IRN,YR2012,644035512198.992
IRN,YR2013,492775566435.176
IRN,YR2014,460382791488.626
IRN,YR2015,408212917871.725
IRN,YR2016,457954614595.24
IRN,YR2017,486630147094.69
IRN,YR2018,327900695065.853
IRN,YR2019,283649531542.631
IRQ,YR2006,65140147197.1215
IRQ,YR2007,88837055195.2619
IRQ,YR2008,131614433712.245
IRQ,YR2009,111657581662.35
IRQ,YR2010,138516722649.573
IRQ,YR2011,185749664444.444
IRQ,YR2012,218002481737.691
IRQ,YR2013,234637675128.645
IRQ,YR2014,228415656174.957
IRQ,YR2015,166774104911.48
IRQ,YR2016,166602488747.885
IRQ,YR2017,187217660050.676
IRQ,YR2018,227367469034.031
IRQ,YR2019,233636097800.338
ISL,YR2006,17465318552.2941
ISL,YR2007,21652505596.7528
ISL,YR2008,18074619561.7671
ISL,YR2009,13154416196.7524
ISL,YR2010,13751161917.7398
ISL,YR2011,15221622925.9319
ISL,YR2012,14751508133.5443
ISL,YR2013,16125060515.3117
ISL,YR2014,17867662177.8911
ISL,YR2015,17517210519.0912
ISL,YR2016,20793168030.9524
ISL,YR2017,24728285177.4603
ISL,YR2018,26260850582.0687
ISL,YR2019,24663643101.958
ISR,YR2006,158670160184.179
ISR,YR2007,184052885585.912
ISR,YR2008,220529762562.362
ISR,YR2009,211968128528.444
ISR,YR2010,238364092298.023
ISR,YR2011,266791854430.897
ISR,YR2012,262282344091.849
ISR,YR2013,297732778479.129
ISR,YR2014,314330061977.263
ISR,YR2015,303414276832.04
ISR,YR2016,322102790386.835
ISR,YR2017,358245427458.541
ISR,YR2018,376691526553.276
ISR,YR2019,402470513619.148
ITA,YR2006,1949551719389.64
ITA,YR2007,2213102482751.46
ITA,YR2008,2408655348718.59
ITA,YR2009,2199928804118.63
ITA,YR2010,2136099955236.72
ITA,YR2011,2294994296589.51
ITA,YR2012,2086957656821.6
ITA,YR2013,2141924094298.57
ITA,YR2014,2162009615996.51
ITA,YR2015,1836637711060.55
ITA,YR2016,1877071687633.83
ITA,YR2017,1961796197354.37
ITA,YR2018,2091932426266.94
ITA,YR2019,2011302198827.41
JAM,YR2006,11930179173.4168
JAM,YR2007,12799600075.0407
JAM,YR2008,13709401443.5016
JAM,YR2009,12120458140.9424
JAM,YR2010,13220549858.2014
JAM,YR2011,14444661488.1296
JAM,YR2012,14807086490.8533
JAM,YR2013,14264205123.6886
JAM,YR2014,13899225339.6917
JAM,YR2015,14188938780.5039
JAM,YR2016,14077105502.9175
JAM,YR2017,14808984880.5796
JAM,YR2018,15730791525.65
JAM,YR2019,15830766372.2651
JOR,YR2006,15056981664.3159
JOR,YR2007,17110442866.6243
JOR,YR2008,22658730357.2361
JOR,YR2009,24537876056.338
JOR,YR2010,27133804225.3521
JOR,YR2011,29524149154.9296
JOR,YR2012,31634561690.1408
JOR,YR2013,34454440140.8451
JOR,YR2014,36847643521.1268
JOR,YR2015,38587017887.3239
JOR,YR2016,39892551126.7606
JOR,YR2017,41608435915.493
JOR,YR2018,43370860704.2254
JOR,YR2019,44503005774.6479
JPN,YR2006,4601662661030.07
JPN,YR2007,4579749785984.82
JPN,YR2008,5106679413137.57
JPN,YR2009,5289493734900.39
JPN,YR2010,5759071769013.11
JPN,YR2011,6233147172341.35
JPN,YR2012,6272362996105.03
JPN,YR2013,5212328181166.18
JPN,YR2014,4896994405353.29
JPN,YR2015,4444930651964.18
JPN,YR2016,5003677627544.24
JPN,YR2017,4930837369151.42
JPN,YR2018,5040880939324.86
JPN,YR2019,5117993853016.51
KAZ,YR2006,81003864915.543
KAZ,YR2007,104849915343.555
KAZ,YR2008,133441649221.732
KAZ,YR2009,115308687201.97
KAZ,YR2010,148047348240.643
KAZ,YR2011,192626464179.147
KAZ,YR2012,207998568865.789
KAZ,YR2013,236634603927.583
KAZ,YR2014,221415614007.347
KAZ,YR2015,184388404428.843
KAZ,YR2016,137278320084.171
KAZ,YR2017,166805788966.78
KAZ,YR2018,179339977517.062
KAZ,YR2019,181667185041.48
KEN,YR2006,25825512277.8911
KEN,YR2007,31958195182.2406
KEN,YR2008,35895153327.8497
KEN,YR2009,42347217912.9176
KEN,YR2010,45405615233.0693
KEN,YR2011,46869473165.8905
KEN,YR2012,56396704833.4676
KEN,YR2013,61671440480.6895
KEN,YR2014,68285796662.6532
KEN,YR2015,70120446663.6256
KEN,YR2016,74815143796.3978
KEN,YR2017,82036511258.8324
KEN,YR2018,92202979940.671
KEN,YR2019,100378435824.178
KGZ,YR2006,2834168893.27265
KGZ,YR2007,3802570572.37516
KGZ,YR2008,5139958956.02388
KGZ,YR2009,4690061344.16421
KGZ,YR2010,4794361821.20611
KGZ,YR2011,6197765941.67975
KGZ,YR2012,6605142864.372
KGZ,YR2013,7335033799.26212
KGZ,YR2014,7468102369.13654
KGZ,YR2015,6678177483.42949
KGZ,YR2016,6813095396.14317
KGZ,YR2017,7702938395.18458
KGZ,YR2018,8271106196.04253
KGZ,YR2019,8871019822.76098
KHM,YR2006,7274595706.67154
KHM,YR2007,8639235913.17746
KHM,YR2008,10351914178.2857
KHM,YR2009,10401851766.8465
KHM,YR2010,11242275288.5243
KHM,YR2011,12829541141.0127
KHM,YR2012,14054443213.4639
KHM,YR2013,15227991395.2201
KHM,YR2014,16702610842.4025
KHM,YR2015,18049954289.4229
KHM,YR2016,20016747858.3122
KHM,YR2017,22177200588.6749
KHM,YR2018,24571753581.7841
KHM,YR2019,27089390032.8915
KIR,YR2006,110237144.46042
KIR,YR2007,132674795.880585
KIR,YR2008,141045173.610772
KIR,YR2009,132421058.945919
KIR,YR2010,155305532.918999
KIR,YR2011,180672664.758787
KIR,YR2012,189629948.805386
KIR,YR2013,184543103.721124
KIR,YR2014,177868153.090733
KIR,YR2015,170292283.246013
KIR,YR2016,178507958.050329
KIR,YR2017,188540699.145686
KIR,YR2018,196501504.185186
KIR,YR2019,175181684.792212
KNA,YR2006,644414814.814815
KNA,YR2007,689285185.185185
KNA,YR2008,777691333.333333
KNA,YR2009,774273111.111111
KNA,YR2010,778718518.518518
KNA,YR2011,836092592.592593
KNA,YR2012,825381481.481481
KNA,YR2013,874896296.296296
KNA,YR2014,953170370.37037
KNA,YR2015,957037037.037037
KNA,YR2016,1008100000.0
KNA,YR2017,1058944444.44444
KNA,YR2018,1076922222.22222
KNA,YR2019,1107844444.44444
KOR,YR2006,1053216892422.02
KOR,YR2007,1172614134912.05
KOR,YR2008,1047339041903.85
KOR,YR2009,943941876218.743
KOR,YR2010,1144066965324.49
KOR,YR2011,1253223044718.99
KOR,YR2012,1278427634342.59
KOR,YR2013,1370795199976.18
KOR,YR2014,1484318219633.63
KOR,YR2015,1465773245547.15
KOR,YR2016,1500111596236.37
KOR,YR2017,1623901496835.79
KOR,YR2018,1724845615629.26
KOR,YR2019,1651422932447.77
KWT,YR2006,101557251976.794
KWT,YR2007,114634060167.406
KWT,YR2008,147379536212.138
KWT,YR2009,105968538479.915
KWT,YR2010,115416745328.985
KWT,YR2011,154079870424.898
KWT,YR2012,174048271288.151
KWT,YR2013,174167626656.763
KWT,YR2014,162650191195.358
KWT,YR2015,114585567439.674
KWT,YR2016,109406169162.833
KWT,YR2017,120687635952.46
KWT,YR2018,138202309918.726
KWT,YR2019,136191752590.897
LAC,YR2006,2837320247592.5
LAC,YR2007,3353094482458.84
LAC,YR2008,3880462417139.74
LAC,YR2009,3602278080284.88
LAC,YR2010,4510085308198.27
LAC,YR2011,5272190542589.32
LAC,YR2012,5244059018780.59
LAC,YR2013,5382355778791.41
LAC,YR2014,5407158752447.38
LAC,YR2015,4595236035713.86
LAC,YR2016,4465515336167.3
LAC,YR2017,4980919738935.91
LAC,YR2018,4836605850788.75
LAC,YR2019,4769077474514.31
LAO,YR2006,3455031447.60194
LAO,YR2007,4223152219.2439
LAO,YR2008,5446434031.69042
LAO,YR2009,5836138127.06562
LAO,YR2010,7131773632.71369
LAO,YR2011,8750107401.57872
LAO,YR2012,10192848926.2582
LAO,YR2013,11983252626.8313
LAO,YR2014,13279248478.8161
LAO,YR2015,14426381187.0894
LAO,YR2016,15912495368.8717
LAO,YR2017,17071162084.4067
LAO,YR2018,18141651381.3884
LAO,YR2019,18740559554.1632
LBN,YR2006,22022709851.5423
LBN,YR2007,24827355014.66
LBN,YR2008,29118916105.6053
LBN,YR2009,35399582928.6236
LBN,YR2010,38443907042.3217
LBN,YR2011,39927125961.194
LBN,YR2012,44016799515.8209
LBN,YR2013,46880103080.6634
LBN,YR2014,48095213746.4677
LBN,YR2015,49929337837.0813
LBN,YR2016,51147308773.9304
LBN,YR2017,53027680685.8375
LBN,YR2018,54901519155.6219
LBN,YR2019,51605959131.3654
LBR,YR2006,1119000000.0
LBR,YR2007,1373000000.0
LBR,YR2008,1726000000.0
LBR,YR2009,1768000000.0
LBR,YR2010,1998000000.0
LBR,YR2011,2398000000.0
LBR,YR2012,2791614000.0
LBR,YR2013,3177198100.0
LBR,YR2014,3225652000.0
LBR,YR2015,3227075700.0
LBR,YR2016,3398419600.0
LBR,YR2017,3390703400.0
LBR,YR2018,3422754800.0
LBR,YR2019,3319596500.0
LBY,YR2006,60094248771.9918
LBY,YR2007,68032985520.2676
LBY,YR2008,86710739534.5526
LBY,YR2009,60808538330.3417
LBY,YR2010,75380800664.4198
LBY,YR2011,48169243831.9141
LBY,YR2012,92540964665.5578
LBY,YR2013,75351117628.308
LBY,YR2014,57372352562.4888
LBY,YR2015,48717506272.6981
LBY,YR2016,49912085228.3487
LBY,YR2017,67157451660.2727
LBY,YR2018,76686048499.3527
LBY,YR2019,69254143968.3398
LCA,YR2006,1268319185.18519
LCA,YR2007,1336088814.81481
LCA,YR2008,1437731111.11111
LCA,YR2009,1401507888.88889
LCA,YR2010,1482370370.37037
LCA,YR2011,1568370370.37037
LCA,YR2012,1598222222.22222
LCA,YR2013,1660222222.22222
LCA,YR2014,1749296296.2963
LCA,YR2015,1807222222.22222
LCA,YR2016,1865444444.44444
LCA,YR2017,1996703703.7037
LCA,YR2018,2057074074.07407
LCA,YR2019,2094185185.18518
LCN,YR2006,3351829873357.01
LCN,YR2007,3948805125189.72
LCN,YR2008,4591296955065.06
LCN,YR2009,4314362221813.67
LCN,YR2010,5349060248474.03
LCN,YR2011,6088730809328.63
LCN,YR2012,6155024383504.09
LCN,YR2013,6307751441599.87
LCN,YR2014,6432625813025.44
LCN,YR2015,5376540613253.84
LCN,YR2016,5249746391043.57
LCN,YR2017,5832610432359.4
LCN,YR2018,5706087467774.46
LCN,YR2019,5622813152782.54
LDC,YR2006,412394708354.565
LDC,YR2007,494316747340.856
LDC,YR2008,603522585096.71
LDC,YR2009,607850693730.485
LDC,YR2010,690376684490.481
LDC,YR2011,801926397361.641
LDC,YR2012,841893938607.498
LDC,YR2013,917315427880.031
LDC,YR2014,985868650324.885
LDC,YR2015,954995951520.475
LDC,YR2016,990949126516.125
LDC,YR2017,1104009004406.99
LDC,YR2018,1088187940163.63
LDC,YR2019,1142396570094.39
LIC,YR2006,356075978932.667
LIC,YR2007,427293203252.479
LIC,YR2008,512642412198.414
LIC,YR2009,526007753879.31
LIC,YR2010,591637362905.2
LIC,YR2011,430766376180.917
LIC,YR2012,408599413746.529
LIC,YR2013,416884104097.296
LIC,YR2014,448530521691.197
LIC,YR2015,449577756120.781
LIC,YR2016,444439642488.111
LIC,YR2017,491499092098.709
LIC,YR2018,415816146816.49
LIC,YR2019,442286990942.081
LIE,YR2006,4000101033.35638
LIE,YR2007,4601430548.88525
LIE,YR2008,5081479840.08716
LIE,YR2009,4504376589.9239
LIE,YR2010,5082338964.87305
LIE,YR2011,5739705822.48169
LIE,YR2012,5456099685.18582
LIE,YR2013,6391711429.23146
LIE,YR2014,6657526636.11731
LIE,YR2015,6268513139.70288
LIE,YR2016,6237299538.02934
LIE,YR2017,6474310909.50636
LIE,YR2018,6692618410.5125
LIE,YR2019,6436467007.11932
LKA,YR2006,28279802451.2714
LKA,YR2007,32350238662.9452
LKA,YR2008,40713826320.5023
LKA,YR2009,42066223971.0169
LKA,YR2010,58636160848.9497
LKA,YR2011,67753284134.9913
LKA,YR2012,70447217163.6167
LKA,YR2013,77000578207.3909
LKA,YR2014,82528535572.5429
LKA,YR2015,85140955516.7505
LKA,YR2016,88012281909.7522
LKA,YR2017,94376237831.5778
LKA,YR2018,94493871351.4217
LKA,YR2019,89014978319.0703
LMC,YR2006,2691387582865.31
LMC,YR2007,3319083827275.09
LMC,YR2008,3741331283478.26
LMC,YR2009,3785725583242.68
LMC,YR2010,4533254174586.71
LMC,YR2011,5187185590945.9
LMC,YR2012,5461792142964.6
LMC,YR2013,5578818648329.08
LMC,YR2014,5868162623218.58
LMC,YR2015,5716557622624.56
LMC,YR2016,5997917461749.4
LMC,YR2017,6447085710234.66
LMC,YR2018,6606760498754.65
LMC,YR2019,6874526773448.24
LMY,YR2006,11639461030837.0
LMY,YR2007,14370508850888.7
LMY,YR2008,17192974516975.0
LMY,YR2009,16816751222178.8
LMY,YR2010,20465368009772.6
LMY,YR2011,24151876656634.2
LMY,YR2012,25698108062037.8
LMY,YR2013,27210105126960.9
LMY,YR2014,28140117982873.0
LMY,YR2015,26681765753333.8
LMY,YR2016,26916084709959.2
LMY,YR2017,29590502584084.8
LMY,YR2018,31364367229265.6
LMY,YR2019,32110421084434.4
LSO,YR2006,1800092519.44933
LSO,YR2007,1682025303.1603
LSO,YR2008,1766820422.4798
LSO,YR2009,1740835819.8008
LSO,YR2010,2234731973.55119
LSO,YR2011,2579421686.24912
LSO,YR2012,2477702252.80078
LSO,YR2013,2367113170.00373
LSO,YR2014,2441063169.47922
LSO,YR2015,2359754087.58169
LSO,YR2016,2114426468.65681
LSO,YR2017,2306741598.79677
LSO,YR2018,2556247155.56945
LSO,YR2019,2436029587.61009
LTE,YR2006,7448570230979.5
LTE,YR2007,9382521778909.07
LTE,YR2008,11663323670463.3
LTE,YR2009,11268891687538.1
LTE,YR2010,13553728682871.0
LTE,YR2011,16519537910748.4
LTE,YR2012,17680702314004.1
LTE,YR2013,19042110155027.3
LTE,YR2014,19775313806693.1
LTE,YR2015,18549854155934.1
LTE,YR2016,18593432462844.9
LTE,YR2017,20629823637317.1
LTE,YR2018,22621357448474.1
LTE,YR2019,23047283010403.6
LTU,YR2006,30183575103.5262
LTU,YR2007,39697891351.9431
LTU,YR2008,47797551587.8823
LTU,YR2009,37388122046.1496
LTU,YR2010,37128694028.243
LTU,YR2011,43535051482.3869
LTU,YR2012,42927454291.478
LTU,YR2013,46523420074.4372
LTU,YR2014,48533659592.1728
LTU,YR2015,41435533340.3883
LTU,YR2016,43047309305.7375
LTU,YR2017,47758736931.7805
LTU,YR2018,53751411409.4437
LTU,YR2019,54760617012.9166
LUX,YR2006,42910146296.0646
LUX,YR2007,51587401415.7872
LUX,YR2008,58844277701.5258
LUX,YR2009,54467289897.5582
LUX,YR2010,56213985987.4181
LUX,YR2011,61696281326.2457
LUX,YR2012,59776383527.3602
LUX,YR2013,65203276466.9768
LUX,YR2014,68804811897.6434
LUX,YR2015,60071584216.1375
LUX,YR2016,62216885435.9505
LUX,YR2017,65712180342.9842
LUX,YR2018,71000359760.4599
LUX,YR2019,69825641851.0104
LVA,YR2006,21570076498.6205
LVA,YR2007,31054350977.9784
LVA,YR2008,35854274228.9139
LVA,YR2009,26410909090.9091
LVA,YR2010,23956163076.5575
LVA,YR2011,27474380566.265
LVA,YR2012,28169902669.3784
LVA,YR2013,30204783461.8488
LVA,YR2014,31386896487.0402
LVA,YR2015,27263090547.0617
LVA,YR2016,28083597512.4849
LVA,YR2017,30483806017.8321
LVA,YR2018,34429023435.0205
LVA,YR2019,34343961072.8229
MAC,YR2006,14874098382.0863
MAC,YR2007,18439981803.6347
MAC,YR2008,21027018551.1485
MAC,YR2009,21587786004.5882
MAC,YR2010,28241799668.0086
MAC,YR2011,36845887225.4296
MAC,YR2012,43189724079.7668
MAC,YR2013,51536592939.0332
MAC,YR2014,54902831793.5018
MAC,YR2015,45048188247.6458
MAC,YR2016,45070807279.6288
MAC,YR2017,50440935654.0075
MAC,YR2018,55284309690.2698
MAC,YR2019,55204960999.5882
MAF,YR2011,775875857.976655
MAF,YR2014,772921756.313723
MAR,YR2006,75883820424.0845
MAR,YR2007,86947909744.5993
MAR,YR2008,101822906946.027
MAR,YR2009,101154952243.015
MAR,YR2010,100865325482.244
MAR,YR2011,110080631330.061
MAR,YR2012,106937397478.353
MAR,YR2013,115739288446.799
MAR,YR2014,119130845829.482
MAR,YR2015,110413820681.034
MAR,YR2016,111572946646.535
MAR,YR2017,118540574727.552
MAR,YR2018,127341141871.205
MAR,YR2019,128920265075.525
MCO,YR2006,4586828062.23529
MCO,YR2007,5875376401.92159
MCO,YR2008,6502945305.07812
MCO,YR2009,5473265701.67968
MCO,YR2010,5367561640.00001
MCO,YR2011,6088690667.31519
MCO,YR2012,5742748405.54688
MCO,YR2013,6555590641.56865
MCO,YR2014,7069351223.5686
MCO,YR2015,6261646949.53125
MCO,YR2016,6472837332.95721
MCO,YR2017,6431274937.64707
MCO,YR2018,7194256778.2745
MCO,YR2019,7383941919.21567
MDA,YR2006,3408255364.03198
MDA,YR2007,4401173161.68327
MDA,YR2008,6054824433.05825
MDA,YR2009,5439434059.31996
MDA,YR2010,6974982391.40094
MDA,YR2011,8414351671.7241
MDA,YR2012,8709138767.2078
MDA,YR2013,9496717700.89855
MDA,YR2014,9399833207.49341
MDA,YR2015,7798692878.40136
MDA,YR2016,7982450758.03213
MDA,YR2017,9519053158.46404
MDA,YR2018,11253727815.4762
MDA,YR2019,11735774634.4239
MDG,YR2006,6395712491.75146
MDG,YR2007,8524620890.88039
MDG,YR2008,10725137721.5622
MDG,YR2009,9616879407.59474
MDG,YR2010,9982711338.11814
MDG,YR2011,11551819617.6271
MDG,YR2012,11578975063.7975
MDG,YR2013,12423555457.0352
MDG,YR2014,12522957401.0395
MDG,YR2015,11323020699.9128
MDG,YR2016,11848613859.5279
MDG,YR2017,13176313593.5509
MDG,YR2018,13760033282.6071
MDG,YR2019,14104664677.9627
MDV,YR2006,1575200390.625
MDV,YR2007,1868383460.9375
MDV,YR2008,2271646187.5
MDV,YR2009,2345294875.0
MDV,YR2010,2588176054.6875
MDV,YR2011,2774350163.34773
MDV,YR2012,2886163937.77963
MDV,YR2013,3295009231.00739
MDV,YR2014,3697353155.04883
MDV,YR2015,4109416450.22514
MDV,YR2016,4379134272.943
MDV,YR2017,4754185598.8417
MDV,YR2018,5300949822.99805
MDV,YR2019,5609385433.592
MEA,YR2006,1924931009374.37
MEA,YR2007,2272332400470.5
MEA,YR2008,2830408013082.13
MEA,YR2009,2556999251658.56
MEA,YR2010,2984420804908.85
MEA,YR2011,3368261589778.98
MEA,YR2012,3642052757122.07
MEA,YR2013,3581785122621.94
MEA,YR2014,3602485542648.46
MEA,YR2015,3179422230864.32
MEA,YR2016,3213372950118.37
MEA,YR2017,3352271233734.46
MEA,YR2018,3516514202416.88
MEA,YR2019,3522808006382.47
MEX,YR2006,975383402912.585
MEX,YR2007,1052697085016.35
MEX,YR2008,1109987401386.38
MEX,YR2009,900047015737.995
MEX,YR2010,1057800597973.65
MEX,YR2011,1180487226406.78
MEX,YR2012,1201093787127.42
MEX,YR2013,1274443916251.64
MEX,YR2014,1315356131262.48
MEX,YR2015,1171870072962.76
MEX,YR2016,1078493059306.95
MEX,YR2017,1158912015259.01
MEX,YR2018,1222405556421.13
MEX,YR2019,1269009571610.76
MHL,YR2006,142745200.0
MHL,YR2007,149870000.0
MHL,YR2008,145969100.0
MHL,YR2009,150624900.0
MHL,YR2010,160318500.0
MHL,YR2011,171567100.0
MHL,YR2012,179855800.0
MHL,YR2013,185468000.0
MHL,YR2014,185172900.0
MHL,YR2015,182997300.0
MHL,YR2016,200716000.0
MHL,YR2017,212701200.0
MHL,YR2018,219330300.0
MHL,YR2019,232092300.0
MIC,YR2006,11293666564845.1
MIC,YR2007,13954903602793.2
MIC,YR2008,16694431978835.2
MIC,YR2009,16305847816594.7
MIC,YR2010,19889521929418.4
MIC,YR2011,23725461596065.7
MIC,YR2012,25291481601347.3
MIC,YR2013,26794468512319.2
MIC,YR2014,27693615809487.3
MIC,YR2015,26235141991923.6
MIC,YR2016,26474239454559.9
MIC,YR2017,29101978685393.7
MIC,YR2018,30947243041064.9
MIC,YR2019,31667498458543.1
MKD,YR2006,6861227018.42078
MKD,YR2007,8336475035.85415
MKD,YR2008,9909552355.61558
MKD,YR2009,9401736825.42688
MKD,YR2010,9407170388.83362
MKD,YR2011,10494626767.6445
MKD,YR2012,9745261300.57788
MKD,YR2013,10817702423.7886
MKD,YR2014,11362265293.5581
MKD,YR2015,10064519962.5655
MKD,YR2016,10672467073.2873
MKD,YR2017,11307067000.7188
MKD,YR2018,12683068033.1043
MKD,YR2019,12606338448.547
MLI,YR2006,6905934219.29467
MLI,YR2007,8156468818.00868
MLI,YR2008,9838403090.95859
MLI,YR2009,10231962382.7842
MLI,YR2010,10689168011.4449
MLI,YR2011,12995112698.0102
MLI,YR2012,12442035328.035
MLI,YR2013,13242690790.0557
MLI,YR2014,14364937127.7002
MLI,YR2015,13104764378.7114
MLI,YR2016,14026048334.2131
MLI,YR2017,15365713059.1057
MLI,YR2018,17070867577.6666
MLI,YR2019,17280250805.2245
MLT,YR2006,6778321415.12985
MLT,YR2007,7925403777.71694
MLT,YR2008,9090376446.46258
MLT,YR2009,8696304529.03584
MLT,YR2010,9035819656.6669
MLT,YR2011,9638733344.35806
MLT,YR2012,9461826174.02344
MLT,YR2013,10550968138.9413
MLT,YR2014,11625843213.6076
MLT,YR2015,11091467513.7109
MLT,YR2016,11667976402.763
MLT,YR2017,13489296992.0001
MLT,YR2018,15298004130.4975
MLT,YR2019,15881258056.2009
MMR,YR2006,11863016315.2934
MMR,YR2007,15591182544.7092
MMR,YR2008,23013015832.1023
MMR,YR2009,29455165594.6859
MMR,YR2010,37796052938.7278
MMR,YR2011,54118601974.7947
MMR,YR2012,58318677644.9492
MMR,YR2013,60572257122.2962
MMR,YR2014,63264892768.3726
MMR,YR2015,63045306513.9317
MMR,YR2016,60291738934.7768
MMR,YR2017,61449391917.1276
MMR,YR2018,67144726167.9294
MMR,YR2019,68697761477.1809
MNA,YR2006,942305915002.969
MNA,YR2007,1148311867090.24
MNA,YR2008,1416250571755.31
MNA,YR2009,1378596088772.17
MNA,YR2010,1587780320761.47
MNA,YR2011,1636401102296.1
MNA,YR2012,1764808551707.3
MNA,YR2013,1624047544310.35
MNA,YR2014,1600856731724.61
MNA,YR2015,1439069681066.11
MNA,YR2016,1475844914342.24
MNA,YR2017,1476907778479.73
MNA,YR2018,1400046333583.24
MNA,YR2019,1408624610717.23
MNE,YR2006,2721903148.91482
MNE,YR2007,3680711743.77224
MNE,YR2008,4545674527.61096
MNE,YR2009,4159330369.5471
MNE,YR2010,4142983897.83334
MNE,YR2011,4544429062.57783
MNE,YR2012,4087525609.43086
MNE,YR2013,4465771672.62001
MNE,YR2014,4593852089.09567
MNE,YR2015,4054728172.94375
MNE,YR2016,4376929571.63114
MNE,YR2017,4856602178.63413
MNE,YR2018,5506944403.30196
MNE,YR2019,5542053845.29274
MNG,YR2006,3414055662.58063
MNG,YR2007,4234999702.69446
MNG,YR2008,5623216609.65069
MNG,YR2009,4583850367.88972
MNG,YR2010,7189482000.66686
MNG,YR2011,10409797375.1152
MNG,YR2012,12292770631.1967
MNG,YR2013,12582122604.1921
MNG,YR2014,12226514666.0404
MNG,YR2015,11619892592.6599
MNG,YR2016,11181350649.2247
MNG,YR2017,11480847740.0839
MNG,YR2018,13178094719.8612
MNG,YR2019,14206359016.4014
MNP,YR2006,990000000.0
MNP,YR2007,938000000.0
MNP,YR2008,939000000.0
MNP,YR2009,795000000.0
MNP,YR2010,799000000.0
MNP,YR2011,729000000.0
MNP,YR2012,746000000.0
MNP,YR2013,772000000.0
MNP,YR2014,832000000.0
MNP,YR2015,910000000.0
MNP,YR2016,1230000000.0
MNP,YR2017,1560000000.0
MNP,YR2018,1301000000.0
MNP,YR2019,1181000000.0
MOZ,YR2006,9176896597.16802
MOZ,YR2007,10450826527.2066
MOZ,YR2008,12556173242.7736
MOZ,YR2009,11914471512.7684
MOZ,YR2010,11104649065.1649
MOZ,YR2011,14381552466.6044
MOZ,YR2012,16350813486.9908
MOZ,YR2013,16974314296.2182
MOZ,YR2014,17716091057.2675
MOZ,YR2015,15950979333.1582
MOZ,YR2016,11936993086.9579
MOZ,YR2017,13219079497.7055
MOZ,YR2018,14845400592.6712
MOZ,YR2019,15390031039.9957
MRT,YR2006,3919577285.92703
MRT,YR2007,4346212411.05496
MRT,YR2008,5206437120.9471
MRT,YR2009,4714595487.85253
MRT,YR2010,5628878865.99027
MRT,YR2011,6764627665.69239
MRT,YR2012,6728208836.22143
MRT,YR2013,7223071177.15856
MRT,YR2014,6592537781.81518
MRT,YR2015,6166863960.00061
MRT,YR2016,6398741855.76276
MRT,YR2017,6800138755.34592
MRT,YR2018,7473550557.07378
MRT,YR2019,8066118984.30581
MUS,YR2006,7028810754.78164
MUS,YR2007,8150150144.15635
MUS,YR2008,9990356849.29491
MUS,YR2009,9128843109.15588
MUS,YR2010,10003670690.3497
MUS,YR2011,11518413429.9684
MUS,YR2012,11668696526.2252
MUS,YR2013,12292974007.9361
MUS,YR2014,13074130094.3723
MUS,YR2015,12007291045.6489
MUS,YR2016,12594155346.298
MUS,YR2017,13713505998.0391
MUS,YR2018,14735695930.9727
MUS,YR2019,14436347115.2893
MWI,YR2006,5818279739.14354
MWI,YR2007,6451210219.11683
MWI,YR2008,7743617352.21427
MWI,YR2009,9009887946.82039
MWI,YR2010,10128323010.6049
MWI,YR2011,11648142958.3651
MWI,YR2012,8773203178.16512
MWI,YR2013,8031571927.62055
MWI,YR2014,8801326169.14547
MWI,YR2015,9219474373.16418
MWI,YR2016,7909868618.46366
MWI,YR2017,8943543677.18899
MWI,YR2018,9880675785.93057
MWI,YR2019,11025371147.1876
MYS,YR2006,162692260155.07
MYS,YR2007,193549547954.753
MYS,YR2008,230811591306.52
MYS,YR2009,202257458160.849
MYS,YR2010,255017645207.18
MYS,YR2011,297951667650.449
MYS,YR2012,314443061220.138
MYS,YR2013,323276281683.441
MYS,YR2014,338066121289.413
MYS,YR2015,301354783698.72
MYS,YR2016,301255332137.075
MYS,YR2017,319109103242.055
MYS,YR2018,358788833524.945
MYS,YR2019,365177744321.011
NAC,YR2006,15140995757591.0
NAC,YR2007,15949814312783.3
NAC,YR2008,16329827601721.7
NAC,YR2009,15859346076157.3
NAC,YR2010,16672942337486.3
NAC,YR2011,17399367444174.5
NAC,YR2012,18088716899521.6
NAC,YR2013,18696254170835.0
NAC,YR2014,19362844040439.9
NAC,YR2015,19769184098217.1
NAC,YR2016,20230005494907.4
NAC,YR2017,21133744509244.1
NAC,YR2018,22265581227435.8
NAC,YR2019,23132124767672.5
NAM,YR2006,8001779551.06323
NAM,YR2007,8839536893.68443
NAM,YR2008,8607431845.19631
NAM,YR2009,8938847363.87815
NAM,YR2010,11431412421.1316
NAM,YR2011,12523359440.5499
NAM,YR2012,13042053856.9696
NAM,YR2013,12043307277.1235
NAM,YR2014,12435430396.1929
NAM,YR2015,11335161230.1608
NAM,YR2016,10722018975.0783
NAM,YR2017,12895153160.466
NAM,YR2018,13682019171.6627
NAM,YR2019,12541928102.7657
NCL,YR2006,6979155408.44429
NCL,YR2007,8819917187.11094
NCL,YR2008,9067619728.99592
NCL,YR2009,8704438060.52072
NCL,YR2010,9364350064.98695
NCL,YR2011,10351448025.3027
NCL,YR2012,9659151908.65435
NCL,YR2013,10151382876.8113
NCL,YR2014,10635035550.01
NCL,YR2015,8738203041.54697
NCL,YR2016,8724568970.67697
NCL,YR2017,9173669999.59434
NCL,YR2018,9896402295.48329
NCL,YR2019,9475655341.98316
NER,YR2006,4756361253.33358
NER,YR2007,5731485046.0864
NER,YR2008,7297600218.92394
NER,YR2009,7352131304.39631
NER,YR2010,7851192498.77154
NER,YR2011,8772950783.02414
NER,YR2012,9426912639.20382
NER,YR2013,10224897440.9239
NER,YR2014,10862943546.2851
NER,YR2015,9683867926.72766
NER,YR2016,10398861980.6524
NER,YR2017,11185101444.3729
NER,YR2018,12808661487.4035
NER,YR2019,12916454870.5458
NGA,YR2006,238454952231.572
NGA,YR2007,278260808841.03
NGA,YR2008,339476215683.592
NGA,YR2009,295008767295.038
NGA,YR2010,366990528103.078
NGA,YR2011,414466540786.738
NGA,YR2012,463971000388.612
NGA,YR2013,520117163617.721
NGA,YR2014,574183825592.358
NGA,YR2015,493026782401.561
NGA,YR2016,404649048648.026
NGA,YR2017,375745732274.676
NGA,YR2018,421739210176.152
NGA,YR2019,474517470742.749
NIC,YR2006,6763418645.81377
NIC,YR2007,7423365274.89468
NIC,YR2008,8496948184.42042
NIC,YR2009,8298736471.12441
NIC,YR2010,8758619130.58043
NIC,YR2011,9774320144.00049
NIC,YR2012,10531980451.1847
NIC,YR2013,10982954744.4415
NIC,YR2014,11880433902.9361
NIC,YR2015,12756722238.3709
NIC,YR2016,13286066154.9603
NIC,YR2017,13785890939.4447
NIC,YR2018,13025266513.3167
NIC,YR2019,12699028889.666
NLD,YR2006,733955269898.823
NLD,YR2007,848558887541.179
NLD,YR2008,951869997864.062
NLD,YR2009,871518638049.218
NLD,YR2010,847380859016.688
NLD,YR2011,905270626332.693
NLD,YR2012,838923319919.531
NLD,YR2013,877172824534.519
NLD,YR2014,892167986713.708
NLD,YR2015,765572770634.375
NLD,YR2016,784060430240.101
NLD,YR2017,833869641687.068
NLD,YR2018,914043438179.591
NLD,YR2019,910194347568.61
NOR,YR2006,346913357588.358
NOR,YR2007,402645550184.816
NOR,YR2008,464917553191.489
NOR,YR2009,387974344023.324
NOR,YR2010,431052143940.438
NOR,YR2011,501360549669.404
NOR,YR2012,512777309840.997
NOR,YR2013,526014468085.106
NOR,YR2014,501736471832.848
NOR,YR2015,388159512245.53
NOR,YR2016,370956547619.048
NOR,YR2017,401745275035.261
NOR,YR2018,439788625883.8
NOR,YR2019,408742840909.091
NPL,YR2006,9043715355.8881
NPL,YR2007,10325618017.379
NPL,YR2008,12545438605.3959
NPL,YR2009,12854985464.0764
NPL,YR2010,16002656434.4746
NPL,YR2011,21573872273.6695
NPL,YR2012,21703100746.8206
NPL,YR2013,22162205045.9731
NPL,YR2014,22731612827.3458
NPL,YR2015,24360801338.0543
NPL,YR2016,24524109484.7453
NPL,YR2017,28971588880.8208
NPL,YR2018,33111525182.7133
NPL,YR2019,34186180694.9285
NRU,YR2010,47562842.3658354
NRU,YR2011,65071849.5751335
NRU,YR2012,101055718.551503
NRU,YR2013,94384979.0109467
NRU,YR2014,99149259.8365624
NRU,YR2015,84863407.8650093
NRU,YR2016,97541914.5833045
NRU,YR2017,109355653.690742
NRU,YR2018,130995580.092154
NRU,YR2019,125160081.80546
NZL,YR2006,111538810712.665
NZL,YR2007,137188946865.584
NZL,YR2008,133131369930.414
NZL,YR2009,121373602348.679
NZL,YR2010,146517541181.254
NZL,YR2011,168291357111.739
NZL,YR2012,176206659722.524
NZL,YR2013,190906575136.003
NZL,YR2014,201313497220.917
NZL,YR2015,178064471137.921
NZL,YR2016,188838342527.975
NZL,YR2017,206556258844.567
NZL,YR2018,211886686924.483
NZL,YR2019,213091987153.092
OED,YR2006,39674408824856.5
OED,YR2007,43436115388658.3
OED,YR2008,46122698414754.0
OED,YR2009,43144826371455.6
OED,YR2010,45255639867938.5
OED,YR2011,48674651671113.0
OED,YR2012,48622412695260.0
OED,YR2013,49270437358352.7
OED,YR2014,50278943454195.9
OED,YR2015,47411160772825.3
OED,YR2016,48327404425594.2
OED,YR2017,50447226919268.8
OED,YR2018,53371534234287.0
OED,YR2019,53878159069137.1
OMN,YR2006,37215779713.9142
OMN,YR2007,42085379453.8362
OMN,YR2008,60905452535.7607
OMN,YR2009,48388363589.0767
OMN,YR2010,64993498049.4148
OMN,YR2011,77497529258.7776
OMN,YR2012,87408842652.7958
OMN,YR2013,89936020806.2419
OMN,YR2014,92699089726.9181
OMN,YR2015,78710793237.9714
OMN,YR2016,75128738621.5865
OMN,YR2017,80856697009.1027
OMN,YR2018,91505851755.5267
OMN,YR2019,88060858257.4772
OSS,YR2006,215631597860.036
OSS,YR2007,263863420304.965
OSS,YR2008,322995519907.265
OSS,YR2009,277194805059.559
OSS,YR2010,322561398956.711
OSS,YR2011,396974173386.158
OSS,YR2012,413999903828.322
OSS,YR2013,432056568012.842
OSS,YR2014,446620927907.665
OSS,YR2015,370450170724.575
OSS,YR2016,366511615959.013
OSS,YR2017,399126295563.396
OSS,YR2018,443078577997.35
OSS,YR2019,434119014495.412
PAK,YR2006,137264061106.043
PAK,YR2007,152385716311.916
PAK,YR2008,170077814106.305
PAK,YR2009,168152775283.032
PAK,YR2010,177165547828.889
PAK,YR2011,213587517187.669
PAK,YR2012,224383544087.452
PAK,YR2013,231218467669.571
PAK,YR2014,244360858682.762
PAK,YR2015,270556104886.456
PAK,YR2016,313629998960.445
PAK,YR2017,339205536454.445
PAK,YR2018,356128167702.894
PAK,YR2019,320909472926.461
PAN,YR2006,18141666300.0
PAN,YR2007,21295984200.0
PAN,YR2008,25155888600.0
PAN,YR2009,27116635600.0
PAN,YR2010,29440287600.0
PAN,YR2011,34686224300.0
PAN,YR2012,40429700000.0
PAN,YR2013,45599900000.0
PAN,YR2014,49921400000.0
PAN,YR2015,54091800000.0
PAN,YR2016,57907700000.0
PAN,YR2017,62202700000.0
PAN,YR2018,67294169234.6291
PAN,YR2019,69721787532.9789
PER,YR2006,88643193061.748
PER,YR2007,102170981144.136
PER,YR2008,120550599815.441
PER,YR2009,120822986521.479
PER,YR2010,147527631520.729
PER,YR2011,171761737046.585
PER,YR2012,192649991136.09
PER,YR2013,201175541637.441
PER,YR2014,200786240836.818
PER,YR2015,189802961890.097
PER,YR2016,191898127860.843
PER,YR2017,211007952315.888
PER,YR2018,222597030191.041
PER,YR2019,228325852220.761
PHL,YR2006,127652927611.904
PHL,YR2007,155980408072.596
PHL,YR2008,181624627927.891
PHL,YR2009,175974754207.575
PHL,YR2010,208368892319.281
PHL,YR2011,234216730703.65
PHL,YR2012,261920542606.621
PHL,YR2013,283902829721.261
PHL,YR2014,297483553299.593
PHL,YR2015,306445871631.969
PHL,YR2016,318627003965.989
PHL,YR2017,328480738147.1
PHL,YR2018,346841896890.489
PHL,YR2019,376823404772.837
PLW,YR2006,192382400.0
PLW,YR2007,198897700.0
PLW,YR2008,198283900.0
PLW,YR2009,187522800.0
PLW,YR2010,185943000.0
PLW,YR2011,196911100.0
PLW,YR2012,212397800.0
PLW,YR2013,221117200.0
PLW,YR2014,241669800.0
PLW,YR2015,280457700.0
PLW,YR2016,298300000.0
PLW,YR2017,285600000.0
PLW,YR2018,284900000.0
PLW,YR2019,278900000.0
PNG,YR2006,8354911621.97941
PNG,YR2007,9545029480.82223
PNG,YR2008,11670891359.7271
PNG,YR2009,11619455043.4763
PNG,YR2010,14250785801.34
PNG,YR2011,17985138449.6522
PNG,YR2012,21295165200.8383
PNG,YR2013,21261338064.8783
PNG,YR2014,23210823987.308
PNG,YR2015,21723439625.73
PNG,YR2016,20758874952.5805
PNG,YR2017,22742696407.5093
PNG,YR2018,24109780113.2307
PNG,YR2019,24751069237.9977
POL,YR2006,344626630395.377
POL,YR2007,429020755432.721
POL,YR2008,533599853342.51
POL,YR2009,439731636116.949
POL,YR2010,475696613935.595
POL,YR2011,524374222547.901
POL,YR2012,495230574356.743
POL,YR2013,515762008468.811
POL,YR2014,539080532037.142
POL,YR2015,477111287969.227
POL,YR2016,470024559638.496
POL,YR2017,524641206562.004
POL,YR2018,588779850763.487
POL,YR2019,596058473058.766
PRE,YR2006,652732381891.409
PRE,YR2007,789891756091.788
PRE,YR2008,986047738377.776
PRE,YR2009,902165613053.191
PRE,YR2010,1060580608713.13
PRE,YR2011,1235597698970.21
PRE,YR2012,1341797607183.55
PRE,YR2013,1471440063511.4
PRE,YR2014,1562109741135.42
PRE,YR2015,1334011121882.86
PRE,YR2016,1217513931539.13
PRE,YR2017,1294933204784.59
PRE,YR2018,1348307586808.15
PRE,YR2019,1421160801515.26
PRI,YR2006,87276164400.0
PRI,YR2007,89524131600.0
PRI,YR2008,93639300000.0
PRI,YR2009,96385600000.0
PRI,YR2010,98381300000.0
PRI,YR2011,100351700000.0
PRI,YR2012,101564800000.0
PRI,YR2013,102450000000.0
PRI,YR2014,102445800000.0
PRI,YR2015,103375500000.0
PRI,YR2016,104336700000.0
PRI,YR2017,103445500000.0
PRI,YR2018,100958100000.0
PRI,YR2019,105126400000.0
PRT,YR2006,208756449275.848
PRT,YR2007,240496147317.381
PRT,YR2008,263416394624.084
PRT,YR2009,244667762835.543
PRT,YR2010,238113003233.289
PRT,YR2011,245117990242.249
PRT,YR2012,216224240577.957
PRT,YR2013,226433858005.716
PRT,YR2014,229901964221.881
PRT,YR2015,199394066525.44
PRT,YR2016,206426152308.937
PRT,YR2017,221357874718.932
PRT,YR2018,242313116577.963
PRT,YR2019,239986922638.897
PRY,YR2006,13429430050.261
PRY,YR2007,17856393235.4338
PRY,YR2008,24615267617.0323
PRY,YR2009,22355151177.738
PRY,YR2010,27129301048.0505
PRY,YR2011,33737033607.0615
PRY,YR2012,33296438408.8556
PRY,YR2013,38651334593.0289
PRY,YR2014,40377987314.6435
PRY,YR2015,36211372646.38
PRY,YR2016,36089550671.834
PRY,YR2017,38997129809.1697
PRY,YR2018,40225448651.3062
PRY,YR2019,37925338460.1556
PSE,YR2006,5348300000.0
PSE,YR2007,5815700000.0
PSE,YR2008,7310400000.0
PSE,YR2009,8085700000.0
PSE,YR2010,9681500000.0
PSE,YR2011,11186100000.0
PSE,YR2012,12208400000.0
PSE,YR2013,13515500000.0
PSE,YR2014,13989700000.0
PSE,YR2015,13972400000.0
PSE,YR2016,15405400000.0
PSE,YR2017,16128000000.0
PSE,YR2018,16276600000.0
PSE,YR2019,17133500000.0
PSS,YR2006,5688864951.42203
PSS,YR2007,6273728181.69736
PSS,YR2008,6704438240.4497
PSS,YR2009,6031359069.87777
PSS,YR2010,6634286339.23217
PSS,YR2011,7736812460.37073
PSS,YR2012,8198532204.87185
PSS,YR2013,8523915458.41676
PSS,YR2014,9263444823.68462
PSS,YR2015,9054327014.3613
PSS,YR2016,9504027364.77267
PSS,YR2017,10256678899.6612
PSS,YR2018,10760671502.4149
PSS,YR2019,10739835368.721
PST,YR2006,37604948564769.3
PST,YR2007,41044091917261.0
PST,YR2008,43476833575741.2
PST,YR2009,40929784604203.4
PST,YR2010,42691272338288.8
PST,YR2011,45849639438219.8
PST,YR2012,45778308725715.3
PST,YR2013,46233475458879.9
PST,YR2014,47148786960027.8
PST,YR2015,44585851713476.0
PST,YR2016,45593085156267.7
PST,YR2017,47535727573455.9
PST,YR2018,50385041767149.8
PST,YR2019,50880064647603.9
PYF,YR2006,5877997996.95253
PYF,YR2007,6631156410.68504
PYF,YR2008,7136741397.50141
PYF,YR2009,6584557942.40772
PYF,YR2010,6086644790.8086
PYF,YR2011,6203940049.22727
PYF,YR2012,5692858093.84485
PYF,YR2013,6031827089.12531
PYF,YR2014,6151996534.96077
PYF,YR2015,5325846341.7909
PYF,YR2016,5497036486.74487
PYF,YR2017,5833352684.45264
PYF,YR2018,6135116260.64814
PYF,YR2019,6022276207.18983
QAT,YR2006,60882142857.1429
QAT,YR2007,79712087912.0879
QAT,YR2008,115270054945.055
QAT,YR2009,97798351648.3516
QAT,YR2010,125122306346.154
QAT,YR2011,167775268626.374
QAT,YR2012,186833502362.637
QAT,YR2013,198727642967.033
QAT,YR2014,206224598571.429
QAT,YR2015,161739955576.923
QAT,YR2016,151732181868.132
QAT,YR2017,161099122225.275
QAT,YR2018,183334953818.681
QAT,YR2019,176371267689.082
ROU,YR2006,122023721512.528
ROU,YR2007,174588782938.583
ROU,YR2008,214317174116.581
ROU,YR2009,174102268534.84
ROU,YR2010,170029359010.667
ROU,YR2011,192613558645.612
ROU,YR2012,179132893143.417
ROU,YR2013,189789277576.061
ROU,YR2014,199713780259.318
ROU,YR2015,177883897811.434
ROU,YR2016,185287615324.922
ROU,YR2017,210147181055.277
ROU,YR2018,243316050520.725
ROU,YR2019,251017797625.017
RUS,YR2006,989932059220.667
RUS,YR2007,1299703459799.96
RUS,YR2008,1660848058303.11
RUS,YR2009,1222645887209.32
RUS,YR2010,1524916698232.71
RUS,YR2011,2045922727569.78
RUS,YR2012,2208293528673.97
RUS,YR2013,2292470104248.18
RUS,YR2014,2059241582146.11
RUS,YR2015,1363482179761.17
RUS,YR2016,1276786344534.27
RUS,YR2017,1574199355092.71
RUS,YR2018,1657328764645.93
RUS,YR2019,1693114993990.49
RWA,YR2006,3319711249.44189
RWA,YR2007,4070391531.29599
RWA,YR2008,5179804290.63377
RWA,YR2009,5674428927.60356
RWA,YR2010,6124693374.47064
RWA,YR2011,6884907733.00484
RWA,YR2012,7654782978.58736
RWA,YR2013,7820052084.03387
RWA,YR2014,8239042500.28733
RWA,YR2015,8543869360.36164
RWA,YR2016,8695318854.11055
RWA,YR2017,9252833678.08916
RWA,YR2018,9636510839.30707
RWA,YR2019,10346675636.3397
SAS,YR2006,1196088124853.08
SAS,YR2007,1504162366252.89
SAS,YR2008,1527612730733.41
SAS,YR2009,1683173926491.5
SAS,YR2010,2062468955967.7
SAS,YR2011,2277346353954.89
SAS,YR2012,2302398278355.34
SAS,YR2013,2362708983919.22
SAS,YR2014,2587787935996.42
SAS,YR2015,2704835939982.51
SAS,YR2016,3010757329892.83
SAS,YR2017,3433883301221.75
SAS,YR2018,3534209044993.87
SAS,YR2019,3658004814522.01
SAU,YR2006,376900135720.729
SAU,YR2007,415964583059.205
SAU,YR2008,519796738631.128
SAU,YR2009,429097899279.013
SAU,YR2010,528207298529.872
SAU,YR2011,676634577273.045
SAU,YR2012,741849984943.256
SAU,YR2013,753864543430.248
SAU,YR2014,766605946720.427
SAU,YR2015,669484381328.891
SAU,YR2016,665999879694.192
SAU,YR2017,714994694991.651
SAU,YR2018,846583785179.856
SAU,YR2019,838564705624.643
SDN,YR2006,45263824686.0898
SDN,YR2007,59440139774.8128
SDN,YR2008,64833088568.394
SDN,YR2009,58315346841.2364
SDN,YR2010,74151157011.5251
SDN,YR2011,78402841444.9524
SDN,YR2012,63196236489.3704
SDN,YR2013,66027147864.7915
SDN,YR2014,76818773784.7605
SDN,YR2015,84984672415.9401
SDN,YR2016,102943515502.994
SDN,YR2017,129718581297.431
SDN,YR2018,32333780383.2924
SDN,YR2019,32338079165.2893
SEN,YR2006,11697918245.3507
SEN,YR2007,13994218399.034
SEN,YR2008,16853989611.1933
SEN,YR2009,16145867483.2198
SEN,YR2010,16121315901.8117
SEN,YR2011,17814283649.9367
SEN,YR2012,17660870395.8103
SEN,YR2013,18918667730.5417
SEN,YR2014,19797253445.2673
SEN,YR2015,17774766696.6987
SEN,YR2016,19040312331.1615
SEN,YR2017,20996562958.501
SEN,YR2018,23116701539.5646
SEN,YR2019,23403995984.9306
SGP,YR2006,148627255181.674
SGP,YR2007,180941741377.766
SGP,YR2008,193617346346.785
SGP,YR2009,194150322022.092
SGP,YR2010,239807921966.007
SGP,YR2011,279356526366.334
SGP,YR2012,295092839974.919
SGP,YR2013,307576360584.992
SGP,YR2014,314863580758.455
SGP,YR2015,307998545269.398
SGP,YR2016,319029973659.293
SGP,YR2017,343272878686.388
SGP,YR2018,376869585632.115
SGP,YR2019,376837488316.973
SLB,YR2006,617258127.221057
SLB,YR2007,695295347.621537
SLB,YR2008,776337725.194945
SLB,YR2009,805557595.915601
SLB,YR2010,898133646.578352
SLB,YR2011,1063895356.50841
SLB,YR2012,1185283421.976
SLB,YR2013,1285911568.51452
SLB,YR2014,1335571356.68714
SLB,YR2015,1307909891.29375
SLB,YR2016,1379490315.02286
SLB,YR2017,1469789050.30851
SLB,YR2018,1615478421.45974
SLB,YR2019,1619154958.40233
SLE,YR2006,1862116164.80343
SLE,YR2007,2126679686.06845
SLE,YR2008,2451896681.91138
SLE,YR2009,2419014960.19967
SLE,YR2010,2578159479.90083
SLE,YR2011,2932274241.9741
SLE,YR2012,3789251962.27583
SLE,YR2013,4920343203.30269
SLE,YR2014,5015180836.19495
SLE,YR2015,4252029353.82191
SLE,YR2016,3862721204.61052
SLE,YR2017,3719443317.52413
SLE,YR2018,4085114542.06831
SLE,YR2019,4076578653.54714
SLV,YR2006,15999890000.0
SLV,YR2007,17011750000.0
SLV,YR2008,17986890000.0
SLV,YR2009,17601620000.0
SLV,YR2010,18447920000.0
SLV,YR2011,20283780000.0
SLV,YR2012,21386150000.0
SLV,YR2013,21990960000.0
SLV,YR2014,22593470000.0
SLV,YR2015,23438240000.0
SLV,YR2016,24191430000.0
SLV,YR2017,24979190000.0
SLV,YR2018,26020850000.0
SLV,YR2019,26881140000.0
SMR,YR2006,1908167105.75837
SMR,YR2007,2185874623.59704
SMR,YR2008,2393437820.41892
SMR,YR2009,2056126701.86163
SMR,YR2010,1881191950.0
SMR,YR2011,1813717694.55253
SMR,YR2012,1604701051.17188
SMR,YR2013,1678741201.56863
SMR,YR2014,1673910988.23529
SMR,YR2015,1419400403.82339
SMR,YR2016,1468342430.68836
SMR,YR2017,1528621195.45849
SMR,YR2018,1655354303.82885
SMR,YR2019,1616188702.34405
SOM,YR2013,4577000011.76017
SOM,YR2014,5024999991.72061
SOM,YR2015,5335000000.0
SOM,YR2016,5534000000.0
SOM,YR2017,5609000000.0
SOM,YR2018,5856000006.22021
SOM,YR2019,6485000000.0
SRB,YR2006,32482070360.3204
SRB,YR2007,43170990616.4729
SRB,YR2008,52194221468.5007
SRB,YR2009,45162894380.9318
SRB,YR2010,41819468691.8251
SRB,YR2011,49258136128.9672
SRB,YR2012,43309252921.0567
SRB,YR2013,48394239474.6762
SRB,YR2014,47062202241.4378
SRB,YR2015,39655949731.3816
SRB,YR2016,40692661657.284
SRB,YR2017,44179075778.9267
SRB,YR2018,50640662859.4987
SRB,YR2019,51514242775.5241
SSA,YR2006,972440937663.848
SSA,YR2007,1126288215958.83
SSA,YR2008,1277264006648.2
SSA,YR2009,1229155220209.94
SSA,YR2010,1460726974193.65
SSA,YR2011,1648437203064.26
SSA,YR2012,1711634494143.73
SSA,YR2013,1818610270272.42
SSA,YR2014,1899461295889.25
SSA,YR2015,1694601782532.9
SSA,YR2016,1575080887302.15
SSA,YR2017,1704412183051.23
SSA,YR2018,1772634125817.16
SSA,YR2019,1821727380112.95
SSD,YR2008,14586253383.0632
SSD,YR2009,12231264525.0671
SSD,YR2010,14602072410.9506
SSD,YR2011,14907308932.7534
SSD,YR2012,11931472169.4915
SSD,YR2013,18426469016.9492
SSD,YR2014,13962212847.4576
SSD,YR2015,11997800760.2242
SSF,YR2006,973527213201.024
SSF,YR2007,1127368649186.12
SSF,YR2008,1278243727731.77
SSF,YR2009,1230006172548.7
SSF,YR2010,1461708684777.31
SSF,YR2011,1649496095768.74
SSF,YR2012,1712723978723.04
SSF,YR2013,1819935185494.14
SSF,YR2014,1900848872303.11
SSF,YR2015,1695993210500.23
SSF,YR2016,1576539841411.97
SSF,YR2017,1705941956337.72
SSF,YR2018,1774221939062.45
SSF,YR2019,1823372470680.0
SST,YR2006,277387442226.425
SST,YR2007,332461229660.509
SST,YR2008,400481612490.776
SST,YR2009,343064897906.732
SST,YR2010,394134704446.148
SST,YR2011,474785544180.86
SST,YR2012,496043381693.94
SST,YR2013,515807509296.913
SST,YR2014,532806126587.156
SST,YR2015,454984827185.882
SST,YR2016,446993497560.632
SST,YR2017,482865468720.16
SST,YR2018,530086499061.063
SST,YR2019,522141646080.053
STP,YR2006,142775109.816191
STP,YR2007,149146918.888611
STP,YR2008,188021169.26829
STP,YR2009,187821029.428546
STP,YR2010,196652514.267255
STP,YR2011,231489270.144529
STP,YR2012,250680845.747837
STP,YR2013,300554483.611626
STP,YR2014,346528329.183227
STP,YR2015,316066072.343754
STP,YR2016,345495614.979982
STP,YR2017,375614126.193877
STP,YR2018,412253809.728799
STP,YR2019,427425039.684339
SUR,YR2006,2626380435.17877
SUR,YR2007,2936612021.85792
SUR,YR2008,3532969034.60838
SUR,YR2009,3875409836.06557
SUR,YR2010,4368371528.30474
SUR,YR2011,4422276621.78703
SUR,YR2012,4980000000.0
SUR,YR2013,5145757575.75758
SUR,YR2014,5240606060.60606
SUR,YR2015,5126238146.34146
SUR,YR2016,3317421499.77314
SUR,YR2017,3591679371.03991
SUR,YR2018,3996198760.32389
SUR,YR2019,4016040575.08796
SVK,YR2006,70767338922.4411
SVK,YR2007,86563986799.2505
SVK,YR2008,100879902984.983
SVK,YR2009,89399303222.155
SVK,YR2010,91162836320.3524
SVK,YR2011,99922685424.8842
SVK,YR2012,94623731085.6106
SVK,YR2013,98935222174.8611
SVK,YR2014,101437045019.899
SVK,YR2015,88900883130.8374
SVK,YR2016,89952699524.8965
SVK,YR2017,95649966260.981
SVK,YR2018,106137924015.591
SVK,YR2019,105710052464.625
SVN,YR2006,39481045038.2637
SVN,YR2007,48067401207.3978
SVN,YR2008,55779427739.6609
SVN,YR2009,50567734885.9613
SVN,YR2010,48208240226.4512
SVN,YR2011,51583869785.1853
SVN,YR2012,46577793184.0031
SVN,YR2013,48415657264.8762
SVN,YR2014,49997186439.0908
SVN,YR2015,43107506024.3254
SVN,YR2016,44766722790.5838
SVN,YR2017,48589100043.0958
SVN,YR2018,54177882425.8421
SVN,YR2019,54331588482.3048
SWE,YR2006,423090618042.966
SWE,YR2007,491254769728.812
SWE,YR2008,517706214656.407
SWE,YR2009,436535921119.119
SWE,YR2010,495812558843.31
SWE,YR2011,574094112972.733
SWE,YR2012,552483727282.802
SWE,YR2013,586841821796.891
SWE,YR2014,581964017237.095
SWE,YR2015,505103781349.757
SWE,YR2016,515654671469.547
SWE,YR2017,541018749769.097
SWE,YR2018,555455371487.089
SWE,YR2019,533879529188.454
SWZ,YR2006,3291329938.16407
SWZ,YR2007,3469381231.49049
SWZ,YR2008,3294084181.23708
SWZ,YR2009,3580427985.94816
SWZ,YR2010,4438765109.49036
SWZ,YR2011,4820478592.33503
SWZ,YR2012,4886551706.18441
SWZ,YR2013,4597552948.64649
SWZ,YR2014,4422986447.48958
SWZ,YR2015,4063245671.29285
SWZ,YR2016,3816019222.86268
SWZ,YR2017,4402969225.92165
SWZ,YR2018,4666598023.91856
SWZ,YR2019,4466214522.19539
SXM,YR2011,936089385.47486
SXM,YR2012,985865921.787709
SXM,YR2013,1022905027.93296
SXM,YR2014,1245251396.64804
SXM,YR2015,1253072625.69832
SXM,YR2016,1263687150.83799
SXM,YR2017,1191620111.73184
SXM,YR2018,1185474860.3352
SXM,YR2019,1459776536.31285
SYC,YR2006,1081441348.62605
SYC,YR2007,1077308888.16317
SYC,YR2008,979597364.9333
SYC,YR2009,851064318.792141
SYC,YR2010,981918002.869768
SYC,YR2011,1059249939.59333
SYC,YR2012,1089880668.37774
SYC,YR2013,1324915221.7211
SYC,YR2014,1387576413.85839
SYC,YR2015,1391427967.33495
SYC,YR2016,1458954109.81959
SYC,YR2017,1529773286.49646
SYC,YR2018,1587813245.28225
SYC,YR2019,1645090567.04612
SYR,YR2006,153799910913.14
SYR,YR2007,180030111358.575
SYR,YR2008,218089977728.285
SYR,YR2009,224561692650.334
SYR,YR2010,252518218262.806
SYR,YR2011,67539427670.9958
SYR,YR2012,43190317724.7088
SYR,YR2013,21361254647.9904
SYR,YR2014,21502061462.2122
SYR,YR2015,16468399180.3822
SYR,YR2016,12598742886.9368
SYR,YR2017,16369724433.2751
SYR,YR2018,21496337967.8677
SYR,YR2019,22600896352.1266
TCA,YR2006,721891500.0
TCA,YR2007,773489700.0
TCA,YR2008,862683600.0
TCA,YR2009,703175800.0
TCA,YR2010,686787800.0
TCA,YR2011,728789600.0
TCA,YR2012,727161000.0
TCA,YR2013,754238000.0
TCA,YR2014,841070000.0
TCA,YR2015,942070000.0
TCA,YR2016,1032452000.0
TCA,YR2017,1022365000.0
TCA,YR2018,1113178000.0
TCA,YR2019,1197415000.0
TCD,YR2006,7428701455.40565
TCD,YR2007,8650137734.71637
TCD,YR2008,10393833755.2791
TCD,YR2009,9290728312.24383
TCD,YR2010,10668103549.3123
TCD,YR2011,12172308858.2993
TCD,YR2012,12367362746.1307
TCD,YR2013,12953534870.304
TCD,YR2014,13940767222.1053
TCD,YR2015,10950392257.2764
TCD,YR2016,10097778097.0969
TCD,YR2017,10000394388.1158
TCD,YR2018,11239167890.2816
TCD,YR2019,11314951088.2451
TEA,YR2006,3735650251543.72
TEA,YR2007,4721464960584.33
TEA,YR2008,5970961310988.03
TEA,YR2009,6475879226565.07
TEA,YR2010,7879104830183.94
TEA,YR2011,9632969004624.75
TEA,YR2012,10745080937107.9
TEA,YR2013,11855762712168.9
TEA,YR2014,12782174580093.7
TEA,YR2015,13310296419270.8
TEA,YR2016,13594851920373.4
TEA,YR2017,14858183903103.9
TEA,YR2018,16619140999210.2
TEA,YR2019,17185664986074.4
TEC,YR2006,2466294505435.14
TEC,YR2007,3172257385086.22
TEC,YR2008,3926652288409.17
TEC,YR2009,3113586357347.72
TEC,YR2010,3657536381245.62
TEC,YR2011,4449677432130.84
TEC,YR2012,4646279764256.97
TEC,YR2013,4915186910591.02
TEC,YR2014,4643782927094.06
TEC,YR2015,3627425557555.83
TEC,YR2016,3485571017748.04
TEC,YR2017,3909150827560.03
TEC,YR2018,4076336318031.97
TEC,YR2019,4156449775997.6
TGO,YR2006,3195618966.30736
TGO,YR2007,3618281293.07928
TGO,YR2008,4516616223.91031
TGO,YR2009,4592147227.9068
TGO,YR2010,4660369658.37123
TGO,YR2011,5262368232.30347
TGO,YR2012,5263522037.22724
TGO,YR2013,5872790935.48729
TGO,YR2014,6217047648.63985
TGO,YR2015,5681469374.10362
TGO,YR2016,6031632014.86013
TGO,YR2017,6395472028.24361
TGO,YR2018,7029217931.75029
TGO,YR2019,6992656428.93581
THA,YR2006,221758294724.764
THA,YR2007,262942624565.273
THA,YR2008,291382985568.988
THA,YR2009,281710629173.199
THA,YR2010,341104766329.17
THA,YR2011,370818735569.86
THA,YR2012,397558329541.972
THA,YR2013,420333659152.573
THA,YR2014,407339036017.221
THA,YR2015,401296242133.903
THA,YR2016,413366345843.744
THA,YR2017,456356812774.563
THA,YR2018,506754212432.991
THA,YR2019,543976695638.812
TJK,YR2006,2830213562.60217
TJK,YR2007,3719524180.70289
TJK,YR2008,5161299725.27673
TJK,YR2009,4979471963.79181
TJK,YR2010,5642221528.67114
TJK,YR2011,6522755783.39257
TJK,YR2012,7633036366.03492
TJK,YR2013,8448410727.15443
TJK,YR2014,9112606074.51713
TJK,YR2015,8271431932.43678
TJK,YR2016,6992416096.89018
TJK,YR2017,7536403146.68377
TJK,YR2018,7765000282.29397
TJK,YR2019,8300813889.63698
TKM,YR2006,10276674364.8961
TKM,YR2007,12664165103.1895
TKM,YR2008,19271523178.8079
TKM,YR2009,20214385964.9123
TKM,YR2010,22583157894.7368
TKM,YR2011,29233333333.3333
TKM,YR2012,35164210526.3158
TKM,YR2013,39197543859.6491
TKM,YR2014,43524210526.3158
TKM,YR2015,35799714285.7143
TKM,YR2016,36169428571.4286
TKM,YR2017,37926285714.2857
TKM,YR2018,40765428571.4286
TKM,YR2019,44220285714.2857
TLA,YR2006,3186236239229.97
TLA,YR2007,3773229879831.73
TLA,YR2008,4409097095011.05
TLA,YR2009,4130162256669.21
TLA,YR2010,5159729033221.11
TLA,YR2011,5887034342421.42
TLA,YR2012,5947252224242.0
TLA,YR2013,6095171749897.23
TLA,YR2014,6215504429530.99
TLA,YR2015,5148471978658.52
TLA,YR2016,5015399889886.8
TLA,YR2017,5593216809529.63
TLA,YR2018,5464428426578.1
TLA,YR2019,5371331762438.8
TLS,YR2006,453805100.0
TLS,YR2007,542795400.0
TLS,YR2008,648492700.0
TLS,YR2009,726882400.0
TLS,YR2010,881827800.0
TLS,YR2011,1042411500.0
TLS,YR2012,1160389600.0
TLS,YR2013,1395519600.0
TLS,YR2014,1447310400.0
TLS,YR2015,1594447600.0
TLS,YR2016,1650619400.0
TLS,YR2017,1595724300.0
TLS,YR2018,1563887900.0
TLS,YR2019,2028551600.0
TMN,YR2006,936957615002.969
TMN,YR2007,1142496167090.24
TMN,YR2008,1408940171755.31
TMN,YR2009,1370510388772.17
TMN,YR2010,1578098820761.47
TMN,YR2011,1625215002296.1
TMN,YR2012,1752600151707.3
TMN,YR2013,1610532044310.35
TMN,YR2014,1586867031724.61
TMN,YR2015,1425097281066.11
TMN,YR2016,1460439514342.24
TMN,YR2017,1460779778479.73
TMN,YR2018,1383769733583.24
TMN,YR2019,1391491110717.23
TON,YR2006,292230634.197573
TON,YR2007,298519087.685864
TON,YR2008,344436494.4047
TON,YR2009,312377751.087121
TON,YR2010,366832186.493476
TON,YR2011,414533045.126956
TON,YR2012,470705334.756043
TON,YR2013,450650718.154379
TON,YR2014,439877675.693345
TON,YR2015,437003006.744784
TON,YR2016,420548768.072805
TON,YR2017,460374252.206137
TON,YR2018,488906860.874058
TON,YR2019,512053639.842631
TSA,YR2006,1196088124853.08
TSA,YR2007,1504162366252.89
TSA,YR2008,1527612730733.41
TSA,YR2009,1683173926491.5
TSA,YR2010,2062468955967.7
TSA,YR2011,2277346353954.89
TSA,YR2012,2302398278355.34
TSA,YR2013,2362708983919.22
TSA,YR2014,2587787935996.42
TSA,YR2015,2704835939982.51
TSA,YR2016,3010757329892.83
TSA,YR2017,3433883301221.75
TSA,YR2018,3534209044993.87
TSA,YR2019,3658004814522.01
TSS,YR2006,973527213201.024
TSS,YR2007,1127368649186.12
TSS,YR2008,1278243727731.77
TSS,YR2009,1230006172548.7
TSS,YR2010,1461708684777.31
TSS,YR2011,1649496095768.75
TSS,YR2012,1712723978723.04
TSS,YR2013,1819935185494.14
TSS,YR2014,1900848872303.11
TSS,YR2015,1695993210500.23
TSS,YR2016,1576539841411.97
TSS,YR2017,1705941956337.72
TSS,YR2018,1774221939062.45
TSS,YR2019,1823372470680.0
TTO,YR2006,18369361094.3886
TTO,YR2007,21641620049.9352
TTO,YR2008,27871587349.5413
TTO,YR2009,19172165225.5015
TTO,YR2010,22157919433.8752
TTO,YR2011,25433008605.0407
TTO,YR2012,27121712418.5349
TTO,YR2013,28557451149.8686
TTO,YR2014,29489012806.8905
TTO,YR2015,26851970249.3032
TTO,YR2016,23496215880.5212
TTO,YR2017,23797686961.8447
TTO,YR2018,24322359037.409
TTO,YR2019,23849557811.3959
TUN,YR2006,34376664600.5898
TUN,YR2007,38915343743.2934
TUN,YR2008,44859452038.1178
TUN,YR2009,43455740497.3061
TUN,YR2010,46206091937.9628
TUN,YR2011,48123314430.4878
TUN,YR2012,47311411909.7034
TUN,YR2013,48685436425.0946
TUN,YR2014,50271812920.612
TUN,YR2015,45779494041.9295
TUN,YR2016,44360065796.6202
TUN,YR2017,42163530590.9462
TUN,YR2018,42686509835.5287
TUN,YR2019,41905637658.6053
TUR,YR2006,557075996577.466
TUR,YR2007,681321173796.053
TUR,YR2008,770449308781.338
TUR,YR2009,649289418603.013
TUR,YR2010,776967457763.602
TUR,YR2011,838785514058.562
TUR,YR2012,880555912745.582
TUR,YR2013,957798998031.277
TUR,YR2014,938934430070.659
TUR,YR2015,864313960482.343
TUR,YR2016,869682954136.208
TUR,YR2017,858988578709.755
TUR,YR2018,778476714087.962
TUR,YR2019,759934804372.319
TUV,YR2006,24096867.4704455
TUV,YR2007,28450156.7896508
TUV,YR2008,31874425.9457828
TUV,YR2009,28076988.1290938
TUV,YR2010,32105394.1529273
TUV,YR2011,39196949.3440623
TUV,YR2012,39345578.2233767
TUV,YR2013,38615887.0338205
TUV,YR2014,38760972.4230315
TUV,YR2015,36811928.82414
TUV,YR2016,41629064.9653416
TUV,YR2017,45276606.0014551
TUV,YR2018,48015219.9526234
TUV,YR2019,54123195.2727502
TZA,YR2006,18649590248.2626
TZA,YR2007,21843529024.9154
TZA,YR2008,27961527622.7154
TZA,YR2009,29081826158.6787
TZA,YR2010,32014247547.5146
TZA,YR2011,34657141720.6759
TZA,YR2012,39650522645.9811
TZA,YR2013,45680532613.7591
TZA,YR2014,49964825081.1078
TZA,YR2015,47378603783.6471
TZA,YR2016,49774004999.2038
TZA,YR2017,53275968094.8533
TZA,YR2018,57003686049.4102
TZA,YR2019,61026765850.3054
UGA,YR2006,9977647685.28515
UGA,YR2007,11902564496.6908
UGA,YR2008,14440404136.5669
UGA,YR2009,25127805566.4511
UGA,YR2010,26673441432.4579
UGA,YR2011,27871725245.1688
UGA,YR2012,27305915907.9939
UGA,YR2013,28915786520.3935
UGA,YR2014,32612397253.2395
UGA,YR2015,32387183733.0207
UGA,YR2016,29203988697.459
UGA,YR2017,30744473839.7439
UGA,YR2018,32927025621.3848
UGA,YR2019,35348155092.292
UKR,YR2006,111884752475.248
UKR,YR2007,148733861386.139
UKR,YR2008,188110375778.931
UKR,YR2009,121552148243.748
UKR,YR2010,141209163012.941
UKR,YR2011,169333838743.705
UKR,YR2012,182591746211.418
UKR,YR2013,190498811460.028
UKR,YR2014,133503867181.971
UKR,YR2015,91030968761.4155
UKR,YR2016,93355868977.6619
UKR,YR2017,112090503817.399
UKR,YR2018,130891086689.522
UKR,YR2019,153883045524.931
UMC,YR2006,8602214788409.79
UMC,YR2007,10635743057387.1
UMC,YR2008,12953100695356.9
UMC,YR2009,12520122233352.0
UMC,YR2010,15356267754831.7
UMC,YR2011,18538276005119.8
UMC,YR2012,19829689458382.6
UMC,YR2013,21215649863990.1
UMC,YR2014,21825453186268.7
UMC,YR2015,20518584369299.0
UMC,YR2016,20476321992810.5
UMC,YR2017,22654892975159.0
UMC,YR2018,24340482542310.2
UMC,YR2019,24792971685094.9
URY,YR2006,19741420466.5393
URY,YR2007,23797773024.3992
URY,YR2008,31119603033.9891
URY,YR2009,32708318594.41
URY,YR2010,41950361211.9581
URY,YR2011,50342405198.2458
URY,YR2012,54232266358.7811
URY,YR2013,61337620935.5305
URY,YR2014,61496186973.902
URY,YR2015,57680328702.241
URY,YR2016,57480788380.312
URY,YR2017,65006047680.3225
URY,YR2018,65203071110.6037
URY,YR2019,62048585618.505
USA,YR2006,13815586948000.0
USA,YR2007,14474226905000.0
USA,YR2008,14769857911000.0
USA,YR2009,14478064934000.0
USA,YR2010,15048964444000.0
USA,YR2011,15599728123000.0
USA,YR2012,16253972230000.0
USA,YR2013,16843190993000.0
USA,YR2014,17550680174000.0
USA,YR2015,18206020741000.0
USA,YR2016,18695110842000.0
USA,YR2017,19477336549000.0
USA,YR2018,20533057312000.0
USA,YR2019,21380976119000.0
UZB,YR2006,17330833852.919
UZB,YR2007,22311393927.8817
UZB,YR2008,29549438883.8338
UZB,YR2009,33689223673.2577
UZB,YR2010,49765676402.4495
UZB,YR2011,60178909297.208
UZB,YR2012,67517349212.0609
UZB,YR2013,73180037913.0325
UZB,YR2014,80845385816.2062
UZB,YR2015,86196264741.9423
UZB,YR2016,86138288633.2241
UZB,YR2017,62081322741.1228
UZB,YR2018,52870108217.5626
UZB,YR2019,60283503705.3907
VCT,YR2006,643501148.148148
VCT,YR2007,713596666.666667
VCT,YR2008,732663259.259259
VCT,YR2009,714300259.259259
VCT,YR2010,720447888.888889
VCT,YR2011,713796370.37037
VCT,YR2012,730032592.592593
VCT,YR2013,764781259.259259
VCT,YR2014,770901436.441118
VCT,YR2015,786554580.796867
VCT,YR2016,814302267.073348
VCT,YR2017,844039068.757533
VCT,YR2018,884328180.526933
VCT,YR2019,910765709.768752
VEN,YR2006,183477522123.894
VEN,YR2007,230364012575.687
VEN,YR2008,315953388510.678
VEN,YR2009,329787628928.471
VEN,YR2010,393192354510.653
VEN,YR2011,316482190800.364
VEN,YR2012,381286237847.667
VEN,YR2013,371005379786.566
VEN,YR2014,482359318767.703
VIR,YR2006,4484000000.0
VIR,YR2007,4784000000.0
VIR,YR2008,4244000000.0
VIR,YR2009,4201000000.0
VIR,YR2010,4324000000.0
VIR,YR2011,4223000000.0
VIR,YR2012,4089000000.0
VIR,YR2013,3738000000.0
VIR,YR2014,3565000000.0
VIR,YR2015,3663000000.0
VIR,YR2016,3798000000.0
VIR,YR2017,3794000000.0
VIR,YR2018,3922000000.0
VIR,YR2019,4117000000.0
VNM,YR2006,66371664817.0436
VNM,YR2007,77414425532.2452
VNM,YR2008,99130304099.1274
VNM,YR2009,106014659563.143
VNM,YR2010,147201164066.172
VNM,YR2011,172595034069.162
VNM,YR2012,195590647205.685
VNM,YR2013,213708830776.947
VNM,YR2014,233451484773.974
VNM,YR2015,239258340825.533
VNM,YR2016,257096001174.075
VNM,YR2017,281353626107.245
VNM,YR2018,310106472642.968
VNM,YR2019,334365257920.289
VUT,YR2006,439358585.211911
VUT,YR2007,516392922.513728
VUT,YR2008,590748431.345135
VUT,YR2009,592622317.295008
VUT,YR2010,670712977.374943
VUT,YR2011,770153591.088177
VUT,YR2012,747839697.746593
VUT,YR2013,758304466.245339
VUT,YR2014,772315986.470477
VUT,YR2015,730870805.20235
VUT,YR2016,780889605.899977
VUT,YR2017,880061830.96959
VUT,YR2018,914736985.430944
VUT,YR2019,936526267.622513
WLD,YR2006,51791096256796.5
WLD,YR2007,58361096784020.2
WLD,YR2008,64135192896903.2
WLD,YR2009,60817919586141.3
WLD,YR2010,66619781549531.8
WLD,YR2011,73881739609759.5
WLD,YR2012,75525948524603.4
WLD,YR2013,77635152493358.3
WLD,YR2014,79756517210011.0
WLD,YR2015,75215062596594.9
WLD,YR2016,76486454870400.4
WLD,YR2017,81442048665487.8
WLD,YR2018,86502223934428.3
WLD,YR2019,87728102156402.9
WSM,YR2006,499923757.780736
WSM,YR2007,573548459.833372
WSM,YR2008,641346191.664776
WSM,YR2009,628006115.424052
WSM,YR2010,680260919.878945
WSM,YR2011,744096948.492259
WSM,YR2012,773141695.14845
WSM,YR2013,797736265.919418
WSM,YR2014,796683672.75348
WSM,YR2015,824150487.210566
WSM,YR2016,843924750.673535
WSM,YR2017,884844419.778891
WSM,YR2018,878448439.453724
WSM,YR2019,912950619.371868
XKX,YR2008,5181776768.71247
XKX,YR2009,5015894692.97027
XKX,YR2010,5343950626.16668
XKX,YR2011,6341614504.59145
XKX,YR2012,6163483291.08047
XKX,YR2013,6735327512.05178
XKX,YR2014,7074392884.04507
XKX,YR2015,6295845465.35898
XKX,YR2016,6682674062.9615
XKX,YR2017,7180768692.26354
XKX,YR2018,7878762812.20156
XKX,YR2019,7899741278.93571
YEM,YR2006,19061978586.1278
YEM,YR2007,21650532264.2322
YEM,YR2008,26910855852.1923
YEM,YR2009,25130278253.8534
YEM,YR2010,30906749533.221
YEM,YR2011,32726417878.391
YEM,YR2012,35401323349.8817
YEM,YR2013,40415233436.1767
YEM,YR2014,43228585321.3272
YEM,YR2015,42444489460.9387
YEM,YR2016,31317824906.4358
YEM,YR2017,26842231204.8047
YEM,YR2018,21606161066.2074
ZAF,YR2006,303858667884.835
ZAF,YR2007,333077117253.684
ZAF,YR2008,316131245860.682
ZAF,YR2009,329754054488.855
ZAF,YR2010,417363825016.286
ZAF,YR2011,458199486480.576
ZAF,YR2012,434400545085.811
ZAF,YR2013,400886013595.573
ZAF,YR2014,381198869776.106
ZAF,YR2015,346709790458.563
ZAF,YR2016,323585509674.481
ZAF,YR2017,381448814653.456
ZAF,YR2018,404158882459.024
ZAF,YR2019,388531226582.351
ZMB,YR2006,12756858899.2812
ZMB,YR2007,14056957976.2648
ZMB,YR2008,17910858637.9048
ZMB,YR2009,15328342303.9575
ZMB,YR2010,20265559483.8548
ZMB,YR2011,23459515275.5776
ZMB,YR2012,25503060420.026
ZMB,YR2013,28037239462.7142
ZMB,YR2014,27141023558.0829
ZMB,YR2015,21251216798.7762
ZMB,YR2016,20958412538.3093
ZMB,YR2017,25873601260.8353
ZMB,YR2018,26311506435.0598
ZMB,YR2019,23308667781.2258
ZWE,YR2006,5443896500.0
ZWE,YR2007,5291950100.0
ZWE,YR2008,4415702800.0
ZWE,YR2009,9665793300.0
ZWE,YR2010,12041655200.0
ZWE,YR2011,14101920300.0
ZWE,YR2012,17114849900.0
ZWE,YR2013,19091020000.0
ZWE,YR2014,19495519600.0
ZWE,YR2015,19963120600.0
ZWE,YR2016,20548678100.0
ZWE,YR2017,17584890936.6523
ZWE,YR2018,34156069918.0609
ZWE,YR2019,21832234925.5021
