,economy,time,SP.URB.TOTL.IN.ZS
0,ABW,YR2006,44.511
1,ABW,YR2007,44.147
2,ABW,YR2008,43.783
3,ABW,YR2009,43.421
4,ABW,YR2010,43.059
5,ABW,YR2011,42.94
6,ABW,YR2012,42.957
7,ABW,YR2013,42.99
8,ABW,YR2014,43.041
9,ABW,YR2015,43.108
10,ABW,YR2016,43.192
11,ABW,YR2017,43.293
12,ABW,YR2018,43.411
13,ABW,YR2019,43.546
14,AFE,YR2006,30.6760655097936
15,AFE,YR2007,30.9347663936363
16,AFE,YR2008,31.3432413028329
17,AFE,YR2009,31.7575261988182
18,AFE,YR2010,32.1812909874008
19,AFE,YR2011,32.6176919701458
20,AFE,YR2012,33.0404735995372
21,AFE,YR2013,33.4762116803168
22,AFE,YR2014,33.9369626271775
23,AFE,YR2015,34.4255836913133
24,AFE,YR2016,34.8947525660119
25,AFE,YR2017,35.3589006750633
26,AFE,YR2018,35.8475977789474
27,AFE,YR2019,36.3362593667609
28,AFG,YR2006,22.907
29,AFG,YR2007,23.113
30,AFG,YR2008,23.32
31,AFG,YR2009,23.528
32,AFG,YR2010,23.737
33,AFG,YR2011,23.948
34,AFG,YR2012,24.16
35,AFG,YR2013,24.373
36,AFG,YR2014,24.587
37,AFG,YR2015,24.803
38,AFG,YR2016,25.02
39,AFG,YR2017,25.25
40,AFG,YR2018,25.495
41,AFG,YR2019,25.754
42,AFW,YR2006,39.0793036228639
43,AFW,YR2007,39.7215976792338
44,AFW,YR2008,40.3605353308944
45,AFW,YR2009,41.0015117521088
46,AFW,YR2010,41.6471579047466
47,AFW,YR2011,42.2882991749983
48,AFW,YR2012,42.9258849777623
49,AFW,YR2013,43.5540938885034
50,AFW,YR2014,44.180175009112
51,AFW,YR2015,44.8058632577217
52,AFW,YR2016,45.4250663763621
53,AFW,YR2017,46.0394778242827
54,AFW,YR2018,46.6494258286276
55,AFW,YR2019,47.2554132163805
56,AGO,YR2006,56.764
57,AGO,YR2007,57.524
58,AGO,YR2008,58.282
59,AGO,YR2009,59.034
60,AGO,YR2010,59.783
61,AGO,YR2011,60.528
62,AGO,YR2012,61.268
63,AGO,YR2013,62.002
64,AGO,YR2014,62.731
65,AGO,YR2015,63.446
66,AGO,YR2016,64.149
67,AGO,YR2017,64.839
68,AGO,YR2018,65.514
69,AGO,YR2019,66.177
70,ALB,YR2006,47.815
71,ALB,YR2007,48.902
72,ALB,YR2008,49.991
73,ALB,YR2009,51.076
74,ALB,YR2010,52.163
75,ALB,YR2011,53.247
76,ALB,YR2012,54.33
77,ALB,YR2013,55.387
78,ALB,YR2014,56.423
79,ALB,YR2015,57.434
80,ALB,YR2016,58.421
81,ALB,YR2017,59.383
82,ALB,YR2018,60.319
83,ALB,YR2019,61.229
84,AND,YR2006,89.807
85,AND,YR2007,89.308
86,AND,YR2008,89.004
87,AND,YR2009,88.912
88,AND,YR2010,88.819
89,AND,YR2011,88.726
90,AND,YR2012,88.631
91,AND,YR2013,88.537
92,AND,YR2014,88.441
93,AND,YR2015,88.345
94,AND,YR2016,88.248
95,AND,YR2017,88.15
96,AND,YR2018,88.062
97,AND,YR2019,87.984
98,ARB,YR2006,54.834300381715
99,ARB,YR2007,55.1196682551353
100,ARB,YR2008,55.5592923941882
101,ARB,YR2009,55.996756942822
102,ARB,YR2010,56.3804175556449
103,ARB,YR2011,56.6379951294674
104,ARB,YR2012,56.8642213511558
105,ARB,YR2013,57.1779738210308
106,ARB,YR2014,57.507260831792
107,ARB,YR2015,57.8461531322777
108,ARB,YR2016,58.1232553821431
109,ARB,YR2017,58.3712899667064
110,ARB,YR2018,58.6295761563896
111,ARB,YR2019,58.8838169749636
112,ARE,YR2006,82.648
113,ARE,YR2007,83.023
114,ARE,YR2008,83.387
115,ARE,YR2009,83.742
116,ARE,YR2010,84.087
117,ARE,YR2011,84.423
118,ARE,YR2012,84.749
119,ARE,YR2013,85.066
120,ARE,YR2014,85.375
121,ARE,YR2015,85.674
122,ARE,YR2016,85.965
123,ARE,YR2017,86.248
124,ARE,YR2018,86.522
125,ARE,YR2019,86.789
126,ARG,YR2006,90.2
127,ARG,YR2007,90.366
128,ARG,YR2008,90.53
129,ARG,YR2009,90.691
130,ARG,YR2010,90.849
131,ARG,YR2011,90.99
132,ARG,YR2012,91.121
133,ARG,YR2013,91.249
134,ARG,YR2014,91.377
135,ARG,YR2015,91.503
136,ARG,YR2016,91.627
137,ARG,YR2017,91.749
138,ARG,YR2018,91.87
139,ARG,YR2019,91.991
140,ARM,YR2006,63.839
141,ARM,YR2007,63.739
142,ARM,YR2008,63.64
143,ARM,YR2009,63.54
144,ARM,YR2010,63.44
145,ARM,YR2011,63.34
146,ARM,YR2012,63.24
147,ARM,YR2013,63.164
148,ARM,YR2014,63.112
149,ARM,YR2015,63.085
150,ARM,YR2016,63.082
151,ARM,YR2017,63.103
152,ARM,YR2018,63.149
153,ARM,YR2019,63.219
154,ASM,YR2006,88.0
155,ASM,YR2007,87.9
156,ASM,YR2008,87.799
157,ASM,YR2009,87.697
158,ASM,YR2010,87.594
159,ASM,YR2011,87.502
160,ASM,YR2012,87.42
161,ASM,YR2013,87.348
162,ASM,YR2014,87.288
163,ASM,YR2015,87.238
164,ASM,YR2016,87.198
165,ASM,YR2017,87.17
166,ASM,YR2018,87.153
167,ASM,YR2019,87.147
168,ATG,YR2006,28.606
169,ATG,YR2007,28.002
170,ATG,YR2008,27.405
171,ATG,YR2009,26.818
172,ATG,YR2010,26.238
173,ATG,YR2011,25.703
174,ATG,YR2012,25.526
175,ATG,YR2013,25.35
176,ATG,YR2014,25.175
177,ATG,YR2015,25.0
178,ATG,YR2016,24.846
179,ATG,YR2017,24.713
180,ATG,YR2018,24.599
181,ATG,YR2019,24.506
182,AUS,YR2006,84.7
183,AUS,YR2007,84.822
184,AUS,YR2008,84.943
185,AUS,YR2009,85.063
186,AUS,YR2010,85.182
187,AUS,YR2011,85.3
188,AUS,YR2012,85.402
189,AUS,YR2013,85.502
190,AUS,YR2014,85.602
191,AUS,YR2015,85.701
192,AUS,YR2016,85.8
193,AUS,YR2017,85.904
194,AUS,YR2018,86.012
195,AUS,YR2019,86.124
196,AUT,YR2006,58.532
197,AUT,YR2007,58.249
198,AUT,YR2008,57.966
199,AUT,YR2009,57.683
200,AUT,YR2010,57.399
201,AUT,YR2011,57.115
202,AUT,YR2012,57.147
203,AUT,YR2013,57.336
204,AUT,YR2014,57.526
205,AUT,YR2015,57.715
206,AUT,YR2016,57.905
207,AUT,YR2017,58.094
208,AUT,YR2018,58.297
209,AUT,YR2019,58.515
210,AZE,YR2006,52.589
211,AZE,YR2007,52.79
212,AZE,YR2008,52.99
213,AZE,YR2009,53.19
214,AZE,YR2010,53.406
215,AZE,YR2011,53.637
216,AZE,YR2012,53.883
217,AZE,YR2013,54.145
218,AZE,YR2014,54.422
219,AZE,YR2015,54.714
220,AZE,YR2016,55.021
221,AZE,YR2017,55.343
222,AZE,YR2018,55.68
223,AZE,YR2019,56.031
224,BDI,YR2006,9.617
225,BDI,YR2007,9.864
226,BDI,YR2008,10.118
227,BDI,YR2009,10.376
228,BDI,YR2010,10.642
229,BDI,YR2011,10.915
230,BDI,YR2012,11.194
231,BDI,YR2013,11.482
232,BDI,YR2014,11.776
233,BDI,YR2015,12.078
234,BDI,YR2016,12.388
235,BDI,YR2017,12.706
236,BDI,YR2018,13.032
237,BDI,YR2019,13.366
238,BEL,YR2006,97.454
239,BEL,YR2007,97.505
240,BEL,YR2008,97.555
241,BEL,YR2009,97.603
242,BEL,YR2010,97.651
243,BEL,YR2011,97.698
244,BEL,YR2012,97.744
245,BEL,YR2013,97.789
246,BEL,YR2014,97.833
247,BEL,YR2015,97.876
248,BEL,YR2016,97.919
249,BEL,YR2017,97.961
250,BEL,YR2018,98.001
251,BEL,YR2019,98.041
252,BEN,YR2006,41.049
253,BEN,YR2007,41.558
254,BEN,YR2008,42.069
255,BEN,YR2009,42.58
256,BEN,YR2010,43.093
257,BEN,YR2011,43.608
258,BEN,YR2012,44.125
259,BEN,YR2013,44.642
260,BEN,YR2014,45.166
261,BEN,YR2015,45.695
262,BEN,YR2016,46.229
263,BEN,YR2017,46.768
264,BEN,YR2018,47.312
265,BEN,YR2019,47.861
266,BFA,YR2006,22.339
267,BFA,YR2007,22.996
268,BFA,YR2008,23.534
269,BFA,YR2009,24.079
270,BFA,YR2010,24.633
271,BFA,YR2011,25.196
272,BFA,YR2012,25.767
273,BFA,YR2013,26.346
274,BFA,YR2014,26.934
275,BFA,YR2015,27.53
276,BFA,YR2016,28.134
277,BFA,YR2017,28.743
278,BFA,YR2018,29.358
279,BFA,YR2019,29.98
280,BGD,YR2006,27.517
281,BGD,YR2007,28.237
282,BGD,YR2008,28.968
283,BGD,YR2009,29.709
284,BGD,YR2010,30.462
285,BGD,YR2011,31.225
286,BGD,YR2012,31.993
287,BGD,YR2013,32.762
288,BGD,YR2014,33.535
289,BGD,YR2015,34.308
290,BGD,YR2016,35.083
291,BGD,YR2017,35.858
292,BGD,YR2018,36.632
293,BGD,YR2019,37.405
294,BGR,YR2006,70.932
295,BGR,YR2007,71.278
296,BGR,YR2008,71.622
297,BGR,YR2009,71.963
298,BGR,YR2010,72.302
299,BGR,YR2011,72.638
300,BGR,YR2012,72.975
301,BGR,YR2013,73.313
302,BGR,YR2014,73.651
303,BGR,YR2015,73.99
304,BGR,YR2016,74.329
305,BGR,YR2017,74.669
306,BGR,YR2018,75.008
307,BGR,YR2019,75.347
308,BHR,YR2006,88.452
309,BHR,YR2007,88.488
310,BHR,YR2008,88.53
311,BHR,YR2009,88.579
312,BHR,YR2010,88.634
313,BHR,YR2011,88.695
314,BHR,YR2012,88.762
315,BHR,YR2013,88.835
316,BHR,YR2014,88.915
317,BHR,YR2015,88.999
318,BHR,YR2016,89.09
319,BHR,YR2017,89.186
320,BHR,YR2018,89.287
321,BHR,YR2019,89.394
322,BHS,YR2006,82.26
323,BHS,YR2007,82.302
324,BHS,YR2008,82.343
325,BHS,YR2009,82.385
326,BHS,YR2010,82.427
327,BHS,YR2011,82.476
328,BHS,YR2012,82.532
329,BHS,YR2013,82.596
330,BHS,YR2014,82.668
331,BHS,YR2015,82.746
332,BHS,YR2016,82.832
333,BHS,YR2017,82.925
334,BHS,YR2018,83.025
335,BHS,YR2019,83.132
336,BIH,YR2006,44.282
337,BIH,YR2007,44.601
338,BIH,YR2008,44.92
339,BIH,YR2009,45.239
340,BIH,YR2010,45.558
341,BIH,YR2011,45.878
342,BIH,YR2012,46.199
343,BIH,YR2013,46.519
344,BIH,YR2014,46.84
345,BIH,YR2015,47.173
346,BIH,YR2016,47.518
347,BIH,YR2017,47.876
348,BIH,YR2018,48.245
349,BIH,YR2019,48.626
350,BLR,YR2006,72.816
351,BLR,YR2007,73.273
352,BLR,YR2008,73.726
353,BLR,YR2009,74.172
354,BLR,YR2010,74.672
355,BLR,YR2011,75.188
356,BLR,YR2012,75.697
357,BLR,YR2013,76.199
358,BLR,YR2014,76.693
359,BLR,YR2015,77.181
360,BLR,YR2016,77.661
361,BLR,YR2017,78.134
362,BLR,YR2018,78.595
363,BLR,YR2019,79.044
364,BLZ,YR2006,45.296
365,BLZ,YR2007,45.279
366,BLZ,YR2008,45.262
367,BLZ,YR2009,45.245
368,BLZ,YR2010,45.228
369,BLZ,YR2011,45.228
370,BLZ,YR2012,45.246
371,BLZ,YR2013,45.282
372,BLZ,YR2014,45.335
373,BLZ,YR2015,45.406
374,BLZ,YR2016,45.495
375,BLZ,YR2017,45.601
376,BLZ,YR2018,45.724
377,BLZ,YR2019,45.866
378,BMU,YR2006,100.0
379,BMU,YR2007,100.0
380,BMU,YR2008,100.0
381,BMU,YR2009,100.0
382,BMU,YR2010,100.0
383,BMU,YR2011,100.0
384,BMU,YR2012,100.0
385,BMU,YR2013,100.0
386,BMU,YR2014,100.0
387,BMU,YR2015,100.0
388,BMU,YR2016,100.0
389,BMU,YR2017,100.0
390,BMU,YR2018,100.0
391,BMU,YR2019,100.0
392,BOL,YR2006,64.628
393,BOL,YR2007,65.082
394,BOL,YR2008,65.535
395,BOL,YR2009,65.984
396,BOL,YR2010,66.43
397,BOL,YR2011,66.874
398,BOL,YR2012,67.315
399,BOL,YR2013,67.699
400,BOL,YR2014,68.047
401,BOL,YR2015,68.393
402,BOL,YR2016,68.738
403,BOL,YR2017,69.08
404,BOL,YR2018,69.425
405,BOL,YR2019,69.773
406,BRA,YR2006,83.143
407,BRA,YR2007,83.448
408,BRA,YR2008,83.749
409,BRA,YR2009,84.044
410,BRA,YR2010,84.335
411,BRA,YR2011,84.631
412,BRA,YR2012,84.923
413,BRA,YR2013,85.209
414,BRA,YR2014,85.492
415,BRA,YR2015,85.77
416,BRA,YR2016,86.042
417,BRA,YR2017,86.309
418,BRA,YR2018,86.569
419,BRA,YR2019,86.824
420,BRB,YR2006,32.646
421,BRB,YR2007,32.451
422,BRB,YR2008,32.256
423,BRB,YR2009,32.063
424,BRB,YR2010,31.87
425,BRB,YR2011,31.7
426,BRB,YR2012,31.553
427,BRB,YR2013,31.429
428,BRB,YR2014,31.328
429,BRB,YR2015,31.249
430,BRB,YR2016,31.193
431,BRB,YR2017,31.159
432,BRB,YR2018,31.147
433,BRB,YR2019,31.158
434,BRN,YR2006,73.529
435,BRN,YR2007,73.892
436,BRN,YR2008,74.252
437,BRN,YR2009,74.608
438,BRN,YR2010,74.961
439,BRN,YR2011,75.31
440,BRN,YR2012,75.656
441,BRN,YR2013,75.997
442,BRN,YR2014,76.332
443,BRN,YR2015,76.663
444,BRN,YR2016,76.99
445,BRN,YR2017,77.312
446,BRN,YR2018,77.629
447,BRN,YR2019,77.942
448,BTN,YR2006,31.712
449,BTN,YR2007,32.469
450,BTN,YR2008,33.236
451,BTN,YR2009,34.01
452,BTN,YR2010,34.793
453,BTN,YR2011,35.585
454,BTN,YR2012,36.371
455,BTN,YR2013,37.149
456,BTN,YR2014,37.918
457,BTN,YR2015,38.678
458,BTN,YR2016,39.428
459,BTN,YR2017,40.167
460,BTN,YR2018,40.895
461,BTN,YR2019,41.612
462,BWA,YR2006,56.4
463,BWA,YR2007,57.928
464,BWA,YR2008,59.444
465,BWA,YR2009,60.937
466,BWA,YR2010,62.412
467,BWA,YR2011,63.865
468,BWA,YR2012,64.768
469,BWA,YR2013,65.572
470,BWA,YR2014,66.368
471,BWA,YR2015,67.155
472,BWA,YR2016,67.933
473,BWA,YR2017,68.7
474,BWA,YR2018,69.446
475,BWA,YR2019,70.172
476,CAF,YR2006,38.193
477,CAF,YR2007,38.339
478,CAF,YR2008,38.506
479,CAF,YR2009,38.694
480,CAF,YR2010,38.904
481,CAF,YR2011,39.135
482,CAF,YR2012,39.388
483,CAF,YR2013,39.663
484,CAF,YR2014,39.959
485,CAF,YR2015,40.277
486,CAF,YR2016,40.618
487,CAF,YR2017,40.98
488,CAF,YR2018,41.364
489,CAF,YR2019,41.77
490,CAN,YR2006,80.213
491,CAN,YR2007,80.396
492,CAN,YR2008,80.578
493,CAN,YR2009,80.758
494,CAN,YR2010,80.937
495,CAN,YR2011,81.096
496,CAN,YR2012,81.137
497,CAN,YR2013,81.178
498,CAN,YR2014,81.218
499,CAN,YR2015,81.259
500,CAN,YR2016,81.3
501,CAN,YR2017,81.35
502,CAN,YR2018,81.411
503,CAN,YR2019,81.482
504,CEB,YR2006,61.7638954455271
505,CEB,YR2007,61.8418454287671
506,CEB,YR2008,61.9245405466205
507,CEB,YR2009,61.9860468760089
508,CEB,YR2010,62.0260650244198
509,CEB,YR2011,62.0639344852313
510,CEB,YR2012,62.0817769738868
511,CEB,YR2013,62.0968137366794
512,CEB,YR2014,62.1136451427738
513,CEB,YR2015,62.1406724582082
514,CEB,YR2016,62.1844843229932
515,CEB,YR2017,62.2484547292635
516,CEB,YR2018,62.3336666035846
517,CEB,YR2019,62.4381392131022
518,CHE,YR2006,73.504
519,CHE,YR2007,73.53
520,CHE,YR2008,73.556
521,CHE,YR2009,73.581
522,CHE,YR2010,73.607
523,CHE,YR2011,73.631
524,CHE,YR2012,73.653
525,CHE,YR2013,73.674
526,CHE,YR2014,73.696
527,CHE,YR2015,73.718
528,CHE,YR2016,73.739
529,CHE,YR2017,73.761
530,CHE,YR2018,73.797
531,CHE,YR2019,73.849
532,CHI,YR2006,30.805
533,CHI,YR2007,30.867
534,CHI,YR2008,30.929
535,CHI,YR2009,30.992
536,CHI,YR2010,31.054
537,CHI,YR2011,31.091
538,CHI,YR2012,31.059
539,CHI,YR2013,31.027
540,CHI,YR2014,30.995
541,CHI,YR2015,30.962
542,CHI,YR2016,30.93
543,CHI,YR2017,30.914
544,CHI,YR2018,30.914
545,CHI,YR2019,30.931
546,CHL,YR2006,86.842
547,CHL,YR2007,86.9
548,CHL,YR2008,86.959
549,CHL,YR2009,87.017
550,CHL,YR2010,87.074
551,CHL,YR2011,87.132
552,CHL,YR2012,87.189
553,CHL,YR2013,87.246
554,CHL,YR2014,87.303
555,CHL,YR2015,87.36
556,CHL,YR2016,87.422
557,CHL,YR2017,87.49
558,CHL,YR2018,87.564
559,CHL,YR2019,87.643
560,CHN,YR2006,43.868
561,CHN,YR2007,45.199
562,CHN,YR2008,46.539
563,CHN,YR2009,47.88
564,CHN,YR2010,49.226
565,CHN,YR2011,50.511
566,CHN,YR2012,51.765
567,CHN,YR2013,53.013
568,CHN,YR2014,54.259
569,CHN,YR2015,55.5
570,CHN,YR2016,56.736
571,CHN,YR2017,57.96
572,CHN,YR2018,59.152
573,CHN,YR2019,60.308
574,CIV,YR2006,45.652
575,CIV,YR2007,46.071
576,CIV,YR2008,46.491
577,CIV,YR2009,46.91
578,CIV,YR2010,47.33
579,CIV,YR2011,47.751
580,CIV,YR2012,48.172
581,CIV,YR2013,48.593
582,CIV,YR2014,49.014
583,CIV,YR2015,49.444
584,CIV,YR2016,49.881
585,CIV,YR2017,50.326
586,CIV,YR2018,50.779
587,CIV,YR2019,51.239
588,CMR,YR2006,49.143
589,CMR,YR2007,49.746
590,CMR,YR2008,50.35
591,CMR,YR2009,50.954
592,CMR,YR2010,51.559
593,CMR,YR2011,52.164
594,CMR,YR2012,52.769
595,CMR,YR2013,53.373
596,CMR,YR2014,53.976
597,CMR,YR2015,54.578
598,CMR,YR2016,55.179
599,CMR,YR2017,55.777
600,CMR,YR2018,56.374
601,CMR,YR2019,56.968
602,COD,YR2006,37.971
603,COD,YR2007,38.47
604,COD,YR2008,38.976
605,COD,YR2009,39.491
606,COD,YR2010,40.013
607,COD,YR2011,40.544
608,COD,YR2012,41.082
609,COD,YR2013,41.627
610,COD,YR2014,42.18
611,COD,YR2015,42.74
612,COD,YR2016,43.307
613,COD,YR2017,43.88
614,COD,YR2018,44.46
615,COD,YR2019,45.046
616,COG,YR2006,61.441
617,COG,YR2007,61.893
618,COG,YR2008,62.346
619,COG,YR2009,62.8
620,COG,YR2010,63.256
621,COG,YR2011,63.712
622,COG,YR2012,64.169
623,COG,YR2013,64.627
624,COG,YR2014,65.085
625,COG,YR2015,65.543
626,COG,YR2016,66.001
627,COG,YR2017,66.459
628,COG,YR2018,66.916
629,COG,YR2019,67.373
630,COL,YR2006,76.423
631,COL,YR2007,76.816
632,COL,YR2008,77.204
633,COL,YR2009,77.587
634,COL,YR2010,77.964
635,COL,YR2011,78.335
636,COL,YR2012,78.701
637,COL,YR2013,79.061
638,COL,YR2014,79.415
639,COL,YR2015,79.764
640,COL,YR2016,80.108
641,COL,YR2017,80.446
642,COL,YR2018,80.778
643,COL,YR2019,81.104
644,COM,YR2006,27.863
645,COM,YR2007,27.867
646,COM,YR2008,27.886
647,COM,YR2009,27.921
648,COM,YR2010,27.973
649,COM,YR2011,28.04
650,COM,YR2012,28.123
651,COM,YR2013,28.223
652,COM,YR2014,28.338
653,COM,YR2015,28.47
654,COM,YR2016,28.619
655,COM,YR2017,28.784
656,COM,YR2018,28.965
657,COM,YR2019,29.164
658,CPV,YR2006,58.529
659,CPV,YR2007,59.363
660,CPV,YR2008,60.194
661,CPV,YR2009,61.016
662,CPV,YR2010,61.821
663,CPV,YR2011,62.322
664,CPV,YR2012,62.821
665,CPV,YR2013,63.317
666,CPV,YR2014,63.81
667,CPV,YR2015,64.3
668,CPV,YR2016,64.784
669,CPV,YR2017,65.261
670,CPV,YR2018,65.732
671,CPV,YR2019,66.195
672,CRI,YR2006,66.935
673,CRI,YR2007,68.174
674,CRI,YR2008,69.39
675,CRI,YR2009,70.575
676,CRI,YR2010,71.736
677,CRI,YR2011,72.868
678,CRI,YR2012,73.946
679,CRI,YR2013,74.97
680,CRI,YR2014,75.941
681,CRI,YR2015,76.862
682,CRI,YR2016,77.735
683,CRI,YR2017,78.56
684,CRI,YR2018,79.34
685,CRI,YR2019,80.076
686,CSS,YR2006,50.5435096153916
687,CSS,YR2007,50.5511377643632
688,CSS,YR2008,50.5607181876924
689,CSS,YR2009,50.5733634947963
690,CSS,YR2010,50.5922997619506
691,CSS,YR2011,50.6328646031142
692,CSS,YR2012,50.7032799840767
693,CSS,YR2013,50.7721913746076
694,CSS,YR2014,50.8567515329247
695,CSS,YR2015,50.9562535915473
696,CSS,YR2016,51.0691969628942
697,CSS,YR2017,51.1968908347543
698,CSS,YR2018,51.2831107723078
699,CSS,YR2019,51.4126471802246
700,CUB,YR2006,76.227
701,CUB,YR2007,76.32
702,CUB,YR2008,76.413
703,CUB,YR2009,76.505
704,CUB,YR2010,76.597
705,CUB,YR2011,76.689
706,CUB,YR2012,76.781
707,CUB,YR2013,76.827
708,CUB,YR2014,76.861
709,CUB,YR2015,76.896
710,CUB,YR2016,76.93
711,CUB,YR2017,76.977
712,CUB,YR2018,77.037
713,CUB,YR2019,77.109
714,CUW,YR2006,90.411
715,CUW,YR2007,90.287
716,CUW,YR2008,90.161
717,CUW,YR2009,90.034
718,CUW,YR2010,89.905
719,CUW,YR2011,89.775
720,CUW,YR2012,89.654
721,CUW,YR2013,89.544
722,CUW,YR2014,89.443
723,CUW,YR2015,89.352
724,CUW,YR2016,89.272
725,CUW,YR2017,89.203
726,CUW,YR2018,89.145
727,CUW,YR2019,89.098
728,CYM,YR2006,100.0
729,CYM,YR2007,100.0
730,CYM,YR2008,100.0
731,CYM,YR2009,100.0
732,CYM,YR2010,100.0
733,CYM,YR2011,100.0
734,CYM,YR2012,100.0
735,CYM,YR2013,100.0
736,CYM,YR2014,100.0
737,CYM,YR2015,100.0
738,CYM,YR2016,100.0
739,CYM,YR2017,100.0
740,CYM,YR2018,100.0
741,CYM,YR2019,100.0
742,CYP,YR2006,68.125
743,CYP,YR2007,67.982
744,CYP,YR2008,67.839
745,CYP,YR2009,67.695
746,CYP,YR2010,67.551
747,CYP,YR2011,67.406
748,CYP,YR2012,67.261
749,CYP,YR2013,67.137
750,CYP,YR2014,67.031
751,CYP,YR2015,66.946
752,CYP,YR2016,66.881
753,CYP,YR2017,66.836
754,CYP,YR2018,66.81
755,CYP,YR2019,66.805
756,CZE,YR2006,73.533
757,CZE,YR2007,73.463
758,CZE,YR2008,73.394
759,CZE,YR2009,73.324
760,CZE,YR2010,73.255
761,CZE,YR2011,73.185
762,CZE,YR2012,73.197
763,CZE,YR2013,73.29
764,CZE,YR2014,73.384
765,CZE,YR2015,73.477
766,CZE,YR2016,73.57
767,CZE,YR2017,73.675
768,CZE,YR2018,73.792
769,CZE,YR2019,73.921
770,DEU,YR2006,76.179
771,DEU,YR2007,76.378
772,DEU,YR2008,76.575
773,DEU,YR2009,76.771
774,DEU,YR2010,76.966
775,DEU,YR2011,77.16
776,DEU,YR2012,77.17
777,DEU,YR2013,77.18
778,DEU,YR2014,77.19
779,DEU,YR2015,77.2
780,DEU,YR2016,77.224
781,DEU,YR2017,77.261
782,DEU,YR2018,77.312
783,DEU,YR2019,77.376
784,DJI,YR2006,76.807
785,DJI,YR2007,76.853
786,DJI,YR2008,76.899
787,DJI,YR2009,76.944
788,DJI,YR2010,76.999
789,DJI,YR2011,77.064
790,DJI,YR2012,77.138
791,DJI,YR2013,77.222
792,DJI,YR2014,77.314
793,DJI,YR2015,77.417
794,DJI,YR2016,77.528
795,DJI,YR2017,77.648
796,DJI,YR2018,77.777
797,DJI,YR2019,77.915
798,DMA,YR2006,66.903
799,DMA,YR2007,67.203
800,DMA,YR2008,67.502
801,DMA,YR2009,67.799
802,DMA,YR2010,68.094
803,DMA,YR2011,68.389
804,DMA,YR2012,68.685
805,DMA,YR2013,68.982
806,DMA,YR2014,69.28
807,DMA,YR2015,69.579
808,DMA,YR2016,69.88
809,DMA,YR2017,70.181
810,DMA,YR2018,70.483
811,DMA,YR2019,70.786
812,DNK,YR2006,86.098
813,DNK,YR2007,86.293
814,DNK,YR2008,86.487
815,DNK,YR2009,86.654
816,DNK,YR2010,86.795
817,DNK,YR2011,86.957
818,DNK,YR2012,87.142
819,DNK,YR2013,87.292
820,DNK,YR2014,87.41
821,DNK,YR2015,87.526
822,DNK,YR2016,87.642
823,DNK,YR2017,87.757
824,DNK,YR2018,87.874
825,DNK,YR2019,87.994
826,DOM,YR2006,68.71
827,DOM,YR2007,70.02
828,DOM,YR2008,71.3
829,DOM,YR2009,72.542
830,DOM,YR2010,73.753
831,DOM,YR2011,74.827
832,DOM,YR2012,75.802
833,DOM,YR2013,76.749
834,DOM,YR2014,77.67
835,DOM,YR2015,78.566
836,DOM,YR2016,79.436
837,DOM,YR2017,80.277
838,DOM,YR2018,81.074
839,DOM,YR2019,81.828
840,DZA,YR2006,64.593
841,DZA,YR2007,65.348
842,DZA,YR2008,66.097
843,DZA,YR2009,66.826
844,DZA,YR2010,67.54
845,DZA,YR2011,68.236
846,DZA,YR2012,68.915
847,DZA,YR2013,69.576
848,DZA,YR2014,70.221
849,DZA,YR2015,70.848
850,DZA,YR2016,71.459
851,DZA,YR2017,72.052
852,DZA,YR2018,72.629
853,DZA,YR2019,73.189
854,EAP,YR2006,43.2259597787455
855,EAP,YR2007,44.3244244407424
856,EAP,YR2008,45.4279483985146
857,EAP,YR2009,46.5316811716063
858,EAP,YR2010,47.635499985705
859,EAP,YR2011,48.675251510102
860,EAP,YR2012,49.6899019905376
861,EAP,YR2013,50.6985603387689
862,EAP,YR2014,51.7045623287037
863,EAP,YR2015,52.7052890482425
864,EAP,YR2016,53.7012272024128
865,EAP,YR2017,54.6888562331306
866,EAP,YR2018,55.6520110945392
867,EAP,YR2019,56.5876135587308
868,EAR,YR2006,40.445059749166
869,EAR,YR2007,40.8282068162972
870,EAR,YR2008,41.2118437425607
871,EAR,YR2009,41.5949803106204
872,EAR,YR2010,41.9720636695194
873,EAR,YR2011,42.3338668371051
874,EAR,YR2012,42.6938580674811
875,EAR,YR2013,43.0694225622447
876,EAR,YR2014,43.4651225537468
877,EAR,YR2015,43.8800312232045
878,EAR,YR2016,44.2841091018813
879,EAR,YR2017,44.6778629117447
880,EAR,YR2018,45.0735164665245
881,EAR,YR2019,45.4745668405316
882,EAS,YR2006,47.8214066572091
883,EAS,YR2007,48.8586200524149
884,EAS,YR2008,49.898381618332
885,EAS,YR2009,50.9285819146823
886,EAS,YR2010,51.9540856381233
887,EAS,YR2011,52.8824684747964
888,EAS,YR2012,53.775994456616
889,EAS,YR2013,54.6637466620364
890,EAS,YR2014,55.5523143373448
891,EAS,YR2015,56.438638125563
892,EAS,YR2016,57.3222060045605
893,EAS,YR2017,58.1972582891583
894,EAS,YR2018,59.054742639197
895,EAS,YR2019,59.8909778915045
896,ECA,YR2006,65.5398933825914
897,ECA,YR2007,65.7363344929931
898,ECA,YR2008,65.9297489770975
899,ECA,YR2009,66.1227291489325
900,ECA,YR2010,66.3003781893406
901,ECA,YR2011,66.4589946078097
902,ECA,YR2012,66.6149757817389
903,ECA,YR2013,66.7743241522391
904,ECA,YR2014,66.9394429226498
905,ECA,YR2015,67.1097398200633
906,ECA,YR2016,67.2831322285093
907,ECA,YR2017,67.4570906751634
908,ECA,YR2018,67.6301777744292
909,ECA,YR2019,67.8073047286831
910,ECS,YR2006,69.9294473647763
911,ECS,YR2007,70.1460465292904
912,ECS,YR2008,70.3584801294192
913,ECS,YR2009,70.5627075719127
914,ECS,YR2010,70.7581065946481
915,ECS,YR2011,70.9353389688874
916,ECS,YR2012,71.1110478325428
917,ECS,YR2013,71.2838210829806
918,ECS,YR2014,71.4563058288888
919,ECS,YR2015,71.6363609729847
920,ECS,YR2016,71.8217922480359
921,ECS,YR2017,72.0111433186589
922,ECS,YR2018,72.2059784659183
923,ECS,YR2019,72.4072057730198
924,ECU,YR2006,61.907
925,ECU,YR2007,62.104
926,ECU,YR2008,62.3
927,ECU,YR2009,62.495
928,ECU,YR2010,62.69
929,ECU,YR2011,62.851
930,ECU,YR2012,62.988
931,ECU,YR2013,63.125
932,ECU,YR2014,63.261
933,ECU,YR2015,63.398
934,ECU,YR2016,63.534
935,ECU,YR2017,63.67
936,ECU,YR2018,63.821
937,ECU,YR2019,63.986
938,EGY,YR2006,43.073
939,EGY,YR2007,43.078
940,EGY,YR2008,43.058
941,EGY,YR2009,43.039
942,EGY,YR2010,43.019
943,EGY,YR2011,43.0
944,EGY,YR2012,42.946
945,EGY,YR2013,42.893
946,EGY,YR2014,42.839
947,EGY,YR2015,42.785
948,EGY,YR2016,42.732
949,EGY,YR2017,42.705
950,EGY,YR2018,42.704
951,EGY,YR2019,42.73
952,EMU,YR2006,74.367707171224
953,EMU,YR2007,74.5964762656447
954,EMU,YR2008,74.8229647412585
955,EMU,YR2009,75.0506429823165
956,EMU,YR2010,75.2813337200584
957,EMU,YR2011,75.5085564078464
958,EMU,YR2012,75.723174804444
959,EMU,YR2013,75.9285537608131
960,EMU,YR2014,76.1274356900047
961,EMU,YR2015,76.3385341710104
962,EMU,YR2016,76.5521826500544
963,EMU,YR2017,76.7696076166806
964,EMU,YR2018,76.9927749642774
965,EMU,YR2019,77.2316707115529
966,ERI,YR2006,32.051
967,ERI,YR2007,33.017
968,ERI,YR2008,34.0
969,ERI,YR2009,34.585
970,ERI,YR2010,35.175
971,ERI,YR2011,35.771
972,ERI,YR2012,36.372
973,ERI,YR2013,36.979
974,ERI,YR2014,37.59
975,ERI,YR2015,38.206
976,ERI,YR2016,38.827
977,ERI,YR2017,39.451
978,ERI,YR2018,40.08
979,ERI,YR2019,40.712
980,ESP,YR2006,77.502
981,ESP,YR2007,77.74
982,ESP,YR2008,77.976
983,ESP,YR2009,78.21
984,ESP,YR2010,78.442
985,ESP,YR2011,78.673
986,ESP,YR2012,78.902
987,ESP,YR2013,79.133
988,ESP,YR2014,79.366
989,ESP,YR2015,79.602
990,ESP,YR2016,79.84
991,ESP,YR2017,80.08
992,ESP,YR2018,80.321
993,ESP,YR2019,80.565
994,EST,YR2006,68.607
995,EST,YR2007,68.479
996,EST,YR2008,68.351
997,EST,YR2009,68.223
998,EST,YR2010,68.094
999,EST,YR2011,67.965
1000,EST,YR2012,67.974
1001,EST,YR2013,68.122
1002,EST,YR2014,68.269
1003,EST,YR2015,68.416
1004,EST,YR2016,68.563
1005,EST,YR2017,68.717
1006,EST,YR2018,68.88
1007,EST,YR2019,69.051
1008,ETH,YR2006,15.899
1009,ETH,YR2007,16.116
1010,ETH,YR2008,16.51
1011,ETH,YR2009,16.91
1012,ETH,YR2010,17.319
1013,ETH,YR2011,17.735
1014,ETH,YR2012,18.16
1015,ETH,YR2013,18.575
1016,ETH,YR2014,18.998
1017,ETH,YR2015,19.428
1018,ETH,YR2016,19.866
1019,ETH,YR2017,20.31
1020,ETH,YR2018,20.763
1021,ETH,YR2019,21.225
1022,EUU,YR2006,72.1166407193362
1023,EUU,YR2007,72.3363641760219
1024,EUU,YR2008,72.5549718076482
1025,EUU,YR2009,72.763309658232
1026,EUU,YR2010,72.9721541020641
1027,EUU,YR2011,73.1678232637289
1028,EUU,YR2012,73.3566215347763
1029,EUU,YR2013,73.539117148355
1030,EUU,YR2014,73.7174762805141
1031,EUU,YR2015,73.9077723119515
1032,EUU,YR2016,74.1046242966669
1033,EUU,YR2017,74.3070266759772
1034,EUU,YR2018,74.5169353950784
1035,EUU,YR2019,74.7386633777464
1036,FCS,YR2006,38.8701751817268
1037,FCS,YR2007,39.0987966051102
1038,FCS,YR2008,39.4463845102879
1039,FCS,YR2009,39.8005658906147
1040,FCS,YR2010,40.1607025274535
1041,FCS,YR2011,40.4667391128396
1042,FCS,YR2012,40.7701886773318
1043,FCS,YR2013,41.1141170051264
1044,FCS,YR2014,41.4599245804565
1045,FCS,YR2015,41.8387025557575
1046,FCS,YR2016,42.2136859138746
1047,FCS,YR2017,42.5797885886349
1048,FCS,YR2018,42.9279959137308
1049,FCS,YR2019,43.2769407730994
1050,FIN,YR2006,83.037
1051,FIN,YR2007,83.168
1052,FIN,YR2008,83.299
1053,FIN,YR2009,83.429
1054,FIN,YR2010,83.77
1055,FIN,YR2011,84.313
1056,FIN,YR2012,84.841
1057,FIN,YR2013,85.125
1058,FIN,YR2014,85.175
1059,FIN,YR2015,85.225
1060,FIN,YR2016,85.275
1061,FIN,YR2017,85.325
1062,FIN,YR2018,85.382
1063,FIN,YR2019,85.446
1064,FJI,YR2006,50.264
1065,FJI,YR2007,50.657
1066,FJI,YR2008,51.146
1067,FJI,YR2009,51.658
1068,FJI,YR2010,52.171
1069,FJI,YR2011,52.683
1070,FJI,YR2012,53.196
1071,FJI,YR2013,53.706
1072,FJI,YR2014,54.216
1073,FJI,YR2015,54.726
1074,FJI,YR2016,55.235
1075,FJI,YR2017,55.742
1076,FJI,YR2018,56.248
1077,FJI,YR2019,56.75
1078,FRA,YR2006,77.377
1079,FRA,YR2007,77.621
1080,FRA,YR2008,77.868
1081,FRA,YR2009,78.117
1082,FRA,YR2010,78.369
1083,FRA,YR2011,78.622
1084,FRA,YR2012,78.878
1085,FRA,YR2013,79.135
1086,FRA,YR2014,79.394
1087,FRA,YR2015,79.655
1088,FRA,YR2016,79.917
1089,FRA,YR2017,80.18
1090,FRA,YR2018,80.444
1091,FRA,YR2019,80.709
1092,FRO,YR2006,40.147
1093,FRO,YR2007,40.341
1094,FRO,YR2008,40.536
1095,FRO,YR2009,40.731
1096,FRO,YR2010,40.926
1097,FRO,YR2011,41.088
1098,FRO,YR2012,41.225
1099,FRO,YR2013,41.363
1100,FRO,YR2014,41.501
1101,FRO,YR2015,41.638
1102,FRO,YR2016,41.777
1103,FRO,YR2017,41.914
1104,FRO,YR2018,42.064
1105,FRO,YR2019,42.225
1106,FSM,YR2006,22.324
1107,FSM,YR2007,22.317
1108,FSM,YR2008,22.311
1109,FSM,YR2009,22.305
1110,FSM,YR2010,22.298
1111,FSM,YR2011,22.305
1112,FSM,YR2012,22.324
1113,FSM,YR2013,22.355
1114,FSM,YR2014,22.399
1115,FSM,YR2015,22.456
1116,FSM,YR2016,22.526
1117,FSM,YR2017,22.608
1118,FSM,YR2018,22.703
1119,FSM,YR2019,22.812
1120,GAB,YR2006,83.107
1121,GAB,YR2007,83.742
1122,GAB,YR2008,84.359
1123,GAB,YR2009,84.955
1124,GAB,YR2010,85.533
1125,GAB,YR2011,86.092
1126,GAB,YR2012,86.634
1127,GAB,YR2013,87.156
1128,GAB,YR2014,87.651
1129,GAB,YR2015,88.118
1130,GAB,YR2016,88.559
1131,GAB,YR2017,88.976
1132,GAB,YR2018,89.37
1133,GAB,YR2019,89.741
1134,GBR,YR2006,80.199
1135,GBR,YR2007,80.479
1136,GBR,YR2008,80.757
1137,GBR,YR2009,81.031
1138,GBR,YR2010,81.302
1139,GBR,YR2011,81.57
1140,GBR,YR2012,81.837
1141,GBR,YR2013,82.102
1142,GBR,YR2014,82.365
1143,GBR,YR2015,82.626
1144,GBR,YR2016,82.886
1145,GBR,YR2017,83.143
1146,GBR,YR2018,83.398
1147,GBR,YR2019,83.652
1148,GEO,YR2006,53.992
1149,GEO,YR2007,54.379
1150,GEO,YR2008,54.765
1151,GEO,YR2009,55.15
1152,GEO,YR2010,55.535
1153,GEO,YR2011,55.919
1154,GEO,YR2012,56.303
1155,GEO,YR2013,56.685
1156,GEO,YR2014,57.067
1157,GEO,YR2015,57.448
1158,GEO,YR2016,57.837
1159,GEO,YR2017,58.231
1160,GEO,YR2018,58.632
1161,GEO,YR2019,59.039
1162,GHA,YR2006,47.988
1163,GHA,YR2007,48.669
1164,GHA,YR2008,49.351
1165,GHA,YR2009,50.031
1166,GHA,YR2010,50.713
1167,GHA,YR2011,51.394
1168,GHA,YR2012,52.073
1169,GHA,YR2013,52.748
1170,GHA,YR2014,53.419
1171,GHA,YR2015,54.086
1172,GHA,YR2016,54.749
1173,GHA,YR2017,55.407
1174,GHA,YR2018,56.06
1175,GHA,YR2019,56.707
1176,GIB,YR2006,100.0
1177,GIB,YR2007,100.0
1178,GIB,YR2008,100.0
1179,GIB,YR2009,100.0
1180,GIB,YR2010,100.0
1181,GIB,YR2011,100.0
1182,GIB,YR2012,100.0
1183,GIB,YR2013,100.0
1184,GIB,YR2014,100.0
1185,GIB,YR2015,100.0
1186,GIB,YR2016,100.0
1187,GIB,YR2017,100.0
1188,GIB,YR2018,100.0
1189,GIB,YR2019,100.0
1190,GIN,YR2006,32.539
1191,GIN,YR2007,32.822
1192,GIN,YR2008,33.106
1193,GIN,YR2009,33.391
1194,GIN,YR2010,33.678
1195,GIN,YR2011,33.966
1196,GIN,YR2012,34.255
1197,GIN,YR2013,34.545
1198,GIN,YR2014,34.836
1199,GIN,YR2015,35.141
1200,GIN,YR2016,35.46
1201,GIN,YR2017,35.793
1202,GIN,YR2018,36.14
1203,GIN,YR2019,36.5
1204,GMB,YR2006,52.751
1205,GMB,YR2007,53.481
1206,GMB,YR2008,54.211
1207,GMB,YR2009,54.937
1208,GMB,YR2010,55.662
1209,GMB,YR2011,56.384
1210,GMB,YR2012,57.105
1211,GMB,YR2013,57.82
1212,GMB,YR2014,58.528
1213,GMB,YR2015,59.228
1214,GMB,YR2016,59.918
1215,GMB,YR2017,60.599
1216,GMB,YR2018,61.27
1217,GMB,YR2019,61.931
1218,GNB,YR2006,38.545
1219,GNB,YR2007,38.934
1220,GNB,YR2008,39.325
1221,GNB,YR2009,39.716
1222,GNB,YR2010,40.111
1223,GNB,YR2011,40.508
1224,GNB,YR2012,40.908
1225,GNB,YR2013,41.31
1226,GNB,YR2014,41.715
1227,GNB,YR2015,42.123
1228,GNB,YR2016,42.533
1229,GNB,YR2017,42.945
1230,GNB,YR2018,43.36
1231,GNB,YR2019,43.777
1232,GNQ,YR2006,59.431
1233,GNQ,YR2007,61.1
1234,GNQ,YR2008,62.745
1235,GNQ,YR2009,64.358
1236,GNQ,YR2010,65.94
1237,GNQ,YR2011,67.488
1238,GNQ,YR2012,69.0
1239,GNQ,YR2013,69.544
1240,GNQ,YR2014,70.083
1241,GNQ,YR2015,70.616
1242,GNQ,YR2016,71.138
1243,GNQ,YR2017,71.646
1244,GNQ,YR2018,72.143
1245,GNQ,YR2019,72.627
1246,GRC,YR2006,74.827
1247,GRC,YR2007,75.199
1248,GRC,YR2008,75.568
1249,GRC,YR2009,75.932
1250,GRC,YR2010,76.292
1251,GRC,YR2011,76.649
1252,GRC,YR2012,77.004
1253,GRC,YR2013,77.355
1254,GRC,YR2014,77.702
1255,GRC,YR2015,78.046
1256,GRC,YR2016,78.387
1257,GRC,YR2017,78.724
1258,GRC,YR2018,79.058
1259,GRC,YR2019,79.388
1260,GRD,YR2006,35.889
1261,GRD,YR2007,35.883
1262,GRD,YR2008,35.877
1263,GRD,YR2009,35.871
1264,GRD,YR2010,35.865
1265,GRD,YR2011,35.859
1266,GRD,YR2012,35.869
1267,GRD,YR2013,35.896
1268,GRD,YR2014,35.938
1269,GRD,YR2015,35.997
1270,GRD,YR2016,36.072
1271,GRD,YR2017,36.164
1272,GRD,YR2018,36.272
1273,GRD,YR2019,36.396
1274,GRL,YR2006,83.172
1275,GRL,YR2007,83.482
1276,GRL,YR2008,83.787
1277,GRL,YR2009,84.087
1278,GRL,YR2010,84.383
1279,GRL,YR2011,84.755
1280,GRL,YR2012,85.2
1281,GRL,YR2013,85.551
1282,GRL,YR2014,85.813
1283,GRL,YR2015,86.071
1284,GRL,YR2016,86.326
1285,GRL,YR2017,86.574
1286,GRL,YR2018,86.816
1287,GRL,YR2019,87.052
1288,GTM,YR2006,47.21
1289,GTM,YR2007,47.508
1290,GTM,YR2008,47.807
1291,GTM,YR2009,48.104
1292,GTM,YR2010,48.403
1293,GTM,YR2011,48.701
1294,GTM,YR2012,49.0
1295,GTM,YR2013,49.311
1296,GTM,YR2014,49.634
1297,GTM,YR2015,49.971
1298,GTM,YR2016,50.319
1299,GTM,YR2017,50.68
1300,GTM,YR2018,51.054
1301,GTM,YR2019,51.439
1302,GUM,YR2006,93.727
1303,GUM,YR2007,93.822
1304,GUM,YR2008,93.916
1305,GUM,YR2009,94.008
1306,GUM,YR2010,94.099
1307,GUM,YR2011,94.188
1308,GUM,YR2012,94.277
1309,GUM,YR2013,94.364
1310,GUM,YR2014,94.449
1311,GUM,YR2015,94.534
1312,GUM,YR2016,94.617
1313,GUM,YR2017,94.699
1314,GUM,YR2018,94.78
1315,GUM,YR2019,94.859
1316,GUY,YR2006,27.582
1317,GUY,YR2007,27.343
1318,GUY,YR2008,27.105
1319,GUY,YR2009,26.869
1320,GUY,YR2010,26.634
1321,GUY,YR2011,26.4
1322,GUY,YR2012,26.4
1323,GUY,YR2013,26.4
1324,GUY,YR2014,26.414
1325,GUY,YR2015,26.441
1326,GUY,YR2016,26.482
1327,GUY,YR2017,26.538
1328,GUY,YR2018,26.606
1329,GUY,YR2019,26.689
1330,HIC,YR2006,78.2709532430947
1331,HIC,YR2007,78.5792585055461
1332,HIC,YR2008,78.8787115358647
1333,HIC,YR2009,79.1622470857166
1334,HIC,YR2010,79.4341186283684
1335,HIC,YR2011,79.6394944808068
1336,HIC,YR2012,79.8136021634628
1337,HIC,YR2013,79.9831677942623
1338,HIC,YR2014,80.1511806661564
1339,HIC,YR2015,80.3262196979627
1340,HIC,YR2016,80.5049200276695
1341,HIC,YR2017,80.6858993012658
1342,HIC,YR2018,80.8693831436235
1343,HIC,YR2019,81.0617249252489
1344,HKG,YR2006,100.0
1345,HKG,YR2007,100.0
1346,HKG,YR2008,100.0
1347,HKG,YR2009,100.0
1348,HKG,YR2010,100.0
1349,HKG,YR2011,100.0
1350,HKG,YR2012,100.0
1351,HKG,YR2013,100.0
1352,HKG,YR2014,100.0
1353,HKG,YR2015,100.0
1354,HKG,YR2016,100.0
1355,HKG,YR2017,100.0
1356,HKG,YR2018,100.0
1357,HKG,YR2019,100.0
1358,HND,YR2006,49.245
1359,HND,YR2007,49.905
1360,HND,YR2008,50.566
1361,HND,YR2009,51.225
1362,HND,YR2010,51.885
1363,HND,YR2011,52.543
1364,HND,YR2012,53.202
1365,HND,YR2013,53.858
1366,HND,YR2014,54.514
1367,HND,YR2015,55.165
1368,HND,YR2016,55.813
1369,HND,YR2017,56.457
1370,HND,YR2018,57.096
1371,HND,YR2019,57.73
1372,HPC,YR2006,30.8539109721792
1373,HPC,YR2007,31.1752552555805
1374,HPC,YR2008,31.6119109380997
1375,HPC,YR2009,32.0453349252391
1376,HPC,YR2010,32.4874186527307
1377,HPC,YR2011,32.9320103987641
1378,HPC,YR2012,33.3592931402116
1379,HPC,YR2013,33.7922120514765
1380,HPC,YR2014,34.2331207470232
1381,HPC,YR2015,34.6872323546991
1382,HPC,YR2016,35.1500787535772
1383,HPC,YR2017,35.612932485169
1384,HPC,YR2018,36.0789577950237
1385,HPC,YR2019,36.5507593478923
1386,HRV,YR2006,54.483
1387,HRV,YR2007,54.651
1388,HRV,YR2008,54.819
1389,HRV,YR2009,54.987
1390,HRV,YR2010,55.155
1391,HRV,YR2011,55.322
1392,HRV,YR2012,55.506
1393,HRV,YR2013,55.706
1394,HRV,YR2014,55.923
1395,HRV,YR2015,56.155
1396,HRV,YR2016,56.403
1397,HRV,YR2017,56.667
1398,HRV,YR2018,56.947
1399,HRV,YR2019,57.242
1400,HTI,YR2006,43.604
1401,HTI,YR2007,44.574
1402,HTI,YR2008,45.551
1403,HTI,YR2009,46.528
1404,HTI,YR2010,47.509
1405,HTI,YR2011,48.492
1406,HTI,YR2012,49.477
1407,HTI,YR2013,50.46
1408,HTI,YR2014,51.444
1409,HTI,YR2015,52.427
1410,HTI,YR2016,53.396
1411,HTI,YR2017,54.346
1412,HTI,YR2018,55.278
1413,HTI,YR2019,56.192
1414,HUN,YR2006,66.895
1415,HUN,YR2007,67.421
1416,HUN,YR2008,67.943
1417,HUN,YR2009,68.46
1418,HUN,YR2010,68.911
1419,HUN,YR2011,69.358
1420,HUN,YR2012,69.678
1421,HUN,YR2013,69.953
1422,HUN,YR2014,70.227
1423,HUN,YR2015,70.5
1424,HUN,YR2016,70.779
1425,HUN,YR2017,71.062
1426,HUN,YR2018,71.351
1427,HUN,YR2019,71.644
1428,IBD,YR2006,47.5576303543701
1429,IBD,YR2007,48.2068343294894
1430,IBD,YR2008,48.8599490383976
1431,IBD,YR2009,49.5138131473815
1432,IBD,YR2010,50.163917575258
1433,IBD,YR2011,50.7871751468763
1434,IBD,YR2012,51.40177141437
1435,IBD,YR2013,52.0256973140135
1436,IBD,YR2014,52.6581969748838
1437,IBD,YR2015,53.287737364067
1438,IBD,YR2016,53.9073870001126
1439,IBD,YR2017,54.520620356404
1440,IBD,YR2018,55.1255588439049
1441,IBD,YR2019,55.7218764499769
1442,IBT,YR2006,43.7837689990027
1443,IBT,YR2007,44.3403847299509
1444,IBT,YR2008,44.9112345692757
1445,IBT,YR2009,45.4807651726145
1446,IBT,YR2010,46.0470603277563
1447,IBT,YR2011,46.5864975144818
1448,IBT,YR2012,47.1175160064689
1449,IBT,YR2013,47.6572189599532
1450,IBT,YR2014,48.205244784881
1451,IBT,YR2015,48.7582673006684
1452,IBT,YR2016,49.3031020561609
1453,IBT,YR2017,49.8415425988497
1454,IBT,YR2018,50.3713106038888
1455,IBT,YR2019,50.8925817245886
1456,IDA,YR2006,31.2984453865451
1457,IDA,YR2007,31.7214457027335
1458,IDA,YR2008,32.1908272566563
1459,IDA,YR2009,32.6567482776755
1460,IDA,YR2010,33.1353099079306
1461,IDA,YR2011,33.5863858123818
1462,IDA,YR2012,34.0150523928653
1463,IDA,YR2013,34.4381010915295
1464,IDA,YR2014,34.8699613406463
1465,IDA,YR2015,35.3403849622393
1466,IDA,YR2016,35.8231166721644
1467,IDA,YR2017,36.3130157515965
1468,IDA,YR2018,36.8100191810716
1469,IDA,YR2019,37.3146540500411
1470,IDB,YR2006,36.5631292060157
1471,IDB,YR2007,37.0245428241774
1472,IDB,YR2008,37.4915455567519
1473,IDB,YR2009,37.9635043851885
1474,IDB,YR2010,38.4507680245736
1475,IDB,YR2011,38.9228261139946
1476,IDB,YR2012,39.3747270989607
1477,IDB,YR2013,39.8320608128441
1478,IDB,YR2014,40.2966957063563
1479,IDB,YR2015,40.766840102098
1480,IDB,YR2016,41.2390160837326
1481,IDB,YR2017,41.7105516060577
1482,IDB,YR2018,42.1878840162772
1483,IDB,YR2019,42.6719640958461
1484,IDN,YR2006,46.738
1485,IDN,YR2007,47.535
1486,IDN,YR2008,48.335
1487,IDN,YR2009,49.134
1488,IDN,YR2010,49.914
1489,IDN,YR2011,50.595
1490,IDN,YR2012,51.276
1491,IDN,YR2013,51.955
1492,IDN,YR2014,52.635
1493,IDN,YR2015,53.313
1494,IDN,YR2016,53.989
1495,IDN,YR2017,54.659
1496,IDN,YR2018,55.325
1497,IDN,YR2019,55.985
1498,IDX,YR2006,28.6588929396532
1499,IDX,YR2007,29.0617336116776
1500,IDX,YR2008,29.5283852253563
1501,IDX,YR2009,29.985848651202
1502,IDX,YR2010,30.4536269076745
1503,IDX,YR2011,30.8903146602699
1504,IDX,YR2012,31.3080443240977
1505,IDX,YR2013,31.7152500404597
1506,IDX,YR2014,32.1332783131068
1507,IDX,YR2015,32.6097069504111
1508,IDX,YR2016,33.1074559929785
1509,IDX,YR2017,33.6158603467359
1510,IDX,YR2018,34.1303734365215
1511,IDX,YR2019,34.6531641630946
1512,IMN,YR2006,51.922
1513,IMN,YR2007,51.94
1514,IMN,YR2008,51.958
1515,IMN,YR2009,51.976
1516,IMN,YR2010,51.994
1517,IMN,YR2011,52.012
1518,IMN,YR2012,52.046
1519,IMN,YR2013,52.096
1520,IMN,YR2014,52.162
1521,IMN,YR2015,52.245
1522,IMN,YR2016,52.343
1523,IMN,YR2017,52.458
1524,IMN,YR2018,52.588
1525,IMN,YR2019,52.735
1526,IND,YR2006,29.569
1527,IND,YR2007,29.906
1528,IND,YR2008,30.246
1529,IND,YR2009,30.587
1530,IND,YR2010,30.93
1531,IND,YR2011,31.276
1532,IND,YR2012,31.634
1533,IND,YR2013,32.003
1534,IND,YR2014,32.384
1535,IND,YR2015,32.777
1536,IND,YR2016,33.182
1537,IND,YR2017,33.6
1538,IND,YR2018,34.03
1539,IND,YR2019,34.472
1540,IRL,YR2006,60.738
1541,IRL,YR2007,60.94
1542,IRL,YR2008,61.141
1543,IRL,YR2009,61.342
1544,IRL,YR2010,61.542
1545,IRL,YR2011,61.742
1546,IRL,YR2012,61.942
1547,IRL,YR2013,62.141
1548,IRL,YR2014,62.34
1549,IRL,YR2015,62.538
1550,IRL,YR2016,62.737
1551,IRL,YR2017,62.947
1552,IRL,YR2018,63.17
1553,IRL,YR2019,63.405
1554,IRN,YR2006,68.239
1555,IRN,YR2007,68.864
1556,IRN,YR2008,69.458
1557,IRN,YR2009,70.045
1558,IRN,YR2010,70.626
1559,IRN,YR2011,71.2
1560,IRN,YR2012,71.755
1561,IRN,YR2013,72.295
1562,IRN,YR2014,72.83
1563,IRN,YR2015,73.358
1564,IRN,YR2016,73.88
1565,IRN,YR2017,74.394
1566,IRN,YR2018,74.898
1567,IRN,YR2019,75.391
1568,IRQ,YR2006,68.819
1569,IRQ,YR2007,68.873
1570,IRQ,YR2008,68.927
1571,IRQ,YR2009,68.98
1572,IRQ,YR2010,69.103
1573,IRQ,YR2011,69.268
1574,IRQ,YR2012,69.432
1575,IRQ,YR2013,69.595
1576,IRQ,YR2014,69.758
1577,IRQ,YR2015,69.921
1578,IRQ,YR2016,70.094
1579,IRQ,YR2017,70.278
1580,IRQ,YR2018,70.473
1581,IRQ,YR2019,70.678
1582,ISL,YR2006,93.159
1583,ISL,YR2007,93.278
1584,ISL,YR2008,93.395
1585,ISL,YR2009,93.511
1586,ISL,YR2010,93.574
1587,ISL,YR2011,93.587
1588,ISL,YR2012,93.6
1589,ISL,YR2013,93.633
1590,ISL,YR2014,93.667
1591,ISL,YR2015,93.7
1592,ISL,YR2016,93.735
1593,ISL,YR2017,93.773
1594,ISL,YR2018,93.813
1595,ISL,YR2019,93.855
1596,ISR,YR2006,91.58
1597,ISR,YR2007,91.641
1598,ISR,YR2008,91.702
1599,ISR,YR2009,91.763
1600,ISR,YR2010,91.826
1601,ISR,YR2011,91.892
1602,ISR,YR2012,91.96
1603,ISR,YR2013,92.031
1604,ISR,YR2014,92.104
1605,ISR,YR2015,92.179
1606,ISR,YR2016,92.256
1607,ISR,YR2017,92.336
1608,ISR,YR2018,92.418
1609,ISR,YR2019,92.501
1610,ITA,YR2006,67.856
1611,ITA,YR2007,67.974
1612,ITA,YR2008,68.092
1613,ITA,YR2009,68.209
1614,ITA,YR2010,68.327
1615,ITA,YR2011,68.444
1616,ITA,YR2012,68.684
1617,ITA,YR2013,68.979
1618,ITA,YR2014,69.272
1619,ITA,YR2015,69.565
1620,ITA,YR2016,69.855
1621,ITA,YR2017,70.144
1622,ITA,YR2018,70.438
1623,ITA,YR2019,70.736
1624,JAM,YR2006,52.998
1625,JAM,YR2007,53.184
1626,JAM,YR2008,53.371
1627,JAM,YR2009,53.557
1628,JAM,YR2010,53.743
1629,JAM,YR2011,53.93
1630,JAM,YR2012,54.132
1631,JAM,YR2013,54.35
1632,JAM,YR2014,54.584
1633,JAM,YR2015,54.833
1634,JAM,YR2016,55.098
1635,JAM,YR2017,55.378
1636,JAM,YR2018,55.674
1637,JAM,YR2019,55.985
1638,JOR,YR2006,80.97
1639,JOR,YR2007,82.371
1640,JOR,YR2008,83.692
1641,JOR,YR2009,84.928
1642,JOR,YR2010,86.088
1643,JOR,YR2011,87.172
1644,JOR,YR2012,88.185
1645,JOR,YR2013,89.125
1646,JOR,YR2014,90.0
1647,JOR,YR2015,90.256
1648,JOR,YR2016,90.506
1649,JOR,YR2017,90.747
1650,JOR,YR2018,90.979
1651,JOR,YR2019,91.203
1652,JPN,YR2006,87.118
1653,JPN,YR2007,88.146
1654,JPN,YR2008,89.103
1655,JPN,YR2009,89.989
1656,JPN,YR2010,90.812
1657,JPN,YR2011,91.069
1658,JPN,YR2012,91.148
1659,JPN,YR2013,91.226
1660,JPN,YR2014,91.304
1661,JPN,YR2015,91.381
1662,JPN,YR2016,91.457
1663,JPN,YR2017,91.535
1664,JPN,YR2018,91.616
1665,JPN,YR2019,91.698
1666,KAZ,YR2006,56.536
1667,KAZ,YR2007,56.609
1668,KAZ,YR2008,56.682
1669,KAZ,YR2009,56.755
1670,KAZ,YR2010,56.827
1671,KAZ,YR2011,56.9
1672,KAZ,YR2012,56.973
1673,KAZ,YR2013,57.046
1674,KAZ,YR2014,57.118
1675,KAZ,YR2015,57.191
1676,KAZ,YR2016,57.264
1677,KAZ,YR2017,57.336
1678,KAZ,YR2018,57.428
1679,KAZ,YR2019,57.54
1680,KEN,YR2006,22.045
1681,KEN,YR2007,22.42
1682,KEN,YR2008,22.8
1683,KEN,YR2009,23.183
1684,KEN,YR2010,23.571
1685,KEN,YR2011,23.969
1686,KEN,YR2012,24.376
1687,KEN,YR2013,24.794
1688,KEN,YR2014,25.221
1689,KEN,YR2015,25.658
1690,KEN,YR2016,26.105
1691,KEN,YR2017,26.562
1692,KEN,YR2018,27.03
1693,KEN,YR2019,27.507
1694,KGZ,YR2006,35.289
1695,KGZ,YR2007,35.287
1696,KGZ,YR2008,35.285
1697,KGZ,YR2009,35.284
1698,KGZ,YR2010,35.306
1699,KGZ,YR2011,35.352
1700,KGZ,YR2012,35.423
1701,KGZ,YR2013,35.517
1702,KGZ,YR2014,35.635
1703,KGZ,YR2015,35.777
1704,KGZ,YR2016,35.944
1705,KGZ,YR2017,36.135
1706,KGZ,YR2018,36.351
1707,KGZ,YR2019,36.591
1708,KHM,YR2006,19.293
1709,KHM,YR2007,19.413
1710,KHM,YR2008,19.571
1711,KHM,YR2009,19.93
1712,KHM,YR2010,20.294
1713,KHM,YR2011,20.663
1714,KHM,YR2012,21.037
1715,KHM,YR2013,21.415
1716,KHM,YR2014,21.799
1717,KHM,YR2015,22.188
1718,KHM,YR2016,22.582
1719,KHM,YR2017,22.98
1720,KHM,YR2018,23.388
1721,KHM,YR2019,23.805
1722,KIR,YR2006,44.03
1723,KIR,YR2007,44.866
1724,KIR,YR2008,45.706
1725,KIR,YR2009,46.547
1726,KIR,YR2010,47.39
1727,KIR,YR2011,48.235
1728,KIR,YR2012,49.082
1729,KIR,YR2013,49.927
1730,KIR,YR2014,50.773
1731,KIR,YR2015,51.619
1732,KIR,YR2016,52.45
1733,KIR,YR2017,53.262
1734,KIR,YR2018,54.057
1735,KIR,YR2019,54.835
1736,KNA,YR2006,31.886
1737,KNA,YR2007,31.744
1738,KNA,YR2008,31.603
1739,KNA,YR2009,31.463
1740,KNA,YR2010,31.322
1741,KNA,YR2011,31.182
1742,KNA,YR2012,31.062
1743,KNA,YR2013,30.964
1744,KNA,YR2014,30.885
1745,KNA,YR2015,30.827
1746,KNA,YR2016,30.79
1747,KNA,YR2017,30.773
1748,KNA,YR2018,30.776
1749,KNA,YR2019,30.799
1750,KOR,YR2006,81.528
1751,KOR,YR2007,81.631
1752,KOR,YR2008,81.733
1753,KOR,YR2009,81.835
1754,KOR,YR2010,81.936
1755,KOR,YR2011,81.923
1756,KOR,YR2012,81.851
1757,KOR,YR2013,81.779
1758,KOR,YR2014,81.707
1759,KOR,YR2015,81.634
1760,KOR,YR2016,81.562
1761,KOR,YR2017,81.503
1762,KOR,YR2018,81.459
1763,KOR,YR2019,81.43
1764,KWT,YR2006,100.0
1765,KWT,YR2007,100.0
1766,KWT,YR2008,100.0
1767,KWT,YR2009,100.0
1768,KWT,YR2010,100.0
1769,KWT,YR2011,100.0
1770,KWT,YR2012,100.0
1771,KWT,YR2013,100.0
1772,KWT,YR2014,100.0
1773,KWT,YR2015,100.0
1774,KWT,YR2016,100.0
1775,KWT,YR2017,100.0
1776,KWT,YR2018,100.0
1777,KWT,YR2019,100.0
1778,LAC,YR2006,76.5775483622096
1779,LAC,YR2007,76.9031822938371
1780,LAC,YR2008,77.2216679948183
1781,LAC,YR2009,77.5321414755708
1782,LAC,YR2010,77.8343462682728
1783,LAC,YR2011,78.1423052544252
1784,LAC,YR2012,78.4417668987732
1785,LAC,YR2013,78.7350700236195
1786,LAC,YR2014,79.0255686523475
1787,LAC,YR2015,79.3129235369065
1788,LAC,YR2016,79.5959374525545
1789,LAC,YR2017,79.8751638517647
1790,LAC,YR2018,80.1498957815785
1791,LAC,YR2019,80.4218535389679
1792,LAO,YR2006,27.748
1793,LAO,YR2007,28.316
1794,LAO,YR2008,28.893
1795,LAO,YR2009,29.475
1796,LAO,YR2010,30.064
1797,LAO,YR2011,30.66
1798,LAO,YR2012,31.264
1799,LAO,YR2013,31.872
1800,LAO,YR2014,32.487
1801,LAO,YR2015,33.108
1802,LAO,YR2016,33.736
1803,LAO,YR2017,34.368
1804,LAO,YR2018,35.004
1805,LAO,YR2019,35.645
1806,LBN,YR2006,86.762
1807,LBN,YR2007,86.901
1808,LBN,YR2008,87.042
1809,LBN,YR2009,87.187
1810,LBN,YR2010,87.334
1811,LBN,YR2011,87.484
1812,LBN,YR2012,87.636
1813,LBN,YR2013,87.79
1814,LBN,YR2014,87.947
1815,LBN,YR2015,88.106
1816,LBN,YR2016,88.266
1817,LBN,YR2017,88.429
1818,LBN,YR2018,88.593
1819,LBN,YR2019,88.758
1820,LBR,YR2006,46.396
1821,LBR,YR2007,46.742
1822,LBR,YR2008,47.088
1823,LBR,YR2009,47.445
1824,LBR,YR2010,47.813
1825,LBR,YR2011,48.193
1826,LBR,YR2012,48.583
1827,LBR,YR2013,48.985
1828,LBR,YR2014,49.397
1829,LBR,YR2015,49.82
1830,LBR,YR2016,50.254
1831,LBR,YR2017,50.697
1832,LBR,YR2018,51.151
1833,LBR,YR2019,51.615
1834,LBY,YR2006,77.253
1835,LBY,YR2007,77.437
1836,LBY,YR2008,77.632
1837,LBY,YR2009,77.837
1838,LBY,YR2010,78.052
1839,LBY,YR2011,78.277
1840,LBY,YR2012,78.512
1841,LBY,YR2013,78.756
1842,LBY,YR2014,79.009
1843,LBY,YR2015,79.27
1844,LBY,YR2016,79.54
1845,LBY,YR2017,79.817
1846,LBY,YR2018,80.102
1847,LBY,YR2019,80.393
1848,LCA,YR2006,22.068
1849,LCA,YR2007,21.084
1850,LCA,YR2008,20.131
1851,LCA,YR2009,19.213
1852,LCA,YR2010,18.45
1853,LCA,YR2011,18.45
1854,LCA,YR2012,18.45
1855,LCA,YR2013,18.461
1856,LCA,YR2014,18.482
1857,LCA,YR2015,18.515
1858,LCA,YR2016,18.558
1859,LCA,YR2017,18.612
1860,LCA,YR2018,18.678
1861,LCA,YR2019,18.754
1862,LCN,YR2006,77.4229529089636
1863,LCN,YR2007,77.7196869018948
1864,LCN,YR2008,78.0100102604762
1865,LCN,YR2009,78.2931326393543
1866,LCN,YR2010,78.5690496086234
1867,LCN,YR2011,78.8489406838531
1868,LCN,YR2012,79.1205088100171
1869,LCN,YR2013,79.3863342145714
1870,LCN,YR2014,79.6495960777735
1871,LCN,YR2015,79.9100806771376
1872,LCN,YR2016,80.1657831218561
1873,LCN,YR2017,80.4144531276213
1874,LCN,YR2018,80.6507081658117
1875,LCN,YR2019,80.8888555976171
1876,LDC,YR2006,27.5769223566408
1877,LDC,YR2007,27.9796837534725
1878,LDC,YR2008,28.4710904671405
1879,LDC,YR2009,28.9664535504574
1880,LDC,YR2010,29.4693407831693
1881,LDC,YR2011,29.97860943667
1882,LDC,YR2012,30.4785437247798
1883,LDC,YR2013,30.9853296693126
1884,LDC,YR2014,31.502046202245
1885,LDC,YR2015,32.0278923787546
1886,LDC,YR2016,32.5628128213206
1887,LDC,YR2017,33.1031178968817
1888,LDC,YR2018,33.6434969188469
1889,LDC,YR2019,34.183200899884
1890,LIC,YR2006,28.7541685175966
1891,LIC,YR2007,28.9964689148547
1892,LIC,YR2008,29.3527228576366
1893,LIC,YR2009,29.687244144617
1894,LIC,YR2010,30.0406515548121
1895,LIC,YR2011,30.3355387322062
1896,LIC,YR2012,30.5917986570125
1897,LIC,YR2013,30.8276679434555
1898,LIC,YR2014,31.0816613014209
1899,LIC,YR2015,31.4399247487518
1900,LIC,YR2016,31.8382350835973
1901,LIC,YR2017,32.2565136562569
1902,LIC,YR2018,32.6880698383685
1903,LIC,YR2019,33.1343404628313
1904,LIE,YR2006,14.684
1905,LIE,YR2007,14.629
1906,LIE,YR2008,14.574
1907,LIE,YR2009,14.519
1908,LIE,YR2010,14.464
1909,LIE,YR2011,14.41
1910,LIE,YR2012,14.367
1911,LIE,YR2013,14.334
1912,LIE,YR2014,14.313
1913,LIE,YR2015,14.303
1914,LIE,YR2016,14.303
1915,LIE,YR2017,14.315
1916,LIE,YR2018,14.338
1917,LIE,YR2019,14.371
1918,LKA,YR2006,18.288
1919,LKA,YR2007,18.272
1920,LKA,YR2008,18.257
1921,LKA,YR2009,18.242
1922,LKA,YR2010,18.226
1923,LKA,YR2011,18.211
1924,LKA,YR2012,18.196
1925,LKA,YR2013,18.198
1926,LKA,YR2014,18.218
1927,LKA,YR2015,18.256
1928,LKA,YR2016,18.311
1929,LKA,YR2017,18.384
1930,LKA,YR2018,18.476
1931,LKA,YR2019,18.585
1932,LMC,YR2006,35.1849242194799
1933,LMC,YR2007,35.5837539728078
1934,LMC,YR2008,35.9829224385828
1935,LMC,YR2009,36.3872359003685
1936,LMC,YR2010,36.7971389674686
1937,LMC,YR2011,37.2144884156748
1938,LMC,YR2012,37.6345052563164
1939,LMC,YR2013,38.07627699892
1940,LMC,YR2014,38.5395423780912
1941,LMC,YR2015,39.002837102218
1942,LMC,YR2016,39.4564123844965
1943,LMC,YR2017,39.9099844622441
1944,LMC,YR2018,40.3719149525759
1945,LMC,YR2019,40.8418509698702
1946,LMY,YR2006,43.3811833014918
1947,LMY,YR2007,43.9477146477449
1948,LMY,YR2008,44.5285584961742
1949,LMY,YR2009,45.1080074617248
1950,LMY,YR2010,45.6845155165688
1951,LMY,YR2011,46.2334057976229
1952,LMY,YR2012,46.7743433009926
1953,LMY,YR2013,47.324107054985
1954,LMY,YR2014,47.8820950620396
1955,LMY,YR2015,48.4449061908192
1956,LMY,YR2016,48.9995392821923
1957,LMY,YR2017,49.5491314717054
1958,LMY,YR2018,50.0925452969915
1959,LMY,YR2019,50.6272727161025
1960,LSO,YR2006,22.82
1961,LSO,YR2007,23.304
1962,LSO,YR2008,23.796
1963,LSO,YR2009,24.293
1964,LSO,YR2010,24.798
1965,LSO,YR2011,25.31
1966,LSO,YR2012,25.704
1967,LSO,YR2013,26.101
1968,LSO,YR2014,26.502
1969,LSO,YR2015,26.908
1970,LSO,YR2016,27.317
1971,LSO,YR2017,27.73
1972,LSO,YR2018,28.153
1973,LSO,YR2019,28.585
1974,LTE,YR2006,51.3732204870321
1975,LTE,YR2007,52.3535569477751
1976,LTE,YR2008,53.3410722807317
1977,LTE,YR2009,54.3258193844192
1978,LTE,YR2010,55.3054397615554
1979,LTE,YR2011,56.2255385342833
1980,LTE,YR2012,57.1210662960045
1981,LTE,YR2013,58.0182143773389
1982,LTE,YR2014,58.9145067789125
1983,LTE,YR2015,59.8047831440819
1984,LTE,YR2016,60.6906841623276
1985,LTE,YR2017,61.5691098549486
1986,LTE,YR2018,62.431195617374
1987,LTE,YR2019,63.273888232995
1988,LTU,YR2006,66.706
1989,LTU,YR2007,66.777
1990,LTU,YR2008,66.848
1991,LTU,YR2009,66.842
1992,LTU,YR2010,66.757
1993,LTU,YR2011,66.741
1994,LTU,YR2012,66.864
1995,LTU,YR2013,66.986
1996,LTU,YR2014,67.108
1997,LTU,YR2015,67.23
1998,LTU,YR2016,67.366
1999,LTU,YR2017,67.516
2000,LTU,YR2018,67.679
2001,LTU,YR2019,67.855
2002,LUX,YR2006,87.009
2003,LUX,YR2007,87.409
2004,LUX,YR2008,87.8
2005,LUX,YR2009,88.178
2006,LUX,YR2010,88.547
2007,LUX,YR2011,88.906
2008,LUX,YR2012,89.249
2009,LUX,YR2013,89.574
2010,LUX,YR2014,89.884
2011,LUX,YR2015,90.179
2012,LUX,YR2016,90.46
2013,LUX,YR2017,90.727
2014,LUX,YR2018,90.981
2015,LUX,YR2019,91.223
2016,LVA,YR2006,67.967
2017,LVA,YR2007,67.9
2018,LVA,YR2008,67.834
2019,LVA,YR2009,67.814
2020,LVA,YR2010,67.841
2021,LVA,YR2011,67.869
2022,LVA,YR2012,67.897
2023,LVA,YR2013,67.925
2024,LVA,YR2014,67.952
2025,LVA,YR2015,67.98
2026,LVA,YR2016,68.021
2027,LVA,YR2017,68.075
2028,LVA,YR2018,68.142
2029,LVA,YR2019,68.222
2030,MAC,YR2006,100.0
2031,MAC,YR2007,100.0
2032,MAC,YR2008,100.0
2033,MAC,YR2009,100.0
2034,MAC,YR2010,100.0
2035,MAC,YR2011,100.0
2036,MAC,YR2012,100.0
2037,MAC,YR2013,100.0
2038,MAC,YR2014,100.0
2039,MAC,YR2015,100.0
2040,MAC,YR2016,100.0
2041,MAC,YR2017,100.0
2042,MAC,YR2018,100.0
2043,MAC,YR2019,100.0
2044,MAR,YR2006,55.746
2045,MAR,YR2007,56.317
2046,MAR,YR2008,56.886
2047,MAR,YR2009,57.452
2048,MAR,YR2010,58.018
2049,MAR,YR2011,58.581
2050,MAR,YR2012,59.142
2051,MAR,YR2013,59.7
2052,MAR,YR2014,60.256
2053,MAR,YR2015,60.809
2054,MAR,YR2016,61.36
2055,MAR,YR2017,61.908
2056,MAR,YR2018,62.453
2057,MAR,YR2019,62.994
2058,MCO,YR2006,100.0
2059,MCO,YR2007,100.0
2060,MCO,YR2008,100.0
2061,MCO,YR2009,100.0
2062,MCO,YR2010,100.0
2063,MCO,YR2011,100.0
2064,MCO,YR2012,100.0
2065,MCO,YR2013,100.0
2066,MCO,YR2014,100.0
2067,MCO,YR2015,100.0
2068,MCO,YR2016,100.0
2069,MCO,YR2017,100.0
2070,MCO,YR2018,100.0
2071,MCO,YR2019,100.0
2072,MDA,YR2006,42.744
2073,MDA,YR2007,42.713
2074,MDA,YR2008,42.682
2075,MDA,YR2009,42.651
2076,MDA,YR2010,42.62
2077,MDA,YR2011,42.589
2078,MDA,YR2012,42.558
2079,MDA,YR2013,42.527
2080,MDA,YR2014,42.496
2081,MDA,YR2015,42.49
2082,MDA,YR2016,42.511
2083,MDA,YR2017,42.557
2084,MDA,YR2018,42.629
2085,MDA,YR2019,42.726
2086,MDG,YR2006,29.425
2087,MDG,YR2007,30.043
2088,MDG,YR2008,30.67
2089,MDG,YR2009,31.301
2090,MDG,YR2010,31.938
2091,MDG,YR2011,32.58
2092,MDG,YR2012,33.227
2093,MDG,YR2013,33.878
2094,MDG,YR2014,34.534
2095,MDG,YR2015,35.193
2096,MDG,YR2016,35.856
2097,MDG,YR2017,36.522
2098,MDG,YR2018,37.191
2099,MDG,YR2019,37.861
2100,MDV,YR2006,34.794
2101,MDV,YR2007,35.2
2102,MDV,YR2008,35.61
2103,MDV,YR2009,36.021
2104,MDV,YR2010,36.434
2105,MDV,YR2011,36.849
2106,MDV,YR2012,37.267
2107,MDV,YR2013,37.685
2108,MDV,YR2014,38.106
2109,MDV,YR2015,38.529
2110,MDV,YR2016,38.954
2111,MDV,YR2017,39.38
2112,MDV,YR2018,39.808
2113,MDV,YR2019,40.238
2114,MEA,YR2006,60.7422517926746
2115,MEA,YR2007,61.1753525749648
2116,MEA,YR2008,61.6094501857364
2117,MEA,YR2009,62.0404519876563
2118,MEA,YR2010,62.4177973177006
2119,MEA,YR2011,62.6718495677513
2120,MEA,YR2012,62.9313265030972
2121,MEA,YR2013,63.2755312030127
2122,MEA,YR2014,63.6534664834985
2123,MEA,YR2015,64.0573700796651
2124,MEA,YR2016,64.3994716193998
2125,MEA,YR2017,64.711306676216
2126,MEA,YR2018,65.0212269981976
2127,MEA,YR2019,65.3131692463537
2128,MEX,YR2006,76.616
2129,MEX,YR2007,76.92
2130,MEX,YR2008,77.222
2131,MEX,YR2009,77.52
2132,MEX,YR2010,77.815
2133,MEX,YR2011,78.111
2134,MEX,YR2012,78.405
2135,MEX,YR2013,78.699
2136,MEX,YR2014,78.993
2137,MEX,YR2015,79.285
2138,MEX,YR2016,79.577
2139,MEX,YR2017,79.867
2140,MEX,YR2018,80.156
2141,MEX,YR2019,80.444
2142,MHL,YR2006,71.635
2143,MHL,YR2007,72.126
2144,MHL,YR2008,72.613
2145,MHL,YR2009,73.093
2146,MHL,YR2010,73.568
2147,MHL,YR2011,74.038
2148,MHL,YR2012,74.498
2149,MHL,YR2013,74.946
2150,MHL,YR2014,75.384
2151,MHL,YR2015,75.811
2152,MHL,YR2016,76.228
2153,MHL,YR2017,76.634
2154,MHL,YR2018,77.031
2155,MHL,YR2019,77.417
2156,MIC,YR2006,44.7117029933133
2157,MIC,YR2007,45.332225651013
2158,MIC,YR2008,45.9577306901759
2159,MIC,YR2009,46.5846691522296
2160,MIC,YR2010,47.2074035561527
2161,MIC,YR2011,47.806114761371
2162,MIC,YR2012,48.3991754910079
2163,MIC,YR2013,49.0019052310543
2164,MIC,YR2014,49.6122562469118
2165,MIC,YR2015,50.2195984228599
2166,MIC,YR2016,50.8173235281154
2167,MIC,YR2017,51.4096385553329
2168,MIC,YR2018,51.9962060873113
2169,MIC,YR2019,52.5750511164366
2170,MKD,YR2006,57.383
2171,MKD,YR2007,57.264
2172,MKD,YR2008,57.175
2173,MKD,YR2009,57.117
2174,MKD,YR2010,57.089
2175,MKD,YR2011,57.092
2176,MKD,YR2012,57.125
2177,MKD,YR2013,57.189
2178,MKD,YR2014,57.284
2179,MKD,YR2015,57.408
2180,MKD,YR2016,57.563
2181,MKD,YR2017,57.748
2182,MKD,YR2018,57.963
2183,MKD,YR2019,58.208
2184,MLI,YR2006,32.832
2185,MLI,YR2007,33.612
2186,MLI,YR2008,34.403
2187,MLI,YR2009,35.2
2188,MLI,YR2010,35.999
2189,MLI,YR2011,36.799
2190,MLI,YR2012,37.599
2191,MLI,YR2013,38.398
2192,MLI,YR2014,39.196
2193,MLI,YR2015,39.991
2194,MLI,YR2016,40.783
2195,MLI,YR2017,41.572
2196,MLI,YR2018,42.356
2197,MLI,YR2019,43.136
2198,MLT,YR2006,93.784
2199,MLT,YR2007,93.857
2200,MLT,YR2008,93.929
2201,MLT,YR2009,94.001
2202,MLT,YR2010,94.072
2203,MLT,YR2011,94.141
2204,MLT,YR2012,94.211
2205,MLT,YR2013,94.279
2206,MLT,YR2014,94.347
2207,MLT,YR2015,94.414
2208,MLT,YR2016,94.48
2209,MLT,YR2017,94.546
2210,MLT,YR2018,94.612
2211,MLT,YR2019,94.678
2212,MMR,YR2006,28.132
2213,MMR,YR2007,28.319
2214,MMR,YR2008,28.507
2215,MMR,YR2009,28.695
2216,MMR,YR2010,28.885
2217,MMR,YR2011,29.075
2218,MMR,YR2012,29.266
2219,MMR,YR2013,29.457
2220,MMR,YR2014,29.65
2221,MMR,YR2015,29.858
2222,MMR,YR2016,30.082
2223,MMR,YR2017,30.322
2224,MMR,YR2018,30.579
2225,MMR,YR2019,30.852
2226,MNA,YR2006,57.4525124710855
2227,MNA,YR2007,57.7867573605811
2228,MNA,YR2008,58.1195814337611
2229,MNA,YR2009,58.4652794071632
2230,MNA,YR2010,58.8044218699256
2231,MNA,YR2011,59.025302159951
2232,MNA,YR2012,59.2457714497374
2233,MNA,YR2013,59.5694238699145
2234,MNA,YR2014,59.9497269847317
2235,MNA,YR2015,60.3566537794301
2236,MNA,YR2016,60.6881917631756
2237,MNA,YR2017,60.9917609724414
2238,MNA,YR2018,61.2944677612403
2239,MNA,YR2019,61.591124938895
2240,MNE,YR2006,62.803
2241,MNE,YR2007,63.139
2242,MNE,YR2008,63.475
2243,MNE,YR2009,63.808
2244,MNE,YR2010,64.14
2245,MNE,YR2011,64.472
2246,MNE,YR2012,64.804
2247,MNE,YR2013,65.137
2248,MNE,YR2014,65.471
2249,MNE,YR2015,65.806
2250,MNE,YR2016,66.141
2251,MNE,YR2017,66.477
2252,MNE,YR2018,66.813
2253,MNE,YR2019,67.15
2254,MNG,YR2006,63.535
2255,MNG,YR2007,64.564
2256,MNG,YR2008,65.581
2257,MNG,YR2009,66.58
2258,MNG,YR2010,67.567
2259,MNG,YR2011,67.963
2260,MNG,YR2012,68.03
2261,MNG,YR2013,68.097
2262,MNG,YR2014,68.163
2263,MNG,YR2015,68.23
2264,MNG,YR2016,68.297
2265,MNG,YR2017,68.363
2266,MNG,YR2018,68.445
2267,MNG,YR2019,68.543
2268,MNP,YR2006,90.638
2269,MNP,YR2007,90.716
2270,MNP,YR2008,90.795
2271,MNP,YR2009,90.872
2272,MNP,YR2010,90.949
2273,MNP,YR2011,91.028
2274,MNP,YR2012,91.108
2275,MNP,YR2013,91.19
2276,MNP,YR2014,91.273
2277,MNP,YR2015,91.357
2278,MNP,YR2016,91.443
2279,MNP,YR2017,91.53
2280,MNP,YR2018,91.618
2281,MNP,YR2019,91.708
2282,MOZ,YR2006,30.182
2283,MOZ,YR2007,30.364
2284,MOZ,YR2008,30.832
2285,MOZ,YR2009,31.328
2286,MOZ,YR2010,31.83
2287,MOZ,YR2011,32.336
2288,MOZ,YR2012,32.846
2289,MOZ,YR2013,33.36
2290,MOZ,YR2014,33.878
2291,MOZ,YR2015,34.4
2292,MOZ,YR2016,34.926
2293,MOZ,YR2017,35.455
2294,MOZ,YR2018,35.988
2295,MOZ,YR2019,36.528
2296,MRT,YR2006,42.998
2297,MRT,YR2007,43.89
2298,MRT,YR2008,44.788
2299,MRT,YR2009,45.686
2300,MRT,YR2010,46.588
2301,MRT,YR2011,47.493
2302,MRT,YR2012,48.4
2303,MRT,YR2013,49.306
2304,MRT,YR2014,50.203
2305,MRT,YR2015,51.089
2306,MRT,YR2016,51.962
2307,MRT,YR2017,52.824
2308,MRT,YR2018,53.672
2309,MRT,YR2019,54.507
2310,MUS,YR2006,42.0
2311,MUS,YR2007,41.889
2312,MUS,YR2008,41.777
2313,MUS,YR2009,41.666
2314,MUS,YR2010,41.555
2315,MUS,YR2011,41.444
2316,MUS,YR2012,41.332
2317,MUS,YR2013,41.222
2318,MUS,YR2014,41.111
2319,MUS,YR2015,41.0
2320,MUS,YR2016,40.91
2321,MUS,YR2017,40.841
2322,MUS,YR2018,40.793
2323,MUS,YR2019,40.766
2324,MWI,YR2006,15.144
2325,MWI,YR2007,15.235
2326,MWI,YR2008,15.326
2327,MWI,YR2009,15.429
2328,MWI,YR2010,15.544
2329,MWI,YR2011,15.672
2330,MWI,YR2012,15.812
2331,MWI,YR2013,15.966
2332,MWI,YR2014,16.132
2333,MWI,YR2015,16.313
2334,MWI,YR2016,16.506
2335,MWI,YR2017,16.714
2336,MWI,YR2018,16.937
2337,MWI,YR2019,17.174
2338,MYS,YR2006,67.483
2339,MYS,YR2007,68.36
2340,MYS,YR2008,69.225
2341,MYS,YR2009,70.075
2342,MYS,YR2010,70.912
2343,MYS,YR2011,71.609
2344,MYS,YR2012,72.275
2345,MYS,YR2013,72.93
2346,MYS,YR2014,73.577
2347,MYS,YR2015,74.213
2348,MYS,YR2016,74.84
2349,MYS,YR2017,75.447
2350,MYS,YR2018,76.036
2351,MYS,YR2019,76.607
2352,NAC,YR2006,80.1140965269405
2353,NAC,YR2007,80.2853299051227
2354,NAC,YR2008,80.4555795945244
2355,NAC,YR2009,80.624752343843
2356,NAC,YR2010,80.7919856371466
2357,NAC,YR2011,80.9626420370896
2358,NAC,YR2012,81.1243012236089
2359,NAC,YR2013,81.2903741868684
2360,NAC,YR2014,81.459871950822
2361,NAC,YR2015,81.6330936928194
2362,NAC,YR2016,81.8087700069008
2363,NAC,YR2017,81.9896398054891
2364,NAC,YR2018,82.1730644088119
2365,NAC,YR2019,82.3616890265939
2366,NAM,YR2006,37.61
2367,NAM,YR2007,38.598
2368,NAM,YR2008,39.597
2369,NAM,YR2009,40.601
2370,NAM,YR2010,41.616
2371,NAM,YR2011,42.637
2372,NAM,YR2012,43.693
2373,NAM,YR2013,44.756
2374,NAM,YR2014,45.826
2375,NAM,YR2015,46.9
2376,NAM,YR2016,47.961
2377,NAM,YR2017,49.005
2378,NAM,YR2018,50.032
2379,NAM,YR2019,51.042
2380,NCL,YR2006,64.638
2381,NCL,YR2007,65.306
2382,NCL,YR2008,65.969
2383,NCL,YR2009,66.624
2384,NCL,YR2010,67.102
2385,NCL,YR2011,67.565
2386,NCL,YR2012,68.024
2387,NCL,YR2013,68.479
2388,NCL,YR2014,68.931
2389,NCL,YR2015,69.379
2390,NCL,YR2016,69.821
2391,NCL,YR2017,70.256
2392,NCL,YR2018,70.683
2393,NCL,YR2019,71.104
2394,NER,YR2006,16.238
2395,NER,YR2007,16.234
2396,NER,YR2008,16.229
2397,NER,YR2009,16.225
2398,NER,YR2010,16.221
2399,NER,YR2011,16.216
2400,NER,YR2012,16.212
2401,NER,YR2013,16.208
2402,NER,YR2014,16.219
2403,NER,YR2015,16.247
2404,NER,YR2016,16.29
2405,NER,YR2017,16.35
2406,NER,YR2018,16.425
2407,NER,YR2019,16.517
2408,NGA,YR2006,39.943
2409,NGA,YR2007,40.819
2410,NGA,YR2008,41.702
2411,NGA,YR2009,42.588
2412,NGA,YR2010,43.48
2413,NGA,YR2011,44.366
2414,NGA,YR2012,45.246
2415,NGA,YR2013,46.118
2416,NGA,YR2014,46.982
2417,NGA,YR2015,47.838
2418,NGA,YR2016,48.683
2419,NGA,YR2017,49.519
2420,NGA,YR2018,50.344
2421,NGA,YR2019,51.157
2422,NIC,YR2006,56.132
2423,NIC,YR2007,56.328
2424,NIC,YR2008,56.525
2425,NIC,YR2009,56.721
2426,NIC,YR2010,56.917
2427,NIC,YR2011,57.113
2428,NIC,YR2012,57.309
2429,NIC,YR2013,57.505
2430,NIC,YR2014,57.7
2431,NIC,YR2015,57.895
2432,NIC,YR2016,58.09
2433,NIC,YR2017,58.299
2434,NIC,YR2018,58.522
2435,NIC,YR2019,58.76
2436,NLD,YR2006,83.636
2437,NLD,YR2007,84.539
2438,NLD,YR2008,85.402
2439,NLD,YR2009,86.288
2440,NLD,YR2010,87.134
2441,NLD,YR2011,87.879
2442,NLD,YR2012,88.588
2443,NLD,YR2013,89.187
2444,NLD,YR2014,89.69
2445,NLD,YR2015,90.173
2446,NLD,YR2016,90.635
2447,NLD,YR2017,91.077
2448,NLD,YR2018,91.49
2449,NLD,YR2019,91.876
2450,NOR,YR2006,77.95
2451,NOR,YR2007,78.234
2452,NOR,YR2008,78.526
2453,NOR,YR2009,78.815
2454,NOR,YR2010,79.102
2455,NOR,YR2011,79.455
2456,NOR,YR2012,79.874
2457,NOR,YR2013,80.286
2458,NOR,YR2014,80.692
2459,NOR,YR2015,81.091
2460,NOR,YR2016,81.485
2461,NOR,YR2017,81.871
2462,NOR,YR2018,82.248
2463,NOR,YR2019,82.616
2464,NPL,YR2006,15.462
2465,NPL,YR2007,15.781
2466,NPL,YR2008,16.105
2467,NPL,YR2009,16.434
2468,NPL,YR2010,16.768
2469,NPL,YR2011,17.108
2470,NPL,YR2012,17.458
2471,NPL,YR2013,17.815
2472,NPL,YR2014,18.182
2473,NPL,YR2015,18.557
2474,NPL,YR2016,18.942
2475,NPL,YR2017,19.336
2476,NPL,YR2018,19.74
2477,NPL,YR2019,20.153
2478,NRU,YR2006,100.0
2479,NRU,YR2007,100.0
2480,NRU,YR2008,100.0
2481,NRU,YR2009,100.0
2482,NRU,YR2010,100.0
2483,NRU,YR2011,100.0
2484,NRU,YR2012,100.0
2485,NRU,YR2013,100.0
2486,NRU,YR2014,100.0
2487,NRU,YR2015,100.0
2488,NRU,YR2016,100.0
2489,NRU,YR2017,100.0
2490,NRU,YR2018,100.0
2491,NRU,YR2019,100.0
2492,NZL,YR2006,86.4
2493,NZL,YR2007,86.34
2494,NZL,YR2008,86.28
2495,NZL,YR2009,86.22
2496,NZL,YR2010,86.16
2497,NZL,YR2011,86.1
2498,NZL,YR2012,86.161
2499,NZL,YR2013,86.221
2500,NZL,YR2014,86.281
2501,NZL,YR2015,86.341
2502,NZL,YR2016,86.4
2503,NZL,YR2017,86.466
2504,NZL,YR2018,86.538
2505,NZL,YR2019,86.615
2506,OED,YR2006,77.7886567701533
2507,OED,YR2007,78.1003203697819
2508,OED,YR2008,78.4023569982611
2509,OED,YR2009,78.6955439729548
2510,OED,YR2010,78.9822120271477
2511,OED,YR2011,79.2082111272507
2512,OED,YR2012,79.4047531237721
2513,OED,YR2013,79.5976425314764
2514,OED,YR2014,79.7888666107227
2515,OED,YR2015,79.984407728888
2516,OED,YR2016,80.183683700842
2517,OED,YR2017,80.3876785645168
2518,OED,YR2018,80.5954390701777
2519,OED,YR2019,80.8101763842584
2520,OMN,YR2006,72.967
2521,OMN,YR2007,73.527
2522,OMN,YR2008,74.08
2523,OMN,YR2009,74.624
2524,OMN,YR2010,75.161
2525,OMN,YR2011,76.183
2526,OMN,YR2012,77.564
2527,OMN,YR2013,78.882
2528,OMN,YR2014,80.145
2529,OMN,YR2015,81.35
2530,OMN,YR2016,82.5
2531,OMN,YR2017,83.56
2532,OMN,YR2018,84.539
2533,OMN,YR2019,85.443
2534,OSS,YR2006,53.9221886048116
2535,OSS,YR2007,54.8982748305246
2536,OSS,YR2008,55.8497902350386
2537,OSS,YR2009,56.6946887833087
2538,OSS,YR2010,57.3809403084635
2539,OSS,YR2011,57.98889955249
2540,OSS,YR2012,58.5765075209451
2541,OSS,YR2013,59.1840279757626
2542,OSS,YR2014,59.8594259639488
2543,OSS,YR2015,60.5462546293611
2544,OSS,YR2016,61.1853384397234
2545,OSS,YR2017,61.7345664295639
2546,OSS,YR2018,62.1934118687614
2547,OSS,YR2019,62.6137251820681
2548,PAK,YR2006,34.184
2549,PAK,YR2007,34.387
2550,PAK,YR2008,34.59
2551,PAK,YR2009,34.793
2552,PAK,YR2010,34.997
2553,PAK,YR2011,35.202
2554,PAK,YR2012,35.408
2555,PAK,YR2013,35.613
2556,PAK,YR2014,35.819
2557,PAK,YR2015,36.026
2558,PAK,YR2016,36.234
2559,PAK,YR2017,36.442
2560,PAK,YR2018,36.666
2561,PAK,YR2019,36.907
2562,PAN,YR2006,63.976
2563,PAN,YR2007,64.268
2564,PAN,YR2008,64.56
2565,PAN,YR2009,64.851
2566,PAN,YR2010,65.14
2567,PAN,YR2011,65.437
2568,PAN,YR2012,65.741
2569,PAN,YR2013,66.052
2570,PAN,YR2014,66.371
2571,PAN,YR2015,66.696
2572,PAN,YR2016,67.027
2573,PAN,YR2017,67.365
2574,PAN,YR2018,67.709
2575,PAN,YR2019,68.059
2576,PER,YR2006,75.421
2577,PER,YR2007,75.803
2578,PER,YR2008,76.052
2579,PER,YR2009,76.241
2580,PER,YR2010,76.43
2581,PER,YR2011,76.617
2582,PER,YR2012,76.804
2583,PER,YR2013,76.989
2584,PER,YR2014,77.173
2585,PER,YR2015,77.357
2586,PER,YR2016,77.539
2587,PER,YR2017,77.72
2588,PER,YR2018,77.907
2589,PER,YR2019,78.099
2590,PHL,YR2006,45.625
2591,PHL,YR2007,45.54
2592,PHL,YR2008,45.455
2593,PHL,YR2009,45.371
2594,PHL,YR2010,45.332
2595,PHL,YR2011,45.522
2596,PHL,YR2012,45.712
2597,PHL,YR2013,45.903
2598,PHL,YR2014,46.093
2599,PHL,YR2015,46.284
2600,PHL,YR2016,46.475
2601,PHL,YR2017,46.682
2602,PHL,YR2018,46.907
2603,PHL,YR2019,47.149
2604,PLW,YR2006,71.91
2605,PLW,YR2007,72.655
2606,PLW,YR2008,73.389
2607,PLW,YR2009,74.109
2608,PLW,YR2010,74.817
2609,PLW,YR2011,75.511
2610,PLW,YR2012,76.194
2611,PLW,YR2013,76.862
2612,PLW,YR2014,77.517
2613,PLW,YR2015,78.159
2614,PLW,YR2016,78.775
2615,PLW,YR2017,79.365
2616,PLW,YR2018,79.93
2617,PLW,YR2019,80.47
2618,PNG,YR2006,13.091
2619,PNG,YR2007,13.073
2620,PNG,YR2008,13.055
2621,PNG,YR2009,13.037
2622,PNG,YR2010,13.019
2623,PNG,YR2011,13.0
2624,PNG,YR2012,12.982
2625,PNG,YR2013,12.978
2626,PNG,YR2014,12.988
2627,PNG,YR2015,13.012
2628,PNG,YR2016,13.05
2629,PNG,YR2017,13.102
2630,PNG,YR2018,13.169
2631,PNG,YR2019,13.25
2632,POL,YR2006,61.341
2633,POL,YR2007,61.229
2634,POL,YR2008,61.116
2635,POL,YR2009,61.004
2636,POL,YR2010,60.892
2637,POL,YR2011,60.78
2638,POL,YR2012,60.654
2639,POL,YR2013,60.529
2640,POL,YR2014,60.403
2641,POL,YR2015,60.278
2642,POL,YR2016,60.178
2643,POL,YR2017,60.105
2644,POL,YR2018,60.058
2645,POL,YR2019,60.037
2646,PRE,YR2006,34.9790929985578
2647,PRE,YR2007,35.3757146857808
2648,PRE,YR2008,35.892234086341
2649,PRE,YR2009,36.4274796064389
2650,PRE,YR2010,36.9705682062274
2651,PRE,YR2011,37.5217751066665
2652,PRE,YR2012,38.0702152772948
2653,PRE,YR2013,38.6251529065235
2654,PRE,YR2014,39.1732337321584
2655,PRE,YR2015,39.7217182264371
2656,PRE,YR2016,40.2735374364351
2657,PRE,YR2017,40.8286445049975
2658,PRE,YR2018,41.3826831113215
2659,PRE,YR2019,41.9310319358134
2660,PRI,YR2006,94.056
2661,PRI,YR2007,93.999
2662,PRI,YR2008,93.942
2663,PRI,YR2009,93.884
2664,PRI,YR2010,93.825
2665,PRI,YR2011,93.773
2666,PRI,YR2012,93.726
2667,PRI,YR2013,93.686
2668,PRI,YR2014,93.651
2669,PRI,YR2015,93.624
2670,PRI,YR2016,93.602
2671,PRI,YR2017,93.587
2672,PRI,YR2018,93.578
2673,PRI,YR2019,93.576
2674,PRK,YR2006,59.884
2675,PRK,YR2007,59.962
2676,PRK,YR2008,60.04
2677,PRK,YR2009,60.195
2678,PRK,YR2010,60.377
2679,PRK,YR2011,60.557
2680,PRK,YR2012,60.738
2681,PRK,YR2013,60.918
2682,PRK,YR2014,61.098
2683,PRK,YR2015,61.277
2684,PRK,YR2016,61.471
2685,PRK,YR2017,61.678
2686,PRK,YR2018,61.899
2687,PRK,YR2019,62.134
2688,PRT,YR2006,58.137
2689,PRT,YR2007,58.749
2690,PRT,YR2008,59.359
2691,PRT,YR2009,59.964
2692,PRT,YR2010,60.567
2693,PRT,YR2011,61.167
2694,PRT,YR2012,61.763
2695,PRT,YR2013,62.352
2696,PRT,YR2014,62.936
2697,PRT,YR2015,63.514
2698,PRT,YR2016,64.086
2699,PRT,YR2017,64.652
2700,PRT,YR2018,65.211
2701,PRT,YR2019,65.764
2702,PRY,YR2006,57.96
2703,PRY,YR2007,58.286
2704,PRY,YR2008,58.612
2705,PRY,YR2009,58.937
2706,PRY,YR2010,59.261
2707,PRY,YR2011,59.584
2708,PRY,YR2012,59.907
2709,PRY,YR2013,60.197
2710,PRY,YR2014,60.474
2711,PRY,YR2015,60.75
2712,PRY,YR2016,61.026
2713,PRY,YR2017,61.3
2714,PRY,YR2018,61.585
2715,PRY,YR2019,61.879
2716,PSE,YR2006,73.276
2717,PSE,YR2007,73.491
2718,PSE,YR2008,73.704
2719,PSE,YR2009,73.923
2720,PSE,YR2010,74.149
2721,PSE,YR2011,74.381
2722,PSE,YR2012,74.619
2723,PSE,YR2013,74.863
2724,PSE,YR2014,75.113
2725,PSE,YR2015,75.368
2726,PSE,YR2016,75.628
2727,PSE,YR2017,75.894
2728,PSE,YR2018,76.164
2729,PSE,YR2019,76.44
2730,PSS,YR2006,35.8019608058958
2731,PSS,YR2007,36.0571820933498
2732,PSS,YR2008,36.3443733971839
2733,PSS,YR2009,36.6326776217198
2734,PSS,YR2010,36.8982897991267
2735,PSS,YR2011,37.1398354498205
2736,PSS,YR2012,37.3707948486608
2737,PSS,YR2013,37.5978478959627
2738,PSS,YR2014,37.8224926915805
2739,PSS,YR2015,38.0440977570364
2740,PSS,YR2016,38.2597602654228
2741,PSS,YR2017,38.4685447800817
2742,PSS,YR2018,38.6770227270373
2743,PSS,YR2019,38.8827944465255
2744,PST,YR2006,78.6670560409172
2745,PST,YR2007,78.9809195867281
2746,PST,YR2008,79.2839618116765
2747,PST,YR2009,79.5739714793728
2748,PST,YR2010,79.85237473343
2749,PST,YR2011,80.0620731683733
2750,PST,YR2012,80.2358783049194
2751,PST,YR2013,80.4033495094097
2752,PST,YR2014,80.5710812255378
2753,PST,YR2015,80.743925998894
2754,PST,YR2016,80.919425939494
2755,PST,YR2017,81.0987776351427
2756,PST,YR2018,81.2814606622272
2757,PST,YR2019,81.473850136216
2758,PYF,YR2006,58.002
2759,PYF,YR2007,58.585
2760,PYF,YR2008,59.166
2761,PYF,YR2009,59.742
2762,PYF,YR2010,60.317
2763,PYF,YR2011,60.889
2764,PYF,YR2012,61.459
2765,PYF,YR2013,61.583
2766,PYF,YR2014,61.633
2767,PYF,YR2015,61.683
2768,PYF,YR2016,61.734
2769,PYF,YR2017,61.784
2770,PYF,YR2018,61.834
2771,PYF,YR2019,61.897
2772,QAT,YR2006,97.671
2773,QAT,YR2007,97.917
2774,QAT,YR2008,98.139
2775,QAT,YR2009,98.336
2776,QAT,YR2010,98.501
2777,QAT,YR2011,98.602
2778,QAT,YR2012,98.697
2779,QAT,YR2013,98.785
2780,QAT,YR2014,98.868
2781,QAT,YR2015,98.945
2782,QAT,YR2016,99.015
2783,QAT,YR2017,99.078
2784,QAT,YR2018,99.135
2785,QAT,YR2019,99.188
2786,ROU,YR2006,53.305
2787,ROU,YR2007,53.436
2788,ROU,YR2008,53.567
2789,ROU,YR2009,53.698
2790,ROU,YR2010,53.829
2791,ROU,YR2011,53.96
2792,ROU,YR2012,53.974
2793,ROU,YR2013,53.937
2794,ROU,YR2014,53.9
2795,ROU,YR2015,53.887
2796,ROU,YR2016,53.9
2797,ROU,YR2017,53.936
2798,ROU,YR2018,53.998
2799,ROU,YR2019,54.084
2800,RUS,YR2006,73.508
2801,RUS,YR2007,73.553
2802,RUS,YR2008,73.598
2803,RUS,YR2009,73.642
2804,RUS,YR2010,73.687
2805,RUS,YR2011,73.732
2806,RUS,YR2012,73.791
2807,RUS,YR2013,73.863
2808,RUS,YR2014,73.95
2809,RUS,YR2015,74.05
2810,RUS,YR2016,74.164
2811,RUS,YR2017,74.292
2812,RUS,YR2018,74.433
2813,RUS,YR2019,74.587
2814,RWA,YR2006,16.917
2815,RWA,YR2007,16.921
2816,RWA,YR2008,16.925
2817,RWA,YR2009,16.93
2818,RWA,YR2010,16.934
2819,RWA,YR2011,16.938
2820,RWA,YR2012,16.943
2821,RWA,YR2013,16.947
2822,RWA,YR2014,16.967
2823,RWA,YR2015,17.004
2824,RWA,YR2016,17.056
2825,RWA,YR2017,17.125
2826,RWA,YR2018,17.211
2827,RWA,YR2019,17.313
2828,SAS,YR2006,29.4185674275588
2829,SAS,YR2007,29.7746483575016
2830,SAS,YR2008,30.1339761096236
2831,SAS,YR2009,30.4931685689319
2832,SAS,YR2010,30.8553927006463
2833,SAS,YR2011,31.219043068445
2834,SAS,YR2012,31.5905459251381
2835,SAS,YR2013,31.9702760456188
2836,SAS,YR2014,32.3585341373298
2837,SAS,YR2015,32.7558060065456
2838,SAS,YR2016,33.1623406354833
2839,SAS,YR2017,33.5786134423552
2840,SAS,YR2018,34.0058991979748
2841,SAS,YR2019,34.4446340578761
2842,SAU,YR2006,81.204
2843,SAU,YR2007,81.427
2844,SAU,YR2008,81.649
2845,SAU,YR2009,81.867
2846,SAU,YR2010,82.084
2847,SAU,YR2011,82.302
2848,SAU,YR2012,82.52
2849,SAU,YR2013,82.74
2850,SAU,YR2014,82.96
2851,SAU,YR2015,83.18
2852,SAU,YR2016,83.401
2853,SAU,YR2017,83.622
2854,SAU,YR2018,83.844
2855,SAU,YR2019,84.065
2856,SDN,YR2006,32.813
2857,SDN,YR2007,32.866
2858,SDN,YR2008,32.919
2859,SDN,YR2009,32.993
2860,SDN,YR2010,33.089
2861,SDN,YR2011,33.207
2862,SDN,YR2012,33.346
2863,SDN,YR2013,33.507
2864,SDN,YR2014,33.689
2865,SDN,YR2015,33.894
2866,SDN,YR2016,34.121
2867,SDN,YR2017,34.37
2868,SDN,YR2018,34.642
2869,SDN,YR2019,34.936
2870,SEN,YR2006,42.124
2871,SEN,YR2007,42.535
2872,SEN,YR2008,42.947
2873,SEN,YR2009,43.359
2874,SEN,YR2010,43.773
2875,SEN,YR2011,44.188
2876,SEN,YR2012,44.603
2877,SEN,YR2013,45.019
2878,SEN,YR2014,45.436
2879,SEN,YR2015,45.862
2880,SEN,YR2016,46.296
2881,SEN,YR2017,46.74
2882,SEN,YR2018,47.192
2883,SEN,YR2019,47.653
2884,SGP,YR2006,100.0
2885,SGP,YR2007,100.0
2886,SGP,YR2008,100.0
2887,SGP,YR2009,100.0
2888,SGP,YR2010,100.0
2889,SGP,YR2011,100.0
2890,SGP,YR2012,100.0
2891,SGP,YR2013,100.0
2892,SGP,YR2014,100.0
2893,SGP,YR2015,100.0
2894,SGP,YR2016,100.0
2895,SGP,YR2017,100.0
2896,SGP,YR2018,100.0
2897,SGP,YR2019,100.0
2898,SLB,YR2006,18.259
2899,SLB,YR2007,18.694
2900,SLB,YR2008,19.138
2901,SLB,YR2009,19.589
2902,SLB,YR2010,20.048
2903,SLB,YR2011,20.508
2904,SLB,YR2012,20.97
2905,SLB,YR2013,21.433
2906,SLB,YR2014,21.896
2907,SLB,YR2015,22.36
2908,SLB,YR2016,22.823
2909,SLB,YR2017,23.286
2910,SLB,YR2018,23.749
2911,SLB,YR2019,24.21
2912,SLE,YR2006,37.303
2913,SLE,YR2007,37.689
2914,SLE,YR2008,38.077
2915,SLE,YR2009,38.466
2916,SLE,YR2010,38.856
2917,SLE,YR2011,39.248
2918,SLE,YR2012,39.642
2919,SLE,YR2013,40.036
2920,SLE,YR2014,40.432
2921,SLE,YR2015,40.829
2922,SLE,YR2016,41.228
2923,SLE,YR2017,41.636
2924,SLE,YR2018,42.055
2925,SLE,YR2019,42.484
2926,SLV,YR2006,62.187
2927,SLV,YR2007,62.774
2928,SLV,YR2008,63.678
2929,SLV,YR2009,64.57
2930,SLV,YR2010,65.452
2931,SLV,YR2011,66.325
2932,SLV,YR2012,67.187
2933,SLV,YR2013,68.036
2934,SLV,YR2014,68.874
2935,SLV,YR2015,69.7
2936,SLV,YR2016,70.501
2937,SLV,YR2017,71.275
2938,SLV,YR2018,72.023
2939,SLV,YR2019,72.746
2940,SMR,YR2006,94.736
2941,SMR,YR2007,95.007
2942,SMR,YR2008,95.264
2943,SMR,YR2009,95.508
2944,SMR,YR2010,95.74
2945,SMR,YR2011,95.961
2946,SMR,YR2012,96.171
2947,SMR,YR2013,96.37
2948,SMR,YR2014,96.559
2949,SMR,YR2015,96.739
2950,SMR,YR2016,96.91
2951,SMR,YR2017,97.072
2952,SMR,YR2018,97.226
2953,SMR,YR2019,97.368
2954,SOM,YR2006,37.1
2955,SOM,YR2007,34.404
2956,SOM,YR2008,36.011
2957,SOM,YR2009,37.645
2958,SOM,YR2010,39.31
2959,SOM,YR2011,41.0
2960,SOM,YR2012,41.558
2961,SOM,YR2013,42.117
2962,SOM,YR2014,42.679
2963,SOM,YR2015,43.245
2964,SOM,YR2016,43.816
2965,SOM,YR2017,44.391
2966,SOM,YR2018,44.971
2967,SOM,YR2019,45.554
2968,SRB,YR2006,54.105
2969,SRB,YR2007,54.328
2970,SRB,YR2008,54.55
2971,SRB,YR2009,54.772
2972,SRB,YR2010,54.993
2973,SRB,YR2011,55.215
2974,SRB,YR2012,55.356
2975,SRB,YR2013,55.469
2976,SRB,YR2014,55.583
2977,SRB,YR2015,55.696
2978,SRB,YR2016,55.81
2979,SRB,YR2017,55.942
2980,SRB,YR2018,56.092
2981,SRB,YR2019,56.26
2982,SSA,YR2006,34.0712387503664
2983,SSA,YR2007,34.4867378377072
2984,SSA,YR2008,34.9898686978281
2985,SSA,YR2009,35.497846604018
2986,SSA,YR2010,36.0134126909245
2987,SSA,YR2011,36.5353524904486
2988,SSA,YR2012,37.0469094384322
2989,SSA,YR2013,37.5602744018701
2990,SSA,YR2014,38.0874962507089
2991,SSA,YR2015,38.6297660441807
2992,SSA,YR2016,39.1593804235024
2993,SSA,YR2017,39.685703269684
2994,SSA,YR2018,40.223086645972
2995,SSA,YR2019,40.7578587116271
2996,SSD,YR2006,17.287
2997,SSD,YR2007,17.42
2998,SSD,YR2008,17.555
2999,SSD,YR2009,17.701
3000,SSD,YR2010,17.86
3001,SSD,YR2011,18.032
3002,SSD,YR2012,18.217
3003,SSD,YR2013,18.415
3004,SSD,YR2014,18.626
3005,SSD,YR2015,18.852
3006,SSD,YR2016,19.092
3007,SSD,YR2017,19.346
3008,SSD,YR2018,19.615
3009,SSD,YR2019,19.899
3010,SSF,YR2006,34.0731599930885
3011,SSF,YR2007,34.4886062372549
3012,SSF,YR2008,34.9917097740509
3013,SSF,YR2009,35.4996286138736
3014,SSF,YR2010,36.015180198568
3015,SSF,YR2011,36.53701418725
3016,SSF,YR2012,37.0485316902706
3017,SSF,YR2013,37.5618732342058
3018,SSF,YR2014,38.0890675873544
3019,SSF,YR2015,38.6313191921447
3020,SSF,YR2016,39.1609037645277
3021,SSF,YR2017,39.6871965003954
3022,SSF,YR2018,40.2245453263424
3023,SSF,YR2019,40.7592828637136
3024,SST,YR2006,52.0182501155792
3025,SST,YR2007,52.7724613743379
3026,SST,YR2008,53.5187902954634
3027,SST,YR2009,54.1901716475101
3028,SST,YR2010,54.7412825388885
3029,SST,YR2011,55.2356700485891
3030,SST,YR2012,55.7240124523575
3031,SST,YR2013,56.2328168120326
3032,SST,YR2014,56.8029884277001
3033,SST,YR2015,57.3892912929096
3034,SST,YR2016,57.9419378149317
3035,SST,YR2017,58.4257482296914
3036,SST,YR2018,58.8223814846902
3037,SST,YR2019,59.1980447262236
3038,STP,YR2006,60.348
3039,STP,YR2007,61.52
3040,STP,YR2008,62.68
3041,STP,YR2009,63.823
3042,STP,YR2010,64.952
3043,STP,YR2011,66.064
3044,STP,YR2012,67.16
3045,STP,YR2013,68.208
3046,STP,YR2014,69.213
3047,STP,YR2015,70.174
3048,STP,YR2016,71.092
3049,STP,YR2017,71.968
3050,STP,YR2018,72.803
3051,STP,YR2019,73.598
3052,SUR,YR2006,66.615
3053,SUR,YR2007,66.547
3054,SUR,YR2008,66.479
3055,SUR,YR2009,66.412
3056,SUR,YR2010,66.344
3057,SUR,YR2011,66.276
3058,SUR,YR2012,66.208
3059,SUR,YR2013,66.14
3060,SUR,YR2014,66.089
3061,SUR,YR2015,66.056
3062,SUR,YR2016,66.04
3063,SUR,YR2017,66.041
3064,SUR,YR2018,66.06
3065,SUR,YR2019,66.095
3066,SVK,YR2006,55.412
3067,SVK,YR2007,55.261
3068,SVK,YR2008,55.111
3069,SVK,YR2009,54.96
3070,SVK,YR2010,54.685
3071,SVK,YR2011,54.42
3072,SVK,YR2012,54.28
3073,SVK,YR2013,54.14
3074,SVK,YR2014,54.0
3075,SVK,YR2015,53.889
3076,SVK,YR2016,53.806
3077,SVK,YR2017,53.751
3078,SVK,YR2018,53.726
3079,SVK,YR2019,53.729
3080,SVN,YR2006,51.758
3081,SVN,YR2007,51.983
3082,SVN,YR2008,52.209
3083,SVN,YR2009,52.433
3084,SVN,YR2010,52.658
3085,SVN,YR2011,52.883
3086,SVN,YR2012,53.108
3087,SVN,YR2013,53.332
3088,SVN,YR2014,53.557
3089,SVN,YR2015,53.781
3090,SVN,YR2016,54.02
3091,SVN,YR2017,54.273
3092,SVN,YR2018,54.541
3093,SVN,YR2019,54.822
3094,SWE,YR2006,84.43
3095,SWE,YR2007,84.588
3096,SWE,YR2008,84.746
3097,SWE,YR2009,84.902
3098,SWE,YR2010,85.056
3099,SWE,YR2011,85.297
3100,SWE,YR2012,85.62
3101,SWE,YR2013,85.936
3102,SWE,YR2014,86.247
3103,SWE,YR2015,86.553
3104,SWE,YR2016,86.852
3105,SWE,YR2017,87.146
3106,SWE,YR2018,87.431
3107,SWE,YR2019,87.708
3108,SWZ,YR2006,21.91
3109,SWZ,YR2007,21.829
3110,SWZ,YR2008,22.045
3111,SWZ,YR2009,22.262
3112,SWZ,YR2010,22.48
3113,SWZ,YR2011,22.7
3114,SWZ,YR2012,22.849
3115,SWZ,YR2013,22.999
3116,SWZ,YR2014,23.149
3117,SWZ,YR2015,23.3
3118,SWZ,YR2016,23.459
3119,SWZ,YR2017,23.625
3120,SWZ,YR2018,23.799
3121,SWZ,YR2019,23.981
3122,SXM,YR2006,100.0
3123,SXM,YR2007,100.0
3124,SXM,YR2008,100.0
3125,SXM,YR2009,100.0
3126,SXM,YR2010,100.0
3127,SXM,YR2011,100.0
3128,SXM,YR2012,100.0
3129,SXM,YR2013,100.0
3130,SXM,YR2014,100.0
3131,SXM,YR2015,100.0
3132,SXM,YR2016,100.0
3133,SXM,YR2017,100.0
3134,SXM,YR2018,100.0
3135,SXM,YR2019,100.0
3136,SYC,YR2006,51.969
3137,SYC,YR2007,52.285
3138,SYC,YR2008,52.619
3139,SYC,YR2009,52.969
3140,SYC,YR2010,53.336
3141,SYC,YR2011,53.72
3142,SYC,YR2012,54.12
3143,SYC,YR2013,54.537
3144,SYC,YR2014,54.969
3145,SYC,YR2015,55.4
3146,SYC,YR2016,55.831
3147,SYC,YR2017,56.261
3148,SYC,YR2018,56.691
3149,SYC,YR2019,57.119
3150,SYR,YR2006,54.146
3151,SYR,YR2007,54.511
3152,SYR,YR2008,54.875
3153,SYR,YR2009,55.237
3154,SYR,YR2010,55.6
3155,SYR,YR2011,54.58
3156,SYR,YR2012,53.555
3157,SYR,YR2013,52.529
3158,SYR,YR2014,51.5
3159,SYR,YR2015,52.168
3160,SYR,YR2016,52.835
3161,SYR,YR2017,53.5
3162,SYR,YR2018,54.162
3163,SYR,YR2019,54.821
3164,TCA,YR2006,88.281
3165,TCA,YR2007,88.797
3166,TCA,YR2008,89.294
3167,TCA,YR2009,89.77
3168,TCA,YR2010,90.228
3169,TCA,YR2011,90.668
3170,TCA,YR2012,91.09
3171,TCA,YR2013,91.483
3172,TCA,YR2014,91.851
3173,TCA,YR2015,92.195
3174,TCA,YR2016,92.517
3175,TCA,YR2017,92.817
3176,TCA,YR2018,93.098
3177,TCA,YR2019,93.36
3178,TCD,YR2006,21.834
3179,TCD,YR2007,21.868
3180,TCD,YR2008,21.901
3181,TCD,YR2009,21.934
3182,TCD,YR2010,21.985
3183,TCD,YR2011,22.054
3184,TCD,YR2012,22.142
3185,TCD,YR2013,22.248
3186,TCD,YR2014,22.372
3187,TCD,YR2015,22.515
3188,TCD,YR2016,22.677
3189,TCD,YR2017,22.858
3190,TCD,YR2018,23.059
3191,TCD,YR2019,23.279
3192,TEA,YR2006,43.0123774427184
3193,TEA,YR2007,44.1244701639907
3194,TEA,YR2008,45.2416611488592
3195,TEA,YR2009,46.3579837251563
3196,TEA,YR2010,47.4740167169359
3197,TEA,YR2011,48.5252398571535
3198,TEA,YR2012,49.5510440101531
3199,TEA,YR2013,50.5706288498647
3200,TEA,YR2014,51.5873523494421
3201,TEA,YR2015,52.5986087631039
3202,TEA,YR2016,53.6047753499402
3203,TEA,YR2017,54.6023491585148
3204,TEA,YR2018,55.5748529270474
3205,TEA,YR2019,56.5192103941673
3206,TEC,YR2006,64.4653243777208
3207,TEC,YR2007,64.6419479749589
3208,TEC,YR2008,64.8179312026968
3209,TEC,YR2009,64.9899502994318
3210,TEC,YR2010,65.1499293567027
3211,TEC,YR2011,65.2922926411523
3212,TEC,YR2012,65.4262679000118
3213,TEC,YR2013,65.5622347879521
3214,TEC,YR2014,65.7044263286559
3215,TEC,YR2015,65.8537910597138
3216,TEC,YR2016,66.0091656048745
3217,TEC,YR2017,66.16746407157
3218,TEC,YR2018,66.3268266292051
3219,TEC,YR2019,66.4924325045159
3220,TGO,YR2006,35.649
3221,TGO,YR2007,36.116
3222,TGO,YR2008,36.587
3223,TGO,YR2009,37.058
3224,TGO,YR2010,37.533
3225,TGO,YR2011,38.032
3226,TGO,YR2012,38.546
3227,TGO,YR2013,39.061
3228,TGO,YR2014,39.579
3229,TGO,YR2015,40.1
3230,TGO,YR2016,40.628
3231,TGO,YR2017,41.162
3232,TGO,YR2018,41.702
3233,TGO,YR2019,42.248
3234,THA,YR2006,38.673
3235,THA,YR2007,39.95
3236,THA,YR2008,41.242
3237,THA,YR2009,42.543
3238,THA,YR2010,43.856
3239,THA,YR2011,44.698
3240,THA,YR2012,45.445
3241,THA,YR2013,46.193
3242,THA,YR2014,46.943
3243,THA,YR2015,47.694
3244,THA,YR2016,48.448
3245,THA,YR2017,49.2
3246,THA,YR2018,49.949
3247,THA,YR2019,50.692
3248,TJK,YR2006,26.512
3249,TJK,YR2007,26.514
3250,TJK,YR2008,26.516
3251,TJK,YR2009,26.518
3252,TJK,YR2010,26.52
3253,TJK,YR2011,26.521
3254,TJK,YR2012,26.545
3255,TJK,YR2013,26.589
3256,TJK,YR2014,26.655
3257,TJK,YR2015,26.742
3258,TJK,YR2016,26.851
3259,TJK,YR2017,26.982
3260,TJK,YR2018,27.134
3261,TJK,YR2019,27.309
3262,TKM,YR2006,47.308
3263,TKM,YR2007,47.581
3264,TKM,YR2008,47.868
3265,TKM,YR2009,48.172
3266,TKM,YR2010,48.491
3267,TKM,YR2011,48.825
3268,TKM,YR2012,49.175
3269,TKM,YR2013,49.541
3270,TKM,YR2014,49.921
3271,TKM,YR2015,50.317
3272,TKM,YR2016,50.728
3273,TKM,YR2017,51.153
3274,TKM,YR2018,51.593
3275,TKM,YR2019,52.048
3276,TLA,YR2006,77.347696406268
3277,TLA,YR2007,77.6532541828774
3278,TLA,YR2008,77.9520278187275
3279,TLA,YR2009,78.2431803534542
3280,TLA,YR2010,78.5266423170132
3281,TLA,YR2011,78.8145634139249
3282,TLA,YR2012,79.0936341754314
3283,TLA,YR2013,79.3673019591685
3284,TLA,YR2014,79.6387285794408
3285,TLA,YR2015,79.9070644960537
3286,TLA,YR2016,80.1703326069993
3287,TLA,YR2017,80.4261912598534
3288,TLA,YR2018,80.6698839141412
3289,TLA,YR2019,80.9123307981194
3290,TLS,YR2006,26.374
3291,TLS,YR2007,26.709
3292,TLS,YR2008,27.048
3293,TLS,YR2009,27.389
3294,TLS,YR2010,27.732
3295,TLS,YR2011,28.079
3296,TLS,YR2012,28.428
3297,TLS,YR2013,28.779
3298,TLS,YR2014,29.133
3299,TLS,YR2015,29.49
3300,TLS,YR2016,29.85
3301,TLS,YR2017,30.212
3302,TLS,YR2018,30.578
3303,TLS,YR2019,30.947
3304,TMN,YR2006,57.2811708615976
3305,TMN,YR2007,57.6155757403938
3306,TMN,YR2008,57.9482357169795
3307,TMN,YR2009,58.2940257442493
3308,TMN,YR2010,58.6333102518226
3309,TMN,YR2011,58.8529165849126
3310,TMN,YR2012,59.0720773975511
3311,TMN,YR2013,59.395867001728
3312,TMN,YR2014,59.7770992837043
3313,TMN,YR2015,60.185203004001
3314,TMN,YR2016,60.5168085004142
3315,TMN,YR2017,60.8202870729607
3316,TMN,YR2018,61.1219459050215
3317,TMN,YR2019,61.4174454026043
3318,TON,YR2006,23.184
3319,TON,YR2007,23.227
3320,TON,YR2008,23.281
3321,TON,YR2009,23.335
3322,TON,YR2010,23.389
3323,TON,YR2011,23.443
3324,TON,YR2012,23.435
3325,TON,YR2013,23.382
3326,TON,YR2014,23.328
3327,TON,YR2015,23.275
3328,TON,YR2016,23.222
3329,TON,YR2017,23.169
3330,TON,YR2018,23.131
3331,TON,YR2019,23.107
3332,TSA,YR2006,29.4185674275588
3333,TSA,YR2007,29.7746483575016
3334,TSA,YR2008,30.1339761096236
3335,TSA,YR2009,30.4931685689319
3336,TSA,YR2010,30.8553927006463
3337,TSA,YR2011,31.219043068445
3338,TSA,YR2012,31.5905459251381
3339,TSA,YR2013,31.9702760456188
3340,TSA,YR2014,32.3585341373298
3341,TSA,YR2015,32.7558060065456
3342,TSA,YR2016,33.1623406354833
3343,TSA,YR2017,33.5786134423552
3344,TSA,YR2018,34.0058991979748
3345,TSA,YR2019,34.4446340578761
3346,TSS,YR2006,34.0731599930885
3347,TSS,YR2007,34.4886062372549
3348,TSS,YR2008,34.9917097740509
3349,TSS,YR2009,35.4996286138736
3350,TSS,YR2010,36.015180198568
3351,TSS,YR2011,36.53701418725
3352,TSS,YR2012,37.0485316902706
3353,TSS,YR2013,37.5618732342058
3354,TSS,YR2014,38.0890675873544
3355,TSS,YR2015,38.6313191921447
3356,TSS,YR2016,39.1609037645277
3357,TSS,YR2017,39.6871965003954
3358,TSS,YR2018,40.2245453263424
3359,TSS,YR2019,40.7592828637136
3360,TTO,YR2006,54.779
3361,TTO,YR2007,54.59
3362,TTO,YR2008,54.402
3363,TTO,YR2009,54.213
3364,TTO,YR2010,54.025
3365,TTO,YR2011,53.836
3366,TTO,YR2012,53.671
3367,TTO,YR2013,53.53
3368,TTO,YR2014,53.413
3369,TTO,YR2015,53.319
3370,TTO,YR2016,53.25
3371,TTO,YR2017,53.205
3372,TTO,YR2018,53.184
3373,TTO,YR2019,53.187
3374,TUN,YR2006,65.524
3375,TUN,YR2007,65.809
3376,TUN,YR2008,66.093
3377,TUN,YR2009,66.376
3378,TUN,YR2010,66.657
3379,TUN,YR2011,66.938
3380,TUN,YR2012,67.218
3381,TUN,YR2013,67.495
3382,TUN,YR2014,67.772
3383,TUN,YR2015,68.056
3384,TUN,YR2016,68.346
3385,TUN,YR2017,68.642
3386,TUN,YR2018,68.945
3387,TUN,YR2019,69.254
3388,TUR,YR2006,68.45
3389,TUR,YR2007,69.053
3390,TUR,YR2008,69.651
3391,TUR,YR2009,70.241
3392,TUR,YR2010,70.825
3393,TUR,YR2011,71.402
3394,TUR,YR2012,71.974
3395,TUR,YR2013,72.531
3396,TUR,YR2014,73.077
3397,TUR,YR2015,73.611
3398,TUR,YR2016,74.134
3399,TUR,YR2017,74.644
3400,TUR,YR2018,75.143
3401,TUR,YR2019,75.63
3402,TUV,YR2006,50.721
3403,TUV,YR2007,51.743
3404,TUV,YR2008,52.765
3405,TUV,YR2009,53.782
3406,TUV,YR2010,54.796
3407,TUV,YR2011,55.807
3408,TUV,YR2012,56.815
3409,TUV,YR2013,57.814
3410,TUV,YR2014,58.786
3411,TUV,YR2015,59.73
3412,TUV,YR2016,60.645
3413,TUV,YR2017,61.53
3414,TUV,YR2018,62.387
3415,TUV,YR2019,63.215
3416,TZA,YR2006,25.478
3417,TZA,YR2007,26.121
3418,TZA,YR2008,26.776
3419,TZA,YR2009,27.439
3420,TZA,YR2010,28.114
3421,TZA,YR2011,28.798
3422,TZA,YR2012,29.493
3423,TZA,YR2013,30.196
3424,TZA,YR2014,30.904
3425,TZA,YR2015,31.617
3426,TZA,YR2016,32.333
3427,TZA,YR2017,33.053
3428,TZA,YR2018,33.776
3429,TZA,YR2019,34.5
3430,UGA,YR2006,17.425
3431,UGA,YR2007,17.899
3432,UGA,YR2008,18.384
3433,UGA,YR2009,18.878
3434,UGA,YR2010,19.383
3435,UGA,YR2011,19.898
3436,UGA,YR2012,20.424
3437,UGA,YR2013,20.958
3438,UGA,YR2014,21.504
3439,UGA,YR2015,22.06
3440,UGA,YR2016,22.624
3441,UGA,YR2017,23.196
3442,UGA,YR2018,23.774
3443,UGA,YR2019,24.361
3444,UKR,YR2006,67.969
3445,UKR,YR2007,68.147
3446,UKR,YR2008,68.325
3447,UKR,YR2009,68.502
3448,UKR,YR2010,68.596
3449,UKR,YR2011,68.689
3450,UKR,YR2012,68.782
3451,UKR,YR2013,68.875
3452,UKR,YR2014,68.968
3453,UKR,YR2015,69.061
3454,UKR,YR2016,69.154
3455,UKR,YR2017,69.246
3456,UKR,YR2018,69.352
3457,UKR,YR2019,69.473
3458,UMC,YR2006,54.3214044642356
3459,UMC,YR2007,55.257988276232
3460,UMC,YR2008,56.2019843134744
3461,UMC,YR2009,57.1463224485585
3462,UMC,YR2010,58.0873967333138
3463,UMC,YR2011,58.9710402398319
3464,UMC,YR2012,59.8290224152333
3465,UMC,YR2013,60.6850167163447
3466,UMC,YR2014,61.5393233781615
3467,UMC,YR2015,62.3897834879493
3468,UMC,YR2016,63.2346081906989
3469,UMC,YR2017,64.0692135310148
3470,UMC,YR2018,64.8894852967897
3471,UMC,YR2019,65.6907996185099
3472,URY,YR2006,93.553
3473,URY,YR2007,93.779
3474,URY,YR2008,93.998
3475,URY,YR2009,94.209
3476,URY,YR2010,94.414
3477,URY,YR2011,94.612
3478,URY,YR2012,94.739
3479,URY,YR2013,94.843
3480,URY,YR2014,94.945
3481,URY,YR2015,95.045
3482,URY,YR2016,95.144
3483,URY,YR2017,95.24
3484,URY,YR2018,95.334
3485,URY,YR2019,95.426
3486,USA,YR2006,80.099
3487,USA,YR2007,80.269
3488,USA,YR2008,80.438
3489,USA,YR2009,80.606
3490,USA,YR2010,80.772
3491,USA,YR2011,80.944
3492,USA,YR2012,81.119
3493,USA,YR2013,81.299
3494,USA,YR2014,81.483
3495,USA,YR2015,81.671
3496,USA,YR2016,81.862
3497,USA,YR2017,82.058
3498,USA,YR2018,82.256
3499,USA,YR2019,82.459
3500,UZB,YR2006,49.021
3501,UZB,YR2007,49.505
3502,UZB,YR2008,49.989
3503,UZB,YR2009,50.472
3504,UZB,YR2010,50.956
3505,UZB,YR2011,51.15
3506,UZB,YR2012,51.05
3507,UZB,YR2013,50.95
3508,UZB,YR2014,50.85
3509,UZB,YR2015,50.75
3510,UZB,YR2016,50.65
3511,UZB,YR2017,50.55
3512,UZB,YR2018,50.478
3513,UZB,YR2019,50.433
3514,VCT,YR2006,47.412
3515,VCT,YR2007,47.794
3516,VCT,YR2008,48.18
3517,VCT,YR2009,48.569
3518,VCT,YR2010,48.961
3519,VCT,YR2011,49.356
3520,VCT,YR2012,49.754
3521,VCT,YR2013,50.154
3522,VCT,YR2014,50.558
3523,VCT,YR2015,50.964
3524,VCT,YR2016,51.373
3525,VCT,YR2017,51.784
3526,VCT,YR2018,52.198
3527,VCT,YR2019,52.614
3528,VEN,YR2006,87.98
3529,VEN,YR2007,88.006
3530,VEN,YR2008,88.031
3531,VEN,YR2009,88.057
3532,VEN,YR2010,88.083
3533,VEN,YR2011,88.108
3534,VEN,YR2012,88.123
3535,VEN,YR2013,88.133
3536,VEN,YR2014,88.144
3537,VEN,YR2015,88.154
3538,VEN,YR2016,88.165
3539,VEN,YR2017,88.183
3540,VEN,YR2018,88.208
3541,VEN,YR2019,88.24
3542,VGB,YR2006,43.517
3543,VGB,YR2007,43.831
3544,VGB,YR2008,44.152
3545,VGB,YR2009,44.479
3546,VGB,YR2010,44.814
3547,VGB,YR2011,45.154
3548,VGB,YR2012,45.502
3549,VGB,YR2013,45.856
3550,VGB,YR2014,46.216
3551,VGB,YR2015,46.583
3552,VGB,YR2016,46.957
3553,VGB,YR2017,47.337
3554,VGB,YR2018,47.723
3555,VGB,YR2019,48.116
3556,VIR,YR2006,93.861
3557,VIR,YR2007,94.053
3558,VIR,YR2008,94.239
3559,VIR,YR2009,94.419
3560,VIR,YR2010,94.594
3561,VIR,YR2011,94.761
3562,VIR,YR2012,94.919
3563,VIR,YR2013,95.07
3564,VIR,YR2014,95.213
3565,VIR,YR2015,95.35
3566,VIR,YR2016,95.48
3567,VIR,YR2017,95.603
3568,VIR,YR2018,95.721
3569,VIR,YR2019,95.832
3570,VNM,YR2006,27.888
3571,VNM,YR2007,28.504
3572,VNM,YR2008,29.128
3573,VNM,YR2009,29.762
3574,VNM,YR2010,30.417
3575,VNM,YR2011,31.08
3576,VNM,YR2012,31.752
3577,VNM,YR2013,32.429
3578,VNM,YR2014,33.115
3579,VNM,YR2015,33.809
3580,VNM,YR2016,34.51
3581,VNM,YR2017,35.213
3582,VNM,YR2018,35.919
3583,VNM,YR2019,36.628
3584,VUT,YR2006,23.392
3585,VUT,YR2007,23.687
3586,VUT,YR2008,23.985
3587,VUT,YR2009,24.286
3588,VUT,YR2010,24.462
3589,VUT,YR2011,24.561
3590,VUT,YR2012,24.661
3591,VUT,YR2013,24.761
3592,VUT,YR2014,24.861
3593,VUT,YR2015,24.961
3594,VUT,YR2016,25.062
3595,VUT,YR2017,25.163
3596,VUT,YR2018,25.274
3597,VUT,YR2019,25.394
3598,WLD,YR2006,49.5883148359033
3599,WLD,YR2007,50.0827721864937
3600,WLD,YR2008,50.589153535142
3601,WLD,YR2009,51.0875273351986
3602,WLD,YR2010,51.5764406919697
3603,WLD,YR2011,52.0215879397925
3604,WLD,YR2012,52.4611192354697
3605,WLD,YR2013,52.9092563021909
3606,WLD,YR2014,53.3659964306382
3607,WLD,YR2015,53.8296226134282
3608,WLD,YR2016,54.2889019170733
3609,WLD,YR2017,54.7414750596534
3610,WLD,YR2018,55.1889034811033
3611,WLD,YR2019,55.6302631347883
3612,WSM,YR2006,20.981
3613,WSM,YR2007,20.75
3614,WSM,YR2008,20.524
3615,WSM,YR2009,20.3
3616,WSM,YR2010,20.078
3617,WSM,YR2011,19.857
3618,WSM,YR2012,19.624
3619,WSM,YR2013,19.385
3620,WSM,YR2014,19.149
3621,WSM,YR2015,18.914
3622,WSM,YR2016,18.681
3623,WSM,YR2017,18.452
3624,WSM,YR2018,18.243
3625,WSM,YR2019,18.056
3626,YEM,YR2006,29.49
3627,YEM,YR2007,30.051
3628,YEM,YR2008,30.619
3629,YEM,YR2009,31.194
3630,YEM,YR2010,31.776
3631,YEM,YR2011,32.364
3632,YEM,YR2012,32.958
3633,YEM,YR2013,33.559
3634,YEM,YR2014,34.165
3635,YEM,YR2015,34.777
3636,YEM,YR2016,35.394
3637,YEM,YR2017,36.016
3638,YEM,YR2018,36.642
3639,YEM,YR2019,37.273
3640,ZAF,YR2006,60.077
3641,ZAF,YR2007,60.616
3642,ZAF,YR2008,61.154
3643,ZAF,YR2009,61.687
3644,ZAF,YR2010,62.218
3645,ZAF,YR2011,62.746
3646,ZAF,YR2012,63.272
3647,ZAF,YR2013,63.793
3648,ZAF,YR2014,64.312
3649,ZAF,YR2015,64.828
3650,ZAF,YR2016,65.341
3651,ZAF,YR2017,65.85
3652,ZAF,YR2018,66.355
3653,ZAF,YR2019,66.856
3654,ZMB,YR2006,37.395
3655,ZMB,YR2007,37.881
3656,ZMB,YR2008,38.371
3657,ZMB,YR2009,38.861
3658,ZMB,YR2010,39.355
3659,ZMB,YR2011,39.851
3660,ZMB,YR2012,40.354
3661,ZMB,YR2013,40.865
3662,ZMB,YR2014,41.382
3663,ZMB,YR2015,41.907
3664,ZMB,YR2016,42.438
3665,ZMB,YR2017,42.976
3666,ZMB,YR2018,43.521
3667,ZMB,YR2019,44.072
3668,ZWE,YR2006,33.926
3669,ZWE,YR2007,33.743
3670,ZWE,YR2008,33.56
3671,ZWE,YR2009,33.378
3672,ZWE,YR2010,33.196
3673,ZWE,YR2011,33.015
3674,ZWE,YR2012,32.834
3675,ZWE,YR2013,32.654
3676,ZWE,YR2014,32.504
3677,ZWE,YR2015,32.385
3678,ZWE,YR2016,32.296
3679,ZWE,YR2017,32.237
3680,ZWE,YR2018,32.209
3681,ZWE,YR2019,32.21
