,economy,time,IS.RRS.GOOD.MT.K6
0,ALB,YR2006,36.0
1,ALB,YR2007,53.0
2,ALB,YR2008,52.0
3,ALB,YR2009,46.0
4,ALB,YR2010,66.0
5,ALB,YR2011,50.0
6,ALB,YR2012,25.0
7,ALB,YR2013,23.0
8,ALB,YR2014,39.887
9,ALB,YR2015,23.124
10,ALB,YR2016,8.8
11,ALB,YR2017,25.3
12,ALB,YR2018,20.4
13,ALB,YR2019,43.0
14,ARB,YR2010,1722.304
15,ARE,YR2018,1373.0
16,ARE,YR2019,1488.485
17,ARG,YR2006,12628.0
18,ARG,YR2007,12871.0
19,ARG,YR2008,12025.0
20,ARG,YR2009,10649.0
21,ARG,YR2010,12112.0
22,ARG,YR2011,12198.0
23,ARG,YR2012,10583.0
24,ARG,YR2013,9746.0
25,ARG,YR2014,8893.0
26,ARG,YR2015,8274.0
27,ARG,YR2016,8529.0
28,ARG,YR2017,8377.0
29,ARM,YR2006,354.0
30,ARM,YR2007,771.0
31,ARM,YR2008,326.4
32,ARM,YR2009,718.0
33,ARM,YR2010,345.9
34,ARM,YR2011,816.0
35,ARM,YR2012,867.0
36,ARM,YR2013,851.0
37,ARM,YR2014,786.0
38,ARM,YR2015,640.0
39,ARM,YR2016,658.0
40,ARM,YR2017,689.46
41,ARM,YR2018,730.0
42,ARM,YR2019,860.0
43,AUS,YR2006,189425.0
44,AUS,YR2007,198961.0
45,AUS,YR2008,218684.0
46,AUS,YR2009,237163.0
47,AUS,YR2010,258624.0
48,AUS,YR2011,261420.0
49,AUS,YR2012,290570.0
50,AUS,YR2013,319000.0
51,AUS,YR2014,367700.0
52,AUS,YR2015,401600.0
53,AUS,YR2016,413490.0
54,AUS,YR2017,431307.31114667
55,AUS,YR2018,441273.24126364
56,AUS,YR2019,443004.62783715
57,AUT,YR2006,20980.0
58,AUT,YR2007,21371.0
59,AUT,YR2008,21915.0
60,AUT,YR2009,17767.0
61,AUT,YR2010,19833.0
62,AUT,YR2011,20345.0
63,AUT,YR2012,19499.0
64,AUT,YR2013,19564.0
65,AUT,YR2014,20746.0
66,AUT,YR2015,20814.0
67,AUT,YR2016,21361.0
68,AUT,YR2017,22256.0
69,AUT,YR2018,21996.241
70,AUT,YR2019,21736.0
71,AZE,YR2006,11059.0
72,AZE,YR2007,10375.0
73,AZE,YR2008,10021.0
74,AZE,YR2009,7592.0
75,AZE,YR2010,8250.0
76,AZE,YR2011,7845.0
77,AZE,YR2012,8212.0
78,AZE,YR2013,7958.0
79,AZE,YR2014,7371.0
80,AZE,YR2015,6210.0
81,AZE,YR2016,5192.0
82,AZE,YR2017,4633.0
83,AZE,YR2018,4492.0
84,AZE,YR2019,5152.0
85,BEL,YR2006,8587.0
86,BEL,YR2007,8148.0
87,BEL,YR2008,8469.0
88,BEL,YR2009,5947.0
89,BEL,YR2010,6264.0
90,BEL,YR2011,6698.0
91,BEN,YR2006,36.0
92,BFA,YR2006,0.737
93,BFA,YR2007,0.84
94,BGD,YR2007,776.0
95,BGD,YR2008,870.0
96,BGD,YR2009,800.0
97,BGD,YR2010,710.0
98,BGD,YR2011,693.0
99,BGD,YR2012,582.0
100,BGD,YR2013,525.0
101,BGD,YR2014,677.0
102,BGD,YR2015,694.0
103,BGD,YR2016,1053.0
104,BGR,YR2006,5396.0
105,BGR,YR2007,5241.0
106,BGR,YR2008,4693.0
107,BGR,YR2009,3145.0
108,BGR,YR2010,3064.0
109,BGR,YR2011,3291.0
110,BGR,YR2012,2908.0
111,BGR,YR2013,3246.0
112,BGR,YR2014,3439.0
113,BGR,YR2015,3650.0
114,BGR,YR2016,3434.0
115,BGR,YR2017,3931.0
116,BGR,YR2018,3792.0
117,BGR,YR2019,3901.6
118,BIH,YR2006,372.0
119,BIH,YR2007,1088.0
120,BIH,YR2008,1242.0
121,BIH,YR2009,992.0
122,BIH,YR2010,877.0
123,BIH,YR2011,1018.0
124,BIH,YR2012,1150.0
125,BIH,YR2013,1243.0
126,BIH,YR2014,1313.0
127,BIH,YR2015,1286.0
128,BIH,YR2016,1142.0
129,BIH,YR2017,1130.1
130,BIH,YR2018,1187.9
131,BIH,YR2019,1275.0
132,BLR,YR2006,45723.0
133,BLR,YR2007,47933.0
134,BLR,YR2008,48994.0
135,BLR,YR2009,42742.0
136,BLR,YR2010,46224.0
137,BLR,YR2011,49414.0
138,BLR,YR2012,48475.0
139,BLR,YR2013,43818.0
140,BLR,YR2014,44997.0
141,BLR,YR2015,40785.0
142,BLR,YR2016,41107.0
143,BLR,YR2017,48538.0
144,BLR,YR2018,52573.7
145,BLR,YR2019,48205.4
146,BRA,YR2006,7446.1
147,BRA,YR2007,9393.5
148,BWA,YR2006,674.0
149,BWA,YR2007,674.0
150,CAN,YR2006,341514.0
151,CAN,YR2007,347922.0
152,CAN,YR2008,334824.0
153,CAN,YR2009,294786.0
154,CAN,YR2010,332635.0
155,CAN,YR2011,347824.0
156,CAN,YR2012,368297.0
157,CAN,YR2013,386266.0
158,CAN,YR2014,414069.0
159,CAN,YR2015,412985.0
160,CAN,YR2016,396806.0
161,CAN,YR2017,420143.0
162,CAN,YR2018,445546.0
163,CAN,YR2019,446081.0
164,CEB,YR2006,10418.0
165,CEB,YR2007,10137.0
166,CEB,YR2008,9874.0
167,CEB,YR2009,7673.0
168,CEB,YR2010,8809.0
169,CEB,YR2011,9118.0
170,CEB,YR2012,9230.0
171,CEB,YR2013,9722.0
172,CEB,YR2014,10158.0
173,CEB,YR2015,10009.615
174,CEB,YR2016,10527.534
175,CEB,YR2017,11344.565
176,CEB,YR2018,10584.08
177,CEB,YR2019,10624.909
178,CHE,YR2006,12466.0
179,CHE,YR2007,11952.0
180,CHE,YR2008,12265.0
181,CHE,YR2009,10565.0
182,CHE,YR2010,11074.0
183,CHE,YR2011,11526.0
184,CHE,YR2012,11061.0
185,CHE,YR2013,11812.0
186,CHE,YR2014,12313.0
187,CHE,YR2015,12431.0
188,CHE,YR2016,12447.0
189,CHE,YR2017,11653.0
190,CHE,YR2018,11776.0
191,CHE,YR2019,11666.0
192,CHL,YR2010,3833.633027
193,CHL,YR2011,4118.699224
194,CHL,YR2012,4089.738747
195,CHL,YR2013,3981.463012
196,CHL,YR2014,4103.932874
197,CHL,YR2015,4085.724617
198,CHL,YR2016,4076.755917
199,CHL,YR2017,3760.2204401392
200,CHL,YR2018,3816.070253512
201,CHL,YR2019,3079.8397523271
202,CHN,YR2006,2195441.0
203,CHN,YR2007,2379700.0
204,CHN,YR2008,2510628.0
205,CHN,YR2009,2523917.0
206,CHN,YR2010,2764413.0
207,CHN,YR2011,2946579.0
208,CHN,YR2012,2918709.0
209,CHN,YR2013,2917390.0
210,CHN,YR2014,2753020.0
211,CHN,YR2015,2375430.0
212,CHN,YR2016,2379230.0
213,CHN,YR2017,2696220.0
214,CHN,YR2018,2882100.0
215,CHN,YR2019,3018200.0
216,CMR,YR2006,1136.385798
217,CMR,YR2007,1055.0
218,CMR,YR2008,978.0
219,CMR,YR2009,1018.255942
220,CMR,YR2010,1081.346693
221,CMR,YR2011,1056.962047
222,CMR,YR2017,841.569
223,CMR,YR2018,812.416
224,CMR,YR2019,974.087
225,COD,YR2006,323.0
226,COD,YR2007,299.0
227,COD,YR2008,275.0
228,COD,YR2009,152.0
229,COD,YR2010,193.0
230,COD,YR2011,158.0
231,COD,YR2012,170.0
232,COD,YR2013,174.0
233,COD,YR2014,148.0
234,COD,YR2015,133.0
235,COD,YR2016,174.0
236,COD,YR2017,194.0
237,COD,YR2018,188.0536
238,COD,YR2019,158.0
239,COG,YR2006,237.0
240,COG,YR2007,224.0
241,COG,YR2008,253.0
242,COG,YR2009,257.0
243,CUB,YR2006,1438.9
244,CUB,YR2007,1351.1
245,CZE,YR2006,15779.0
246,CZE,YR2007,16304.0
247,CZE,YR2008,15437.0
248,CZE,YR2009,12791.0
249,CZE,YR2010,13770.0
250,CZE,YR2011,14316.0
251,CZE,YR2012,14266.0
252,CZE,YR2013,13965.0
253,CZE,YR2014,14574.0
254,CZE,YR2015,15261.102013
255,CZE,YR2016,15618.690243
256,CZE,YR2017,15842.778
257,CZE,YR2018,16564.19
258,CZE,YR2019,16179.68
259,DEU,YR2006,107008.0
260,DEU,YR2007,114615.0
261,DEU,YR2008,115652.0
262,DEU,YR2009,95834.0
263,DEU,YR2010,107317.0
264,DEU,YR2011,113317.0
265,DEU,YR2012,110065.0
266,DEU,YR2013,112613.0
267,DEU,YR2014,112629.0
268,DEU,YR2015,116632.0
269,DEU,YR2016,128866.0
270,DEU,YR2017,131204.0
271,DEU,YR2018,129991.0
272,DEU,YR2019,129161.0
273,DNK,YR2006,1885.0
274,DNK,YR2007,1776.0
275,DNK,YR2008,1863.0
276,DNK,YR2009,1696.0
277,DNK,YR2010,2240.0
278,DNK,YR2011,2614.0
279,DNK,YR2012,2278.0
280,DNK,YR2013,2448.0
281,DNK,YR2014,2453.0
282,DNK,YR2015,2603.0
283,DNK,YR2016,2575.0
284,DNK,YR2017,2653.0
285,DNK,YR2018,2592.0
286,DZA,YR2006,1429.0
287,DZA,YR2007,1424.881
288,DZA,YR2008,1562.16
289,DZA,YR2009,1184.0
290,DZA,YR2010,1281.0
291,DZA,YR2011,1248.0
292,DZA,YR2012,1253.0
293,DZA,YR2014,928.0
294,DZA,YR2015,1011.0
295,DZA,YR2016,885.0
296,DZA,YR2017,1009.0
297,DZA,YR2018,1026.0
298,DZA,YR2019,908.0
299,EAS,YR2006,6804.25
300,EAS,YR2007,4405.0
301,EAS,YR2008,6856.5
302,EAS,YR2010,7166.0
303,EAS,YR2011,7087.0
304,EAS,YR2014,9724.0
305,EAS,YR2015,9768.0
306,EAS,YR2016,9767.0
307,EAS,YR2017,10812.5
308,ECA,YR2006,5396.0
309,ECA,YR2007,6084.5
310,ECA,YR2008,6529.4
311,ECA,YR2009,4289.0
312,ECA,YR2010,4874.75
313,ECA,YR2011,4832.9
314,ECA,YR2012,4442.0
315,ECA,YR2013,3246.0
316,ECA,YR2014,4213.25
317,ECA,YR2015,3955.625
318,ECA,YR2016,3429.0
319,ECA,YR2017,3609.5
320,ECA,YR2018,3186.0
321,ECA,YR2019,2935.0
322,ECS,YR2006,10167.0
323,ECS,YR2007,10029.0
324,ECS,YR2008,10021.0
325,ECS,YR2009,7632.5
326,ECS,YR2010,8413.5
327,ECS,YR2011,8539.0
328,ECS,YR2012,9230.0
329,ECS,YR2013,8930.0
330,ECS,YR2014,9596.0
331,ECS,YR2015,8468.0
332,ECS,YR2016,9455.0
333,ECS,YR2017,10362.0
334,ECS,YR2018,9637.54
335,ECS,YR2019,10270.0
336,EGY,YR2006,4188.0
337,EGY,YR2008,3840.367
338,EGY,YR2010,1592.136
339,EMU,YR2006,10739.0
340,EMU,YR2007,10040.5
341,EMU,YR2008,9980.5
342,EMU,YR2009,7339.0
343,EMU,YR2010,8341.0
344,EMU,YR2011,8677.5
345,EMU,YR2012,9275.0
346,EMU,YR2013,9366.0
347,EMU,YR2014,9596.0
348,EMU,YR2015,8468.0
349,EMU,YR2016,9455.0
350,EMU,YR2017,10362.0
351,EMU,YR2018,10792.0
352,EMU,YR2019,10270.0
353,ESP,YR2006,11599.0
354,ESP,YR2007,11212.0
355,ESP,YR2008,10662.0
356,ESP,YR2009,7714.0
357,ESP,YR2010,8577.0
358,ESP,YR2011,9593.0
359,ESP,YR2012,9390.0
360,ESP,YR2013,9366.0
361,ESP,YR2014,10303.0
362,ESP,YR2015,10812.0
363,ESP,YR2016,10644.0
364,ESP,YR2017,10507.0
365,ESP,YR2018,10792.0
366,ESP,YR2019,10459.0
367,EST,YR2006,10418.0
368,EST,YR2007,8430.0
369,EST,YR2008,5943.0
370,EST,YR2009,5934.0
371,EST,YR2010,6638.0
372,EST,YR2011,6271.0
373,EST,YR2012,5129.0
374,EST,YR2013,4722.0
375,EST,YR2014,3256.0
376,EST,YR2015,3114.0
377,EST,YR2016,2339.0
378,EST,YR2017,2325.0
379,EST,YR2018,2594.0
380,EST,YR2019,2155.0
381,EUU,YR2006,10739.0
382,EUU,YR2007,10285.5
383,EUU,YR2008,10268.0
384,EUU,YR2009,7693.5
385,EUU,YR2010,8693.0
386,EUU,YR2011,9256.5
387,EUU,YR2012,9275.0
388,EUU,YR2013,9470.0
389,EUU,YR2014,10158.0
390,EUU,YR2015,10009.615
391,EUU,YR2016,10527.534
392,EUU,YR2017,10507.0
393,EUU,YR2018,10792.0
394,EUU,YR2019,10541.9545
395,FIN,YR2006,11060.0
396,FIN,YR2007,10434.0
397,FIN,YR2008,10777.0
398,FIN,YR2009,8872.0
399,FIN,YR2010,9750.0
400,FIN,YR2011,9395.0
401,FIN,YR2012,9275.0
402,FIN,YR2013,9470.0
403,FIN,YR2014,9596.0
404,FIN,YR2015,8468.0
405,FIN,YR2016,9455.0
406,FIN,YR2017,10362.0
407,FIN,YR2018,11175.0
408,FIN,YR2019,10270.0
409,FRA,YR2006,41179.0
410,FRA,YR2007,42612.0
411,FRA,YR2008,40436.0
412,FRA,YR2009,32129.0
413,FRA,YR2010,29965.0
414,FRA,YR2011,34202.0
415,FRA,YR2012,32539.0
416,FRA,YR2013,32230.0
417,FRA,YR2014,32596.0
418,FRA,YR2015,36328.056893
419,FRA,YR2016,34699.8
420,FRA,YR2017,35464.9
421,FRA,YR2018,33835.6
422,FRA,YR2019,33893.1
423,GAB,YR2006,2202.0
424,GAB,YR2007,2502.0
425,GAB,YR2008,2485.0
426,GAB,YR2009,1581.0
427,GAB,YR2010,2238.0
428,GAB,YR2011,2417.0
429,GAB,YR2012,2235.0
430,GAB,YR2013,2613.0
431,GAB,YR2014,2447.0
432,GAB,YR2015,2727.0
433,GAB,YR2016,2058.0
434,GAB,YR2017,3276.0
435,GAB,YR2018,3210.576346
436,GAB,YR2019,406.0
437,GBR,YR2006,21918.784355994
438,GBR,YR2007,21265.297399239
439,GBR,YR2008,21076.885656054
440,GBR,YR2009,19171.477488606
441,GBR,YR2010,18576.419860376
442,GBR,YR2011,20973.823473378
443,GBR,YR2012,21466.803050594
444,GBR,YR2013,22401.431120115
445,GBR,YR2014,22143.367020006
446,GBR,YR2015,19342.444761281
447,GBR,YR2016,17053.216554029
448,GBR,YR2017,17166.930314851
449,GBR,YR2018,17205.693315326
450,GBR,YR2019,16884.335172455
451,GEO,YR2006,7378.7
452,GEO,YR2007,6928.0
453,GEO,YR2008,6529.4
454,GEO,YR2009,5433.0
455,GEO,YR2010,6227.5
456,GEO,YR2011,6054.8
457,GEO,YR2012,5976.0
458,GEO,YR2013,5539.6
459,GEO,YR2014,4987.5
460,GEO,YR2015,4261.25
461,GEO,YR2016,3424.0
462,GEO,YR2017,2963.0
463,GEO,YR2018,2598.0
464,GEO,YR2019,2935.0
465,GHA,YR2006,181.0
466,GRC,YR2006,662.0
467,GRC,YR2007,835.0
468,GRC,YR2008,786.0
469,GRC,YR2009,537.0
470,GRC,YR2010,601.0
471,GRC,YR2011,352.0
472,GRC,YR2012,283.0
473,GRC,YR2013,238.0
474,GRC,YR2014,343.0
475,GRC,YR2015,294.0
476,GRC,YR2016,254.0
477,GRC,YR2017,358.0
478,GRC,YR2018,408.0
479,GRC,YR2019,491.0
480,HIC,YR2006,10807.0
481,HIC,YR2007,10680.5
482,HIC,YR2008,10777.0
483,HIC,YR2009,9072.5
484,HIC,YR2010,9130.5
485,HIC,YR2011,9593.0
486,HIC,YR2012,9830.5
487,HIC,YR2013,10090.5
488,HIC,YR2014,10230.5
489,HIC,YR2015,10410.8075
490,HIC,YR2016,10585.767
491,HIC,YR2017,10925.7825
492,HIC,YR2018,10983.5
493,HIC,YR2019,10624.909
494,HRV,YR2006,3305.0
495,HRV,YR2007,3574.0
496,HRV,YR2008,3312.0
497,HRV,YR2009,2641.0
498,HRV,YR2010,2618.0
499,HRV,YR2011,2438.0
500,HRV,YR2012,2332.0
501,HRV,YR2013,2086.0
502,HRV,YR2014,2119.0
503,HRV,YR2015,2183.0
504,HRV,YR2016,2160.0
505,HRV,YR2017,2592.0
506,HRV,YR2018,2743.0
507,HRV,YR2019,2911.0
508,HUN,YR2006,10167.0
509,HUN,YR2007,10137.0
510,HUN,YR2008,9874.0
511,HUN,YR2009,7673.0
512,HUN,YR2010,8809.0
513,HUN,YR2011,9118.0
514,HUN,YR2012,9230.0
515,HUN,YR2013,9722.0
516,HUN,YR2014,10158.0
517,HUN,YR2015,10009.615
518,HUN,YR2016,10527.534
519,HUN,YR2017,11344.565
520,HUN,YR2018,10584.08
521,HUN,YR2019,10624.909
522,IBD,YR2006,4390.0
523,IBD,YR2007,5837.0
524,IBD,YR2008,5452.0
525,IBD,YR2010,3901.0
526,IBD,YR2011,6015.4
527,IBD,YR2014,6377.2495
528,IBD,YR2015,5479.2605
529,IBD,YR2016,4634.3779585
530,IBD,YR2017,4282.0
531,IDB,YR2006,3521.692899
532,IDB,YR2007,1580.0
533,IDN,YR2006,4390.0
534,IDN,YR2007,4405.0
535,IDN,YR2008,5452.0
536,IDN,YR2010,7166.0
537,IDN,YR2014,9884.0
538,IDN,YR2015,10057.0
539,IDN,YR2016,11120.0
540,IDN,YR2017,13396.0
541,IDN,YR2018,15091.0
542,IDN,YR2019,15573.0
543,IND,YR2006,439596.0
544,IND,YR2007,480993.0
545,IND,YR2008,521371.0
546,IND,YR2009,551448.0
547,IND,YR2010,600548.0
548,IND,YR2011,625723.0
549,IND,YR2012,667607.0
550,IND,YR2013,649645.0
551,IND,YR2014,665810.0
552,IND,YR2015,681696.0
553,IND,YR2016,654481.0
554,IND,YR2017,620175.0
555,IND,YR2018,692916.0
556,IND,YR2019,738523.0
557,IRL,YR2006,207.0
558,IRL,YR2007,129.0
559,IRL,YR2008,103.0
560,IRL,YR2009,79.0
561,IRL,YR2010,92.0
562,IRL,YR2011,105.0
563,IRL,YR2012,91.0
564,IRL,YR2013,99.0
565,IRL,YR2014,100.0
566,IRL,YR2015,96.0
567,IRL,YR2016,101.0
568,IRL,YR2017,100.0
569,IRL,YR2018,89.0
570,IRL,YR2019,72.0
571,IRN,YR2006,20542.0
572,IRN,YR2007,21729.0
573,IRN,YR2008,22140.0
574,IRN,YR2009,20247.0
575,IRN,YR2010,21779.374
576,IRN,YR2011,21008.0
577,IRN,YR2012,22604.0
578,IRN,YR2013,22400.0
579,IRN,YR2014,24461.0
580,IRN,YR2015,25014.0
581,IRN,YR2016,27243.0
582,IRN,YR2017,30299.0
583,IRN,YR2018,34859.0
584,IRN,YR2019,33645.702256
585,IRQ,YR2006,64.0
586,IRQ,YR2008,120.634
587,IRQ,YR2010,249.463
588,ISR,YR2006,1122.5
589,ISR,YR2007,1176.7
590,ISR,YR2008,1056.0
591,ISR,YR2009,799.2
592,ISR,YR2010,1062.0
593,ISR,YR2011,1099.2
594,ISR,YR2012,1011.2
595,ISR,YR2013,1058.0
596,ISR,YR2014,1165.4
597,ISR,YR2015,1155.0
598,ISR,YR2016,1404.4
599,ISR,YR2017,1380.5
600,ISR,YR2018,1235.1
601,ISR,YR2019,1241.5
602,ITA,YR2006,22907.0
603,ITA,YR2007,23289.0
604,ITA,YR2008,21981.0
605,ITA,YR2009,17791.0
606,ITA,YR2010,18616.0
607,ITA,YR2011,19787.0
608,ITA,YR2012,20244.0
609,ITA,YR2013,19037.0
610,ITA,YR2014,20157.0
611,ITA,YR2015,20781.0
612,ITA,YR2016,22712.0
613,ITA,YR2017,22335.0
614,ITA,YR2018,22070.0
615,ITA,YR2019,21309.0
616,JOR,YR2007,433.0
617,JOR,YR2008,449.0
618,JOR,YR2009,353.0
619,JOR,YR2010,344.1
620,JPN,YR2006,23192.0
621,JPN,YR2007,23334.0
622,JPN,YR2008,22256.0
623,JPN,YR2009,20562.0
624,JPN,YR2010,20398.0
625,JPN,YR2011,19998.0
626,JPN,YR2012,20471.0
627,JPN,YR2013,21071.0
628,JPN,YR2014,21029.0
629,JPN,YR2015,21519.0
630,JPN,YR2016,21265.0
631,JPN,YR2017,21663.0
632,JPN,YR2018,19369.0
633,JPN,YR2019,19993.0
634,KAZ,YR2007,200558.2
635,KAZ,YR2008,215110.6
636,KAZ,YR2009,194918.6
637,KAZ,YR2010,210713.3
638,KAZ,YR2011,219739.8
639,KAZ,YR2012,232939.6
640,KAZ,YR2013,229142.2
641,KAZ,YR2014,214110.9
642,KAZ,YR2015,235580.4
643,KAZ,YR2016,236971.7
644,KAZ,YR2017,262097.5
645,KAZ,YR2018,283117.8
646,KAZ,YR2019,289174.0
647,KGZ,YR2006,751.8
648,KGZ,YR2007,848.9
649,KGZ,YR2008,945.5
650,KGZ,YR2009,744.5
651,KGZ,YR2010,737.7
652,KGZ,YR2011,798.3
653,KGZ,YR2012,922.7
654,KGZ,YR2013,1002.0
655,KGZ,YR2014,1010.0
656,KGZ,YR2015,918.0
657,KGZ,YR2016,807.0
658,KGZ,YR2017,935.0
659,KGZ,YR2018,949.0
660,KGZ,YR2019,870.4
661,KOR,YR2006,10554.0
662,KOR,YR2007,10927.0
663,KOR,YR2008,11566.0
664,KOR,YR2009,9273.0
665,KOR,YR2010,9452.0
666,KOR,YR2011,9996.0
667,KOR,YR2012,10271.0
668,KOR,YR2013,10459.0
669,KOR,YR2014,9564.0
670,KOR,YR2015,9479.0
671,KOR,YR2016,8414.0
672,KOR,YR2017,8229.0
673,KOR,YR2018,7878.0
674,KOR,YR2019,7357.0
675,LIE,YR2007,18.0
676,LIE,YR2008,17.0
677,LIE,YR2009,10.0
678,LIE,YR2010,11.0
679,LIE,YR2011,10.0
680,LIE,YR2012,10.0
681,LIE,YR2013,9.0
682,LKA,YR2007,135.0
683,LKA,YR2011,153.9
684,LKA,YR2012,142.4
685,LKA,YR2013,133.0
686,LKA,YR2015,127.39
687,LTE,YR2006,5744.0
688,LTE,YR2007,5194.0
689,LTE,YR2008,5451.0
690,LTE,YR2009,5433.0
691,LTE,YR2010,4736.5
692,LTE,YR2011,5047.349612
693,LTE,YR2012,4609.3693735
694,LTE,YR2013,4351.731506
695,LTE,YR2014,4251.9
696,LTE,YR2015,4105.5623085
697,LTE,YR2016,3424.0
698,LTE,YR2017,3574.0
699,LTE,YR2018,3186.0
700,LTE,YR2019,3007.41987616355
701,LTU,YR2006,12896.0
702,LTU,YR2007,14373.0
703,LTU,YR2008,14748.0
704,LTU,YR2009,11888.0
705,LTU,YR2010,13431.0
706,LTU,YR2011,15088.0
707,LTU,YR2012,14172.0
708,LTU,YR2013,13344.0
709,LTU,YR2014,14307.0
710,LTU,YR2015,14036.0
711,LTU,YR2016,13790.0
712,LTU,YR2017,15414.0
713,LTU,YR2018,16885.0
714,LTU,YR2019,16181.0
715,LUX,YR2006,441.0
716,LUX,YR2007,287.0
717,LUX,YR2008,280.0
718,LUX,YR2009,200.0
719,LUX,YR2010,309.0
720,LUX,YR2011,270.0
721,LUX,YR2012,231.0
722,LUX,YR2013,218.0
723,LUX,YR2014,208.0
724,LUX,YR2015,206.945675
725,LUX,YR2016,201.499302247
726,LUX,YR2017,213.657253404
727,LUX,YR2018,223.158399212
728,LUX,YR2019,191.152773984
729,LVA,YR2006,16831.0
730,LVA,YR2007,18313.0
731,LVA,YR2008,19581.0
732,LVA,YR2009,18725.0
733,LVA,YR2010,17179.0
734,LVA,YR2011,21410.0
735,LVA,YR2012,21867.0
736,LVA,YR2013,19532.0
737,LVA,YR2014,19441.0
738,LVA,YR2015,18906.0
739,LVA,YR2016,15873.0
740,LVA,YR2017,15014.0
741,LVA,YR2018,17859.0
742,LVA,YR2019,15019.0
743,MAR,YR2006,5744.0
744,MAR,YR2007,5837.0
745,MAR,YR2008,4959.0
746,MAR,YR2009,4111.0
747,MAR,YR2010,5572.0
748,MAR,YR2011,5976.0
749,MAR,YR2014,5383.499
750,MAR,YR2015,4748.521
751,MAR,YR2016,3831.0
752,MAR,YR2017,3896.0
753,MAR,YR2018,3485.0
754,MAR,YR2019,3125.0
755,MDA,YR2006,3656.0
756,MDA,YR2007,3092.0
757,MDA,YR2008,2873.0
758,MDA,YR2009,1058.0
759,MDA,YR2010,959.0
760,MDA,YR2011,1196.0
761,MDA,YR2012,960.0
762,MDA,YR2013,1227.0
763,MDA,YR2014,1182.0
764,MDA,YR2015,963.0
765,MDA,YR2016,790.0
766,MDA,YR2017,987.0
767,MDA,YR2018,1012.0
768,MDA,YR2019,940.3
769,MDG,YR2007,1.0
770,MDG,YR2009,131.9
771,MDG,YR2014,122.335
772,MEA,YR2006,2174.0
773,MEA,YR2008,1910.5
774,MEA,YR2010,1722.304
775,MEX,YR2006,66163.0
776,MEX,YR2007,77169.0
777,MEX,YR2008,74582.0
778,MEX,YR2009,69185.0
779,MEX,YR2010,78770.0
780,MEX,YR2011,79728.0
781,MEX,YR2012,79353.0
782,MEX,YR2013,77717.0
783,MEX,YR2014,79855.0
784,MEX,YR2015,82712.0
785,MEX,YR2016,84683.0
786,MEX,YR2017,86316.0
787,MEX,YR2018,87924.0
788,MEX,YR2019,89049.0
789,MIC,YR2006,3922.0
790,MIC,YR2007,4478.0
791,MKD,YR2006,614.0
792,MKD,YR2007,778.0
793,MKD,YR2008,743.0
794,MKD,YR2009,497.0
795,MKD,YR2010,525.0
796,MKD,YR2011,479.0
797,MKD,YR2012,423.0
798,MKD,YR2013,421.0
799,MKD,YR2014,411.0
800,MKD,YR2015,278.0
801,MKD,YR2016,222.0
802,MKD,YR2017,277.0
803,MKD,YR2018,305.0
804,MKD,YR2019,350.0
805,MNA,YR2006,2458.0
806,MNA,YR2007,2374.0
807,MNA,YR2008,2221.7365
808,MNA,YR2010,1808.3085
809,MNE,YR2006,133.0
810,MNE,YR2007,183.0
811,MNE,YR2008,185.9
812,MNE,YR2009,104.0
813,MNE,YR2010,150.0
814,MNE,YR2011,136.0
815,MNE,YR2012,73.0
816,MNE,YR2013,104.7
817,MNE,YR2014,94.4
818,MNE,YR2015,111.9
819,MNE,YR2016,112.5
820,MNE,YR2017,168.9
821,MNE,YR2018,112.856
822,MNE,YR2019,130.33
823,MNG,YR2006,9218.5
824,MNG,YR2007,8361.0
825,MNG,YR2008,8261.0
826,MNG,YR2009,7852.0
827,MNG,YR2010,10287.0
828,MNG,YR2011,11418.0
829,MNG,YR2012,12143.0
830,MNG,YR2013,12077.0
831,MNG,YR2014,12474.0
832,MNG,YR2015,11462.59
833,MNG,YR2016,12371.0
834,MNG,YR2017,13493.0
835,MNG,YR2019,17384.0
836,MOZ,YR2006,775.1
837,MOZ,YR2007,736.3
838,MOZ,YR2008,717.7
839,MOZ,YR2009,772.3
840,MOZ,YR2010,1009.8
841,MOZ,YR2011,1193.4
842,MRT,YR2007,7581.6
843,MRT,YR2008,7565.64
844,MRT,YR2010,7535.7
845,MWI,YR2007,33.0
846,MYS,YR2006,1572.0
847,MYS,YR2007,1355.2370783025
848,MYS,YR2008,1350.0
849,MYS,YR2009,1384.10928416
850,MYS,YR2010,1482.69
851,MYS,YR2011,1535.0
852,MYS,YR2012,1564.0
853,MYS,YR2013,1760.0
854,MYS,YR2014,1741.0
855,MYS,YR2015,1474.0
856,MYS,YR2016,1349.0
857,MYS,YR2017,1234.0
858,MYS,YR2018,1315.0
859,MYS,YR2019,1141.586432
860,NAC,YR2006,1464175.0
861,NAC,YR2007,1466431.0
862,NAC,YR2008,1464727.5
863,NAC,YR2009,1265851.5
864,NAC,YR2010,1400686.5
865,NAC,YR2011,1436204.5
866,NAC,YR2012,1434298.5
867,NAC,YR2013,1463810.0
868,NAC,YR2014,1558402.5
869,NAC,YR2015,1480119.0
870,NAC,YR2016,1355749.5
871,NAC,YR2017,1432637.5
872,NAC,YR2018,1485381.662
873,NAC,YR2019,1401598.7645
874,NLD,YR2006,6289.0
875,NLD,YR2007,7216.0
876,NLD,YR2008,6984.0
877,NLD,YR2009,5578.0
878,NLD,YR2010,5925.0
879,NLD,YR2011,6378.0
880,NLD,YR2012,6142.0
881,NLD,YR2013,6078.0
882,NLD,YR2014,6169.0
883,NLD,YR2015,6545.0
884,NLD,YR2016,6641.0
885,NLD,YR2017,6467.0
886,NLD,YR2018,7026.0
887,NLD,YR2019,7080.0
888,NOR,YR2006,3351.0
889,NOR,YR2007,3502.0
890,NOR,YR2008,3622.0
891,NOR,YR2009,3506.0
892,NOR,YR2010,3498.0
893,NOR,YR2011,3574.0
894,NOR,YR2012,3582.0
895,NOR,YR2013,3513.0
896,NOR,YR2014,3682.0
897,NOR,YR2015,3631.0
898,NOR,YR2016,3823.0
899,NOR,YR2017,4040.0
900,NOR,YR2018,3970.0
901,NOR,YR2019,3903.0
902,NZL,YR2006,4312.0
903,NZL,YR2007,4329.0
904,NZL,YR2008,4556.0
905,NZL,YR2009,3962.0
906,NZL,YR2010,3919.0
907,NZL,YR2011,4178.0
908,NZL,YR2012,4768.056076
909,NZL,YR2013,4679.200692
910,NZL,YR2014,4492.652586
911,NZL,YR2015,4348.553709
912,NZL,YR2016,4189.628417
913,NZL,YR2017,3618.534146
914,NZL,YR2018,4217.0
915,NZL,YR2019,4545.0
916,OED,YR2006,11599.0
917,OED,YR2007,11212.0
918,OED,YR2008,11566.0
919,OED,YR2009,10326.0
920,OED,YR2010,10412.0
921,OED,YR2011,10761.0
922,OED,YR2012,11061.0
923,OED,YR2013,11177.0
924,OED,YR2014,11992.0
925,OED,YR2015,10812.0
926,OED,YR2016,11661.0
927,OED,YR2017,11653.0
928,OED,YR2018,11776.0
929,OED,YR2019,13186.5
930,PAK,YR2006,5907.0
931,PAK,YR2007,5454.0
932,PAK,YR2008,6187.0
933,PAK,YR2011,1757.0
934,PAK,YR2012,402.481
935,PAK,YR2013,419.241
936,PAK,YR2014,1090.0
937,PAK,YR2015,3301.0
938,PAK,YR2016,4774.0
939,PAK,YR2017,5031.0
940,PAK,YR2018,8080.0
941,POL,YR2006,53427.0
942,POL,YR2007,54253.0
943,POL,YR2008,52043.0
944,POL,YR2009,43554.0
945,POL,YR2010,48795.0
946,POL,YR2011,53746.0
947,POL,YR2012,48903.0
948,POL,YR2013,50881.0
949,POL,YR2014,50073.0
950,POL,YR2015,50602.9
951,POL,YR2016,50650.0
952,POL,YR2017,54797.0
953,POL,YR2018,59388.0
954,POL,YR2019,54584.0
955,PRT,YR2006,2529.0
956,PRT,YR2007,2586.0
957,PRT,YR2008,2549.0
958,PRT,YR2009,2174.0
959,PRT,YR2010,2313.0
960,PRT,YR2011,2322.0
961,PRT,YR2012,2421.0
962,PRT,YR2013,2290.0
963,PRT,YR2014,2438.0
964,PRT,YR2015,2661.0
965,PRT,YR2016,2622.0
966,PRT,YR2017,2742.0
967,PRT,YR2018,2863.0
968,PRT,YR2019,2476.0
969,PST,YR2006,11599.0
970,PST,YR2007,11212.0
971,PST,YR2008,11915.5
972,PST,YR2009,9919.0
973,PST,YR2010,10412.0
974,PST,YR2011,10761.0
975,PST,YR2012,11061.0
976,PST,YR2013,11812.0
977,PST,YR2014,12313.0
978,PST,YR2015,12431.0
979,PST,YR2016,12447.0
980,PST,YR2017,11653.0
981,PST,YR2018,11776.0
982,PST,YR2019,13922.84
983,ROU,YR2006,15791.0
984,ROU,YR2007,15757.0
985,ROU,YR2008,15236.0
986,ROU,YR2009,11088.0
987,ROU,YR2010,12375.0
988,ROU,YR2011,14719.0
989,ROU,YR2012,13472.0
990,ROU,YR2013,12941.0
991,ROU,YR2014,12264.0
992,ROU,YR2015,13673.0
993,ROU,YR2016,13535.0
994,ROU,YR2017,13782.0
995,ROU,YR2018,13076.0
996,ROU,YR2019,13312.0
997,RUS,YR2006,1950830.0
998,RUS,YR2007,2090337.0
999,RUS,YR2008,2116240.0
1000,RUS,YR2009,1865305.0
1001,RUS,YR2010,2011308.0
1002,RUS,YR2011,2127834.572
1003,RUS,YR2012,2222388.391
1004,RUS,YR2013,2172685.0
1005,RUS,YR2014,2298564.1
1006,RUS,YR2015,2304758.6
1007,RUS,YR2016,2342589.5
1008,RUS,YR2017,2491875.9
1009,RUS,YR2018,2596879.7
1010,RUS,YR2019,2601928.1
1011,SAS,YR2007,3115.0
1012,SAS,YR2008,6187.0
1013,SAS,YR2011,1225.0
1014,SAS,YR2012,492.2405
1015,SAS,YR2013,472.1205
1016,SAS,YR2014,1090.0
1017,SAS,YR2015,1997.5
1018,SAS,YR2016,4774.0
1019,SAU,YR2006,1272.3
1020,SAU,YR2007,1630.0
1021,SAU,YR2008,1748.0
1022,SAU,YR2010,1852.472
1023,SDN,YR2006,766.0
1024,SDN,YR2010,925.0
1025,SDN,YR2011,770.0
1026,SDN,YR2012,823.0
1027,SDN,YR2013,33.9
1028,SEN,YR2006,384.0
1029,SRB,YR2006,4232.0
1030,SRB,YR2007,4551.0
1031,SRB,YR2008,4339.0
1032,SRB,YR2009,2967.0
1033,SRB,YR2010,3522.0
1034,SRB,YR2011,3611.0
1035,SRB,YR2012,2769.0
1036,SRB,YR2013,3022.0
1037,SRB,YR2014,2988.0
1038,SRB,YR2015,3248.0
1039,SRB,YR2016,3087.0
1040,SRB,YR2017,3288.0
1041,SRB,YR2018,3186.0
1042,SRB,YR2019,2865.0
1043,SVK,YR2006,9988.0
1044,SVK,YR2007,9647.0
1045,SVK,YR2008,9299.0
1046,SVK,YR2009,6964.0
1047,SVK,YR2010,8105.0
1048,SVK,YR2011,7960.0
1049,SVK,YR2012,7591.0
1050,SVK,YR2013,8494.0
1051,SVK,YR2014,8829.0
1052,SVK,YR2015,8439.0
1053,SVK,YR2016,9111.0
1054,SVK,YR2017,8486.0
1055,SVK,YR2018,8691.0
1056,SVK,YR2019,8480.0
1057,SVN,YR2006,3373.0
1058,SVN,YR2007,3603.0
1059,SVN,YR2008,3520.0
1060,SVN,YR2009,2668.0
1061,SVN,YR2010,3421.0
1062,SVN,YR2011,3752.0
1063,SVN,YR2012,3470.0
1064,SVN,YR2013,3799.0
1065,SVN,YR2014,4110.0
1066,SVN,YR2015,4175.0
1067,SVN,YR2016,4360.0
1068,SVN,YR2017,5128.0
1069,SVN,YR2018,5151.0
1070,SVN,YR2019,5292.0
1071,SWE,YR2006,22271.0
1072,SWE,YR2007,23250.0
1073,SWE,YR2008,22924.0
1074,SWE,YR2009,20389.0
1075,SWE,YR2010,23464.0
1076,SWE,YR2011,22864.0
1077,SWE,YR2012,22043.0
1078,SWE,YR2013,20970.0
1079,SWE,YR2014,21296.0
1080,SWE,YR2015,20699.0
1081,SWE,YR2016,21406.0
1082,SWE,YR2017,21838.0
1083,SWE,YR2018,22794.306069132
1084,SWE,YR2019,22222.065674494
1085,SWZ,YR2006,680.409
1086,SWZ,YR2010,776.0
1087,SWZ,YR2011,862.0
1088,SYR,YR2006,2458.0
1089,SYR,YR2007,2551.0
1090,SYR,YR2008,2370.473
1091,SYR,YR2010,2206.297
1092,TEA,YR2007,4157.5
1093,TEA,YR2010,5533.5
1094,TEC,YR2006,6387.35
1095,TEC,YR2007,6928.0
1096,TEC,YR2008,8275.2
1097,TEC,YR2009,5433.0
1098,TEC,YR2010,6227.5
1099,TEC,YR2011,6054.8
1100,TEC,YR2012,5976.0
1101,TEC,YR2013,4392.8
1102,TEC,YR2014,4987.5
1103,TEC,YR2015,4261.25
1104,TEC,YR2016,3434.0
1105,TEC,YR2017,3931.0
1106,TEC,YR2018,3489.0
1107,TEC,YR2019,3418.3
1108,THA,YR2007,3161.0
1109,THA,YR2010,2701.0
1110,THA,YR2011,2562.0
1111,TJK,YR2006,1220.1
1112,TJK,YR2007,1274.4
1113,TJK,YR2009,1282.0
1114,TJK,YR2010,808.4
1115,TJK,YR2011,702.9
1116,TJK,YR2012,554.9
1117,TJK,YR2014,391.0
1118,TJK,YR2015,317.0
1119,TJK,YR2016,228.3
1120,TJK,YR2017,165.0
1121,TJK,YR2018,224.0
1122,TJK,YR2019,231.7
1123,TKM,YR2006,10441.0
1124,TKM,YR2007,10973.0
1125,TKM,YR2008,11547.0
1126,TKM,YR2009,11765.0
1127,TKM,YR2010,11765.0
1128,TKM,YR2011,11992.0
1129,TKM,YR2012,11992.0
1130,TKM,YR2014,11992.0
1131,TKM,YR2015,13327.0
1132,TKM,YR2016,13327.0
1133,TKM,YR2017,13327.0
1134,TMN,YR2006,2458.0
1135,TMN,YR2007,2374.0
1136,TMN,YR2008,2221.7365
1137,TMN,YR2010,1808.3085
1138,TSA,YR2007,3115.0
1139,TSA,YR2008,6187.0
1140,TSA,YR2011,1225.0
1141,TSA,YR2012,492.2405
1142,TSA,YR2013,472.1205
1143,TSA,YR2014,1090.0
1144,TSA,YR2015,1997.5
1145,TSA,YR2016,4774.0
1146,TUN,YR2006,2174.0
1147,TUN,YR2007,2197.0
1148,TUN,YR2008,2073.0
1149,TUN,YR2010,2024.481
1150,TUN,YR2014,870.0
1151,TUN,YR2015,664.0
1152,TUN,YR2016,667.0
1153,TUN,YR2017,679.0
1154,TUN,YR2018,535.0
1155,TUN,YR2019,545.0
1156,TUR,YR2006,9676.0
1157,TUR,YR2007,9921.0
1158,TUR,YR2008,10739.0
1159,TUR,YR2009,10326.0
1160,TUR,YR2010,11462.0
1161,TUR,YR2011,11677.0
1162,TUR,YR2012,11670.0
1163,TUR,YR2013,11177.0
1164,TUR,YR2014,11992.0
1165,TUR,YR2015,10474.0
1166,TUR,YR2016,11661.0
1167,TUR,YR2017,12869.0
1168,TUR,YR2018,14478.0
1169,TUR,YR2019,14707.0
1170,UKR,YR2006,240810.0
1171,UKR,YR2007,262505.0
1172,UKR,YR2008,257006.0
1173,UKR,YR2009,196188.0
1174,UKR,YR2010,218083.0
1175,UKR,YR2011,243866.0
1176,UKR,YR2012,237722.0
1177,UKR,YR2013,224434.0
1178,UKR,YR2014,211233.0
1179,UKR,YR2015,195054.0
1180,UKR,YR2016,187557.0
1181,UKR,YR2017,191914.1
1182,UKR,YR2018,186344.1
1183,UKR,YR2019,181844.7
1184,UMC,YR2006,4390.0
1185,UMC,YR2007,5241.0
1186,UMC,YR2008,5990.7
1187,UMC,YR2010,4874.75
1188,URY,YR2006,304.0
1189,URY,YR2007,284.0
1190,USA,YR2006,2586836.0
1191,USA,YR2007,2584940.0
1192,USA,YR2008,2594631.0
1193,USA,YR2009,2236917.0
1194,USA,YR2010,2468738.0
1195,USA,YR2011,2524585.0
1196,USA,YR2012,2500300.0
1197,USA,YR2013,2541354.0
1198,USA,YR2014,2702736.0
1199,USA,YR2015,2547253.0
1200,USA,YR2016,2314693.0
1201,USA,YR2017,2445132.0
1202,USA,YR2018,2525217.324
1203,USA,YR2019,2357116.529
1204,UZB,YR2006,19281.4
1205,UZB,YR2007,21594.0
1206,UZB,YR2008,23432.4
1207,UZB,YR2009,22227.0
1208,UZB,YR2010,22281.8
1209,UZB,YR2011,22482.0
1210,UZB,YR2012,22686.4
1211,UZB,YR2014,22932.0
1212,UZB,YR2015,22935.0
1213,UZB,YR2016,22937.0
1214,UZB,YR2017,22940.0
1215,UZB,YR2018,22942.0
1216,UZB,YR2019,22860.0
1217,VEN,YR2006,81.07
1218,VNM,YR2006,3447.0
1219,VNM,YR2007,3910.0
1220,VNM,YR2008,4106.0
1221,VNM,YR2009,4139.0
1222,VNM,YR2010,3901.0
1223,VNM,YR2011,4101.0
1224,VNM,YR2012,3959.0
1225,VNM,YR2013,3733.0
1226,VNM,YR2014,4251.9
1227,VNM,YR2015,4125.4
1228,VNM,YR2016,3190.0
1229,VNM,YR2017,3574.0
1230,VNM,YR2018,3989.0
1231,VNM,YR2019,3742.0
1232,WLD,YR2006,4893.0
1233,WLD,YR2007,5645.5
1234,ZAF,YR2007,106014.0
1235,ZAF,YR2008,113342.0
1236,ZMB,YR2017,297.0
1237,ZWE,YR2007,1580.0
1238,ZWE,YR2018,1078.0
1239,ZWE,YR2019,897.0
