economy,time,NV.SRV.TOTL.ZS
ABW,YR2006,73.7456910201312
ABW,YR2007,72.0515543500939
ABW,YR2008,73.1527412065239
ABW,YR2009,75.7712098009188
ABW,YR2010,78.5434426229508
ABW,YR2011,77.4195256247353
ABW,YR2012,79.5429181798761
ABW,YR2013,80.1783739504403
ABW,YR2014,80.2225580464372
ABW,YR2015,79.1331447963801
ABW,YR2016,78.7268114585284
ABW,YR2017,78.9942728093948
ABW,YR2018,79.7290794451106
ABW,YR2019,78.3275596774255
AFE,YR2006,52.511673975021
AFE,YR2007,50.2104190202072
AFE,YR2008,48.5329894155297
AFE,YR2009,53.3699071242611
AFE,YR2010,53.7619393155657
AFE,YR2011,53.570228768135
AFE,YR2012,53.7213401553822
AFE,YR2013,53.8781534499744
AFE,YR2014,53.5165889194724
AFE,YR2015,53.9336042603598
AFE,YR2016,53.4060306306694
AFE,YR2017,53.6940766822885
AFE,YR2018,53.371819820853
AFE,YR2019,52.5070747871348
AFG,YR2006,39.8310243252872
AFG,YR2007,40.294685221301
AFG,YR2008,45.4098308716488
AFG,YR2009,45.2444349261482
AFG,YR2010,48.8793769096891
AFG,YR2011,49.6968203962567
AFG,YR2012,50.5793979236606
AFG,YR2013,52.6827434733525
AFG,YR2014,52.9908650351499
AFG,YR2015,53.2352934986503
AFG,YR2016,59.0232164144095
AFG,YR2017,58.3290500097748
AFG,YR2018,59.4774229106653
AFG,YR2019,55.4728067408306
AFW,YR2006,45.224149041518
AFW,YR2007,46.6214807245159
AFW,YR2008,45.3190256877381
AFW,YR2009,47.5564433424651
AFW,YR2010,47.1710319021273
AFW,YR2011,45.5821750998418
AFW,YR2012,46.4918529164047
AFW,YR2013,47.7654884327519
AFW,YR2014,49.0492455479567
AFW,YR2015,53.3967148092768
AFW,YR2016,54.1604717988903
AFW,YR2017,51.3933715033007
AFW,YR2018,49.1547317190335
AFW,YR2019,48.1320944348431
AGO,YR2006,37.1568468383723
AGO,YR2007,34.6118783461354
AGO,YR2008,34.3382017589612
AGO,YR2009,48.9906714059621
AGO,YR2010,41.887025816932
AGO,YR2011,39.0758307473749
AGO,YR2012,39.6049455482436
AGO,YR2013,42.7849146737659
AGO,YR2014,46.8139275295854
AGO,YR2015,48.6598885686327
AGO,YR2016,46.980995527677
AGO,YR2017,46.7626248264264
AGO,YR2018,43.2069096122475
AGO,YR2019,42.123213697373
ALB,YR2006,43.5234063031734
ALB,YR2007,44.6398240133896
ALB,YR2008,44.6991512719816
ALB,YR2009,45.3172205438066
ALB,YR2010,44.0255879707497
ALB,YR2011,44.256372325899
ALB,YR2012,44.9546859982398
ALB,YR2013,44.6069895033751
ALB,YR2014,45.7823916634714
ALB,YR2015,46.2844425914396
ALB,YR2016,46.697168516495
ALB,YR2017,47.9695558116737
ALB,YR2018,47.7556278717034
ALB,YR2019,48.4073009295108
AND,YR2006,74.1242699981489
AND,YR2007,74.5592619910865
AND,YR2008,75.3640750593347
AND,YR2009,76.035601397438
AND,YR2010,76.991211654261
AND,YR2011,77.375135201479
AND,YR2012,76.8249491306888
AND,YR2013,78.021575852346
AND,YR2014,78.2437091148297
AND,YR2015,78.6674143272447
AND,YR2016,78.1008536948862
AND,YR2017,77.8688586318041
AND,YR2018,77.6557919031876
AND,YR2019,77.5555098246535
ARB,YR2006,38.0619089588124
ARB,YR2007,39.1551325145078
ARB,YR2008,37.041782808722
ARB,YR2009,44.7599606096093
ARB,YR2010,43.2525787122534
ARB,YR2011,39.6825904483859
ARB,YR2012,40.6508658115856
ARB,YR2013,42.5197124728821
ARB,YR2014,45.0611544772586
ARB,YR2015,52.8238787381826
ARB,YR2016,54.8091367511844
ARB,YR2017,52.7308523175076
ARB,YR2018,48.9535937883864
ARB,YR2019,50.4799204314719
ARE,YR2006,41.0026442799823
ARE,YR2007,44.1831002420827
ARE,YR2008,41.1547160923483
ARE,YR2009,46.9181571110237
ARE,YR2010,46.7057183768655
ARE,YR2011,41.2924783300844
ARE,YR2012,42.8039942638918
ARE,YR2013,45.1630125266952
ARE,YR2014,47.3815703317669
ARE,YR2015,55.9220834715221
ARE,YR2016,58.2205653564757
ARE,YR2017,56.7102076315896
ARE,YR2018,52.3695784114051
ARE,YR2019,54.7287717592443
ARG,YR2006,48.7491333682456
ARG,YR2007,49.5083307772744
ARG,YR2008,50.2551922042782
ARG,YR2009,53.3060010032753
ARG,YR2010,51.4951802052167
ARG,YR2011,51.8119007511102
ARG,YR2012,53.6581179163924
ARG,YR2013,53.9190936666216
ARG,YR2014,52.9405434663365
ARG,YR2015,55.8149012843362
ARG,YR2016,56.1222358547004
ARG,YR2017,57.3499373815692
ARG,YR2018,56.3697502721818
ARG,YR2019,55.4388171093669
ARM,YR2012,45.6989324054448
ARM,YR2013,45.749756861728
ARM,YR2014,47.4130437470384
ARM,YR2015,48.2126693907876
ARM,YR2016,49.9105094267778
ARM,YR2017,50.7652583569469
ARM,YR2018,52.6163051198371
ARM,YR2019,53.9731853016919
ATG,YR2006,68.2770844197601
ATG,YR2007,67.6409598104078
ATG,YR2008,67.2690507922005
ATG,YR2009,68.4172121731107
ATG,YR2010,70.687637232427
ATG,YR2011,72.0802052337203
ATG,YR2012,71.6157488286531
ATG,YR2013,70.9483966632287
ATG,YR2014,70.3871640764845
ATG,YR2015,69.8808834408864
ATG,YR2016,68.5308267032417
ATG,YR2017,67.3907778013261
ATG,YR2018,65.8137312826573
ATG,YR2019,66.7036579354009
AUS,YR2006,63.7261438536636
AUS,YR2007,64.337893417527
AUS,YR2008,64.4789946682068
AUS,YR2009,64.0926025620391
AUS,YR2010,65.7208456638219
AUS,YR2011,64.6386816722751
AUS,YR2012,65.1707532982797
AUS,YR2013,66.2516319578678
AUS,YR2014,65.687599814087
AUS,YR2015,67.2328367127558
AUS,YR2016,68.2177422176747
AUS,YR2017,67.0055855376421
AUS,YR2018,66.6517785671063
AUS,YR2019,66.0781572916651
AUT,YR2006,60.7033786497088
AUT,YR2007,60.3153124870919
AUT,YR2008,61.0266320776577
AUT,YR2009,62.1685810384121
AUT,YR2010,62.2941578518769
AUT,YR2011,62.2762436725454
AUT,YR2012,62.0008552248552
AUT,YR2013,62.3265831085282
AUT,YR2014,62.6537932745237
AUT,YR2015,62.8806356002249
AUT,YR2016,62.6034907780993
AUT,YR2017,62.5629819342208
AUT,YR2018,62.8593347660623
AUT,YR2019,63.129878993238
AZE,YR2006,23.3140583158187
AZE,YR2007,21.6321997143915
AZE,YR2008,23.4420936188872
AZE,YR2009,31.2245270564443
AZE,YR2010,27.9335923701872
AZE,YR2011,27.3238354901885
AZE,YR2012,29.2082924610503
AZE,YR2013,30.9140283936613
AZE,YR2014,33.6158646831859
AZE,YR2015,39.9959543949982
AZE,YR2016,38.6924660572079
AZE,YR2017,37.5760970630301
AZE,YR2018,34.7979823203316
AZE,YR2019,36.491070403755
BDI,YR2006,35.7022673486526
BDI,YR2007,39.9188675811784
BDI,YR2008,38.3214407743236
BDI,YR2009,37.8394521765596
BDI,YR2010,36.9511248689049
BDI,YR2011,37.9941508064808
BDI,YR2012,38.8495890200953
BDI,YR2013,36.0237756562607
BDI,YR2014,39.1278229696112
BDI,YR2015,49.3716359599916
BDI,YR2016,47.6730845453259
BDI,YR2017,49.3337056167763
BDI,YR2018,49.1149832347859
BDI,YR2019,47.8275400006599
BEL,YR2006,66.148949028376
BEL,YR2007,66.0540499955037
BEL,YR2008,66.9573617790939
BEL,YR2009,68.0868743520415
BEL,YR2010,67.6576340646489
BEL,YR2011,67.9727359630266
BEL,YR2012,68.499101572423
BEL,YR2013,68.7718896355121
BEL,YR2014,69.1611458268456
BEL,YR2015,69.2286131028117
BEL,YR2016,69.3755634056779
BEL,YR2017,69.3106910884864
BEL,YR2018,69.6272672496168
BEL,YR2019,69.3472893257048
BEN,YR2006,39.2378743115272
BEN,YR2007,41.0098695799623
BEN,YR2008,43.8028111047733
BEN,YR2009,44.0902785058205
BEN,YR2010,44.5474397323122
BEN,YR2011,46.9792375495936
BEN,YR2012,48.8721211959796
BEN,YR2013,49.4207609001386
BEN,YR2014,49.528551651517
BEN,YR2015,49.2408968968993
BEN,YR2016,48.2031996094347
BEN,YR2017,48.4009792238265
BEN,YR2018,48.8000788401919
BEN,YR2019,48.0268213377537
BFA,YR2006,47.138528226651
BFA,YR2007,48.1789341308636
BFA,YR2008,45.0673520982897
BFA,YR2009,45.889730891061
BFA,YR2010,42.120724852489
BFA,YR2011,40.5626068793802
BFA,YR2012,40.3188210511278
BFA,YR2013,41.5589270375237
BFA,YR2014,42.4959291277041
BFA,YR2015,44.0578267356519
BFA,YR2016,43.8058266776224
BFA,YR2017,43.9679835884394
BFA,YR2018,43.5508126426667
BFA,YR2019,44.8707533786181
BGD,YR2006,52.7445971888149
BGD,YR2007,52.8840217973928
BGD,YR2008,52.932121684056
BGD,YR2009,53.3233235281853
BGD,YR2010,53.4982962820487
BGD,YR2011,53.045792114203
BGD,YR2012,53.1515772370168
BGD,YR2013,53.3901814201826
BGD,YR2014,53.6357543166708
BGD,YR2015,53.7138319423318
BGD,YR2016,51.2078039865767
BGD,YR2017,51.383900544644
BGD,YR2018,50.890160724185
BGD,YR2019,50.8492835741116
BGR,YR2006,52.9401118883602
BGR,YR2007,53.9231720397525
BGR,YR2008,53.2162517660805
BGR,YR2009,56.0934493454046
BGR,YR2010,59.4952030897006
BGR,YR2011,57.589528562081
BGR,YR2012,57.1834660168583
BGR,YR2013,58.1843324965328
BGR,YR2014,58.7293538023114
BGR,YR2015,58.2883825965819
BGR,YR2016,57.61131473786
BGR,YR2017,57.9822662387322
BGR,YR2018,60.8553082293074
BGR,YR2019,61.4157597583322
BHR,YR2006,53.4635279305642
BHR,YR2007,52.8099940272787
BHR,YR2008,48.3070764329234
BHR,YR2009,55.5964970660087
BHR,YR2010,53.6817129162749
BHR,YR2011,49.3409426987061
BHR,YR2012,51.1878834846658
BHR,YR2013,50.8394878886851
BHR,YR2014,52.4743941665379
BHR,YR2015,58.8349161972893
BHR,YR2016,59.6022392092638
BHR,YR2017,57.4442913329745
BHR,YR2018,55.7598739906993
BHR,YR2019,54.7985083937222
BHS,YR2006,78.9289139147754
BHS,YR2007,82.23601805932
BHS,YR2008,81.1685350560517
BHS,YR2009,82.2894501681033
BHS,YR2010,81.0746293493506
BHS,YR2011,79.8037823533209
BHS,YR2012,76.9404412107644
BHS,YR2013,78.3532775400462
BHS,YR2014,78.0719571227888
BHS,YR2015,77.9095169152481
BHS,YR2016,77.8951220342445
BHS,YR2017,76.1447749622557
BHS,YR2018,75.953088449137
BHS,YR2019,74.4859748673298
BIH,YR2006,52.5945337136241
BIH,YR2007,52.5400327816496
BIH,YR2008,53.651324367079
BIH,YR2009,55.6401360945712
BIH,YR2010,55.5086556716057
BIH,YR2011,55.8147274805154
BIH,YR2012,56.7861598346331
BIH,YR2013,56.1571217988708
BIH,YR2014,56.7834626353011
BIH,YR2015,54.9288362525282
BIH,YR2016,54.1748786471522
BIH,YR2017,54.4500616892548
BIH,YR2018,53.7328253653242
BIH,YR2019,54.5707671746486
BLR,YR2006,40.8328812746793
BLR,YR2007,40.4715469411405
BLR,YR2008,37.9914446940769
BLR,YR2009,42.172884617144
BLR,YR2010,43.474996157587
BLR,YR2011,44.1312307767417
BLR,YR2012,43.293602989098
BLR,YR2013,45.4221296473698
BLR,YR2014,45.6520929770784
BLR,YR2015,47.7421866310755
BLR,YR2016,48.5228912363479
BLR,YR2017,47.6339978061051
BLR,YR2018,47.8106605624591
BLR,YR2019,48.4265059525577
BLZ,YR2006,60.4915464895636
BLZ,YR2007,60.1565566037736
BLZ,YR2008,60.3975708502024
BLZ,YR2009,61.6069919666766
BLZ,YR2010,61.6930428530342
BLZ,YR2011,61.1382632591371
BLZ,YR2012,62.1616946925906
BLZ,YR2013,62.2888667159399
BLZ,YR2014,61.926328344247
BLZ,YR2015,62.1558651888713
BLZ,YR2016,61.8852601284038
BLZ,YR2017,62.6117607174103
BLZ,YR2018,63.9633974082073
BLZ,YR2019,64.1656010759363
BMU,YR2010,88.9208362436141
BMU,YR2011,89.7451182071164
BMU,YR2012,90.6870885586941
BMU,YR2013,90.0702562855759
BMU,YR2014,90.8153554387691
BMU,YR2015,90.4111192642738
BMU,YR2016,90.1322785177954
BMU,YR2017,89.7082682984063
BMU,YR2018,89.6168504272848
BMU,YR2019,89.1451768143313
BOL,YR2006,43.1317849879713
BOL,YR2007,42.5095719427825
BOL,YR2008,40.496023654551
BOL,YR2009,43.5085261772037
BOL,YR2010,43.5524305510023
BOL,YR2011,41.013191725216
BOL,YR2012,40.4434919386356
BOL,YR2013,40.2117817540524
BOL,YR2014,41.4653506578459
BOL,YR2015,45.97640028474
BOL,YR2016,49.8023324477813
BOL,YR2017,48.7378533993764
BOL,YR2018,49.0940956880216
BOL,YR2019,50.7199151225106
BRA,YR2006,57.1381272037436
BRA,YR2007,57.7262362023716
BRA,YR2008,56.8048617691755
BRA,YR2009,59.1450592116822
BRA,YR2010,57.6129219755693
BRA,YR2011,57.5681693165725
BRA,YR2012,58.7336025097824
BRA,YR2013,59.6787579851448
BRA,YR2014,61.2509740138049
BRA,YR2015,62.3078671774031
BRA,YR2016,63.2036958283248
BRA,YR2017,63.3386728603948
BRA,YR2018,62.6533503466021
BRA,YR2019,63.0678492545334
BRB,YR2006,72.5236676145694
BRB,YR2007,72.0591491568975
BRB,YR2008,72.5476350716545
BRB,YR2009,73.8491509413407
BRB,YR2010,73.3102111130545
BRB,YR2011,71.9056700835431
BRB,YR2012,72.1253960871964
BRB,YR2013,73.5101020828849
BRB,YR2014,73.0248837055571
BRB,YR2015,73.6280923502471
BRB,YR2016,73.317567149186
BRB,YR2017,72.6314449592579
BRB,YR2018,72.3797335804297
BRB,YR2019,73.2450579893882
BRN,YR2006,26.1173720769459
BRN,YR2007,28.0055259094726
BRN,YR2008,25.2511287926698
BRN,YR2009,33.6858557583289
BRN,YR2010,32.5026645264848
BRN,YR2011,27.3568210101704
BRN,YR2012,28.2803646984425
BRN,YR2013,31.2455806351871
BRN,YR2014,32.8360244834654
BRN,YR2015,39.4304499943751
BRN,YR2016,42.975287020574
BRN,YR2017,40.8510225284666
BRN,YR2018,37.3368772198241
BRN,YR2019,38.1775985820028
BTN,YR2006,38.5776545623731
BTN,YR2007,35.1770071224122
BTN,YR2008,36.3266556109419
BTN,YR2009,37.9433022696798
BTN,YR2010,37.3121897073644
BTN,YR2011,38.9984735262001
BTN,YR2012,37.3202726157366
BTN,YR2013,37.2022745621284
BTN,YR2014,38.2347789983378
BTN,YR2015,38.6186169053355
BTN,YR2016,38.3235222612564
BTN,YR2017,38.055682694688
BTN,YR2018,39.925237228141
BTN,YR2019,43.469392544505
BWA,YR2006,47.8447642610957
BWA,YR2007,48.3122262310066
BWA,YR2008,51.7687267307366
BWA,YR2009,58.2732243743027
BWA,YR2010,54.736497220344
BWA,YR2011,51.7079247060985
BWA,YR2012,55.5813284268944
BWA,YR2013,55.1237949029184
BWA,YR2014,53.0342439925704
BWA,YR2015,56.875908621171
BWA,YR2016,54.124891213582
BWA,YR2017,56.9680635429875
BWA,YR2018,58.4362759382023
BWA,YR2019,61.2229282750383
CAF,YR2009,29.3114300877529
CAF,YR2010,29.3293728575983
CAF,YR2011,28.5700359301451
CAF,YR2012,30.8711017267223
CAF,YR2013,40.8557991891824
CAF,YR2014,42.740209795442
CAF,YR2015,43.231643579841
CAF,YR2016,42.7610872146136
CAF,YR2017,42.9438787890876
CAF,YR2018,43.0085884398546
CAF,YR2019,40.1295759610892
CAN,YR2006,62.7231931063883
CAN,YR2007,63.0964212821521
CAN,YR2008,62.7344542075025
CAN,YR2009,66.8690424823749
CAN,YR2010,65.7334191252823
CAN,YR2011,64.7982061516417
CAN,YR2012,65.1632411251064
CAN,YR2013,65.1674412760895
CAN,YR2014,64.9019974464847
CAN,YR2015,67.0009977683349
CAN,YR2016,67.9588532993538
CAN,YR2017,67.1166720622468
CAN,YR2018,66.8658461527451
CAN,YR2019,67.6711634824727
CEB,YR2006,54.8406929172283
CEB,YR2007,54.7163898659499
CEB,YR2008,54.8013971407197
CEB,YR2009,56.1622560404196
CEB,YR2010,55.4062572524009
CEB,YR2011,54.0112457613087
CEB,YR2012,55.2901744574724
CEB,YR2013,56.1197165285943
CEB,YR2014,55.4937657856981
CEB,YR2015,55.4481631292479
CEB,YR2016,56.0246344964389
CEB,YR2017,56.7907115152172
CEB,YR2018,57.2723236885682
CEB,YR2019,57.8066760035313
CHE,YR2006,69.478997451051
CHE,YR2007,69.5055766597955
CHE,YR2008,69.5719138580679
CHE,YR2009,71.0151374038492
CHE,YR2010,71.039676798755
CHE,YR2011,70.7790766642343
CHE,YR2012,71.4871665189024
CHE,YR2013,71.3873520943911
CHE,YR2014,71.7487842365361
CHE,YR2015,72.031712565285
CHE,YR2016,72.2578917141274
CHE,YR2017,72.0901165918966
CHE,YR2018,72.0635152908589
CHE,YR2019,71.8618845905274
CHI,YR2016,92.4190800681431
CHI,YR2017,92.086428089129
CHI,YR2018,92.0122887864823
CHI,YR2019,92.1923029632362
CHL,YR2006,48.4126070132585
CHL,YR2007,49.5481523450583
CHL,YR2008,54.4485312368393
CHL,YR2009,55.5112499818484
CHL,YR2010,53.8127811770917
CHL,YR2011,54.3697640865635
CHL,YR2012,56.2982132532287
CHL,YR2013,57.2209852364053
CHL,YR2014,57.1528758804213
CHL,YR2015,58.3447093583013
CHL,YR2016,58.9826363325677
CHL,YR2017,58.2768071532191
CHL,YR2018,58.0012686597197
CHL,YR2019,58.8168462244449
CHN,YR2006,41.8168419068374
CHN,YR2007,42.869665009396
CHN,YR2008,42.8597797907776
CHN,YR2009,44.4066671993256
CHN,YR2010,44.1769919215134
CHN,YR2011,44.2930567346312
CHN,YR2012,45.463305387599
CHN,YR2013,46.8804015015283
CHN,YR2014,48.270940494346
CHN,YR2015,50.7716451484828
CHN,YR2016,52.3620909629531
CHN,YR2017,52.6847365342399
CHN,YR2018,53.2699679234152
CHN,YR2019,54.2689042663668
CIV,YR2006,37.9448192299265
CIV,YR2007,38.7672870738361
CIV,YR2008,37.7795452078374
CIV,YR2009,38.6653601233451
CIV,YR2010,37.8322011028794
CIV,YR2011,34.0131352482917
CIV,YR2012,39.6867369948961
CIV,YR2013,38.8134449746895
CIV,YR2014,37.315143801775
CIV,YR2015,54.1326121734967
CIV,YR2016,54.493573696894
CIV,YR2017,55.7500354113374
CIV,YR2018,55.6186479812729
CIV,YR2019,53.5918280969588
CMR,YR2006,47.9296207352522
CMR,YR2007,49.1015543979188
CMR,YR2008,49.5994999239833
CMR,YR2009,50.6233092718238
CMR,YR2010,50.6327279312031
CMR,YR2011,51.7703818829092
CMR,YR2012,50.7616920662244
CMR,YR2013,50.3174153039448
CMR,YR2014,50.4278201446423
CMR,YR2015,49.560321688742
CMR,YR2016,50.4664605241712
CMR,YR2017,50.3626877993823
CMR,YR2018,50.4464488185533
CMR,YR2019,51.0268734763051
COD,YR2006,44.5153498233737
COD,YR2007,43.5605755050461
COD,YR2008,38.7267052516852
COD,YR2009,38.3532682778201
COD,YR2010,35.3774218115813
COD,YR2011,33.1142082931377
COD,YR2012,33.1820625966804
COD,YR2013,32.3323787250891
COD,YR2014,31.7014624716414
COD,YR2015,33.1043748127802
COD,YR2016,33.8274372517629
COD,YR2017,33.7502929323761
COD,YR2018,33.1147221487449
COD,YR2019,35.8590391098277
COG,YR2006,30.4641799648533
COG,YR2007,35.7365110433718
COG,YR2008,29.2296120913724
COG,YR2009,33.8304898548024
COG,YR2010,25.4331793516229
COG,YR2011,25.5372237338595
COG,YR2012,26.9856799806227
COG,YR2013,28.5856825491494
COG,YR2014,31.8059738406086
COG,YR2015,39.6216702583118
COG,YR2016,48.4992087853787
COG,YR2017,44.132068907758
COG,YR2018,36.5416411085489
COG,YR2019,40.3804781969447
COL,YR2006,52.510717917003
COL,YR2007,52.954917784115
COL,YR2008,52.0115244022713
COL,YR2009,53.4800448189101
COL,YR2010,53.3990736315847
COL,YR2011,51.4400918867312
COL,YR2012,51.9873009585796
COL,YR2013,53.3511741467848
COL,YR2014,54.6340753673796
COL,YR2015,56.2155458237437
COL,YR2016,56.8986156229234
COL,YR2017,57.6083331251066
COL,YR2018,57.6526815895265
COL,YR2019,58.1364591705438
COM,YR2006,54.534292678114
COM,YR2007,54.2987882798195
COM,YR2008,55.7844251162305
COM,YR2009,53.5201608357446
COM,YR2010,53.189967561664
COM,YR2011,53.6020863062645
COM,YR2012,54.0415544084075
COM,YR2013,53.0563973328625
COM,YR2014,53.7801580407458
COM,YR2015,54.8995438267195
COM,YR2016,54.1737474981062
COM,YR2017,54.1994429016851
COM,YR2018,52.6503579108908
COM,YR2019,51.8874948349763
CPV,YR2006,72.5890097387261
CPV,YR2007,67.317461028727
CPV,YR2008,66.4825423782969
CPV,YR2009,66.710352533179
CPV,YR2010,67.4390099531524
CPV,YR2011,67.2515707697687
CPV,YR2012,68.6678487003577
CPV,YR2013,68.0412785531692
CPV,YR2014,58.3590506735135
CPV,YR2015,58.0096807551024
CPV,YR2016,60.1767013738864
CPV,YR2017,60.5234089345863
CPV,YR2018,58.5159551217978
CPV,YR2019,60.0932473880576
CRI,YR2006,58.1777820197184
CRI,YR2007,57.9758953727124
CRI,YR2008,59.4254091302356
CRI,YR2009,61.0597628286368
CRI,YR2010,61.907753060789
CRI,YR2011,63.1820860244227
CRI,YR2012,64.286092711917
CRI,YR2013,65.5704372632595
CRI,YR2014,66.3984214219483
CRI,YR2015,67.2979590735582
CRI,YR2016,67.455208004105
CRI,YR2017,68.3430015552082
CRI,YR2018,68.6706106301098
CRI,YR2019,69.2049940233732
CSS,YR2006,57.2034464156588
CSS,YR2007,57.5390247794072
CSS,YR2008,54.3163904916283
CSS,YR2009,60.9820177226347
CSS,YR2010,59.5983704656907
CSS,YR2011,57.7265311932736
CSS,YR2012,59.5193107744104
CSS,YR2013,60.1849569198254
CSS,YR2014,60.9412991854665
CSS,YR2015,63.2634626470786
CSS,YR2016,64.3130772099992
CSS,YR2017,62.8979949573774
CSS,YR2018,61.870354004
CSS,YR2019,63.0133419789027
CUB,YR2006,73.2716124286159
CUB,YR2007,72.4383530788906
CUB,YR2008,72.3230981000324
CUB,YR2009,72.4532860824742
CUB,YR2010,72.469220246238
CUB,YR2011,73.0062327873605
CUB,YR2012,71.6574834907918
CUB,YR2013,71.7698449732981
CUB,YR2014,72.8848442769292
CUB,YR2015,72.7588858411853
CUB,YR2016,72.048812520521
CUB,YR2017,70.8170282186038
CUB,YR2018,70.2138930534733
CUB,YR2019,70.4054994778977
CUW,YR2006,76.0630112996805
CUW,YR2007,74.9990954043439
CUW,YR2008,76.0626774586038
CUW,YR2009,74.4789705143764
CUW,YR2010,77.0303910145171
CUW,YR2011,77.3441517627564
CUW,YR2012,77.2326788451948
CUW,YR2013,74.9131673251861
CUW,YR2014,73.6617369472392
CUW,YR2015,73.0083539888001
CUW,YR2016,71.8738418204729
CUW,YR2017,73.3525153146464
CUW,YR2018,71.9197683675342
CUW,YR2019,72.6707293007661
CYM,YR2006,83.5483444755669
CYM,YR2007,84.4321029664262
CYM,YR2008,85.0079469959404
CYM,YR2009,86.9002468526232
CYM,YR2010,87.6099796702155
CYM,YR2011,87.3133587201448
CYM,YR2012,87.1902467935886
CYM,YR2013,87.1980776190893
CYM,YR2014,87.3154936804664
CYM,YR2015,87.4373687362951
CYM,YR2016,86.8623821329188
CYM,YR2017,87.1042606022093
CYM,YR2018,86.1171403825961
CYM,YR2019,86.1669954169957
CYP,YR2006,66.9929246329598
CYP,YR2007,66.0996018691404
CYP,YR2008,66.3693393266636
CYP,YR2009,69.9769157365752
CYP,YR2010,71.6413802756644
CYP,YR2011,73.9856103877138
CYP,YR2012,74.9482646445526
CYP,YR2013,76.113917105581
CYP,YR2014,75.8273832468131
CYP,YR2015,75.5175961774289
CYP,YR2016,74.5691291006498
CYP,YR2017,74.1424590898524
CYP,YR2018,73.2620318388455
CYP,YR2019,72.9831379794105
CZE,YR2006,54.3914960600485
CZE,YR2007,54.2919052641861
CZE,YR2008,55.1493991877038
CZE,YR2009,55.7403295636165
CZE,YR2010,55.7881674084055
CZE,YR2011,54.6823086199694
CZE,YR2012,54.7651306753484
CZE,YR2013,54.6146565701404
CZE,YR2014,54.1932998693441
CZE,YR2015,54.0574197395326
CZE,YR2016,54.4522025077587
CZE,YR2017,55.0961768181261
CZE,YR2018,56.4117321020093
CZE,YR2019,56.9635869683457
DEU,YR2006,62.7234306606068
DEU,YR2007,61.9140245244144
DEU,YR2008,62.2231385161536
DEU,YR2009,64.2285534380328
DEU,YR2010,62.2586569957885
DEU,YR2011,61.79435394051
DEU,YR2012,61.6867311888275
DEU,YR2013,62.1917939779821
DEU,YR2014,62.1085730487151
DEU,YR2015,62.1545645004593
DEU,YR2016,61.770609364732
DEU,YR2017,61.79703473353
DEU,YR2018,62.1184685554681
DEU,YR2019,62.3788602062616
DJI,YR2013,80.5596431221554
DJI,YR2014,80.3229198189395
DJI,YR2015,80.2864982413037
DJI,YR2016,80.6844688233518
DJI,YR2017,79.2106257072114
DJI,YR2018,77.5190472678543
DJI,YR2019,76.9845384220448
DMA,YR2006,60.8941993774201
DMA,YR2007,59.0466814917686
DMA,YR2008,58.4814608240173
DMA,YR2009,59.4123438091632
DMA,YR2010,60.2934007335018
DMA,YR2011,59.0336864359795
DMA,YR2012,60.1513500331507
DMA,YR2013,59.1162479559982
DMA,YR2014,59.029162157544
DMA,YR2015,58.6647853752423
DMA,YR2016,56.8684037999254
DMA,YR2017,60.5536184747797
DMA,YR2018,53.4074825753732
DMA,YR2019,55.4401477757926
DNK,YR2006,60.9398964996145
DNK,YR2007,61.4861661045664
DNK,YR2008,62.3366900284927
DNK,YR2009,65.4425601091589
DNK,YR2010,65.3884134359863
DNK,YR2011,64.7281586144857
DNK,YR2012,64.2842658064722
DNK,YR2013,65.1508646705488
DNK,YR2014,65.5986076830489
DNK,YR2015,65.8338124329574
DNK,YR2016,65.1493643146997
DNK,YR2017,64.906321442337
DNK,YR2018,64.9170030904082
DNK,YR2019,65.070116482826
DOM,YR2006,55.599825837468
DOM,YR2007,54.9331736137856
DOM,YR2008,57.243576176906
DOM,YR2009,59.1552946686212
DOM,YR2010,59.2929222707978
DOM,YR2011,59.6387827044532
DOM,YR2012,59.9095534029698
DOM,YR2013,58.9342294921076
DOM,YR2014,58.7195712347366
DOM,YR2015,59.0615032596238
DOM,YR2016,59.8484953011324
DOM,YR2017,59.4260025769773
DOM,YR2018,58.6270627588693
DOM,YR2019,58.2948206914116
DZA,YR2006,30.9590765824366
DZA,YR2007,33.2228469372983
DZA,YR2008,33.3851848981103
DZA,YR2009,40.7583548395996
DZA,YR2010,39.2460399660962
DZA,YR2011,40.4668338116543
DZA,YR2012,40.5044838249536
DZA,YR2013,42.2042478702593
DZA,YR2014,43.8892415970237
DZA,YR2015,48.5191656206549
DZA,YR2016,49.2931825299243
DZA,YR2017,47.6352837566253
DZA,YR2018,45.2874353642853
DZA,YR2019,46.4003588491505
EAP,YR2006,42.7335525343972
EAP,YR2007,43.4480948266873
EAP,YR2008,43.0926777606295
EAP,YR2009,44.4448629020009
EAP,YR2010,44.3551593452657
EAP,YR2011,44.3905704095101
EAP,YR2012,45.4531986902796
EAP,YR2013,46.7767046702694
EAP,YR2014,48.0265457982691
EAP,YR2015,50.3527220967127
EAP,YR2016,51.7386727657655
EAP,YR2017,51.9995010173069
EAP,YR2018,52.55537242925
EAP,YR2019,53.5081291562724
EAR,YR2006,49.0894094409209
EAR,YR2007,49.2008687996866
EAR,YR2008,48.7922257603732
EAR,YR2009,50.8469838098688
EAR,YR2010,49.727188218593
EAR,YR2011,49.1656979349144
EAR,YR2012,49.8883780303109
EAR,YR2013,50.4748255576199
EAR,YR2014,51.2427473829082
EAR,YR2015,57.0941123361426
EAR,YR2016,57.1095153621191
EAR,YR2017,56.6971955611464
EAR,YR2018,56.1910791994599
EAR,YR2019,57.1504782094264
EAS,YR2006,58.5930136316694
EAS,YR2007,57.7591946425688
EAS,YR2008,57.3275296807264
EAS,YR2009,58.1056142776028
EAS,YR2010,57.0076863211276
EAS,YR2011,56.73602909424
EAS,YR2012,56.8454072428899
EAS,YR2013,56.3615875337944
EAS,YR2014,56.2373198530156
EAS,YR2015,56.9358041607825
EAS,YR2016,58.0115522463569
EAS,YR2017,57.7160426698416
EAS,YR2018,57.825617766429
EAS,YR2019,58.5108751170149
ECA,YR2006,50.4055181066297
ECA,YR2007,51.4146256939752
ECA,YR2008,51.2792344114682
ECA,YR2009,53.823980166336
ECA,YR2010,52.6589620457994
ECA,YR2011,52.352991485364
ECA,YR2012,53.1430063440738
ECA,YR2013,54.101497807626
ECA,YR2014,53.7684423812287
ECA,YR2015,54.033275329998
ECA,YR2016,54.4036202516897
ECA,YR2017,54.1218641691998
ECA,YR2018,52.9688032311693
ECA,YR2019,54.0201148987305
ECS,YR2006,62.6978772669953
ECS,YR2007,62.7162147590321
ECS,YR2008,62.8640561809195
ECS,YR2009,65.0762641630395
ECS,YR2010,63.9752181388936
ECS,YR2011,63.4131237108943
ECS,YR2012,63.5793720771421
ECS,YR2013,63.8941492698741
ECS,YR2014,64.1749196034713
ECS,YR2015,64.4079712968632
ECS,YR2016,64.5526285498935
ECS,YR2017,64.2430587519212
ECS,YR2018,64.1638175006848
ECS,YR2019,64.4351530208737
ECU,YR2006,51.7803773698431
ECU,YR2007,51.2911276254991
ECU,YR2008,49.5339908991901
ECU,YR2009,52.0599527643181
ECU,YR2010,51.1492075083149
ECU,YR2011,49.3074267100846
ECU,YR2012,48.9751940027121
ECU,YR2013,49.253441558116
ECU,YR2014,49.345071729757
ECU,YR2015,51.3733450171774
ECU,YR2016,51.5542623676255
ECU,YR2017,51.2311274631394
ECU,YR2018,51.4367842593641
ECU,YR2019,51.8034422408057
EGY,YR2006,44.6899951432734
EGY,YR2007,46.8939983888292
EGY,YR2008,46.6682970407594
EGY,YR2009,46.5660621761658
EGY,YR2010,46.2327200397812
EGY,YR2011,45.7160236306615
EGY,YR2012,51.771621185884
EGY,YR2013,52.3007390883681
EGY,YR2014,52.320985915493
EGY,YR2015,53.1705429845738
EGY,YR2016,54.4832841219458
EGY,YR2017,53.1699504909872
EGY,YR2018,51.6422459388796
EGY,YR2019,50.7617519656898
EMU,YR2006,63.957803913849
EMU,YR2007,63.9980297102298
EMU,YR2008,64.84645131999
EMU,YR2009,66.7425391619622
EMU,YR2010,66.0963789530712
EMU,YR2011,65.9447680589132
EMU,YR2012,66.1083918127302
EMU,YR2013,66.3569842743555
EMU,YR2014,66.4199398559988
EMU,YR2015,66.0324886872661
EMU,YR2016,65.9273759933252
EMU,YR2017,65.8011928079783
EMU,YR2018,65.8633067509398
EMU,YR2019,65.9795027539538
ESP,YR2006,60.0397679670619
ESP,YR2007,61.2988464388553
ESP,YR2008,63.5010333101706
ESP,YR2009,66.54322407729
ESP,YR2010,66.2773408258903
ESP,YR2011,67.6938378191383
ESP,YR2012,68.5308174539135
ESP,YR2013,68.5015925704214
ESP,YR2014,68.4714819176299
ESP,YR2015,67.9981856835966
ESP,YR2016,67.9270831463901
ESP,YR2017,67.817843047522
ESP,YR2018,67.8718188757986
ESP,YR2019,68.1845151355305
EST,YR2006,57.8680559189266
EST,YR2007,57.0638095657341
EST,YR2008,59.5514014147496
EST,YR2009,60.8483981155766
EST,YR2010,59.9220424685995
EST,YR2011,58.2904046085279
EST,YR2012,58.8032706055731
EST,YR2013,59.1738872380965
EST,YR2014,59.2651688982357
EST,YR2015,59.9946528009154
EST,YR2016,60.0342193801611
EST,YR2017,60.3672359550675
EST,YR2018,60.8761910300161
EST,YR2019,61.5471502058817
ETH,YR2006,38.572635142107
ETH,YR2007,39.1141105816058
ETH,YR2008,37.9001296082826
ETH,YR2009,38.7708154845259
ETH,YR2010,41.7550740909194
ETH,YR2011,41.4300565862634
ETH,YR2012,38.5815204962798
ETH,YR2013,39.6700979759192
ETH,YR2014,39.8920084959331
ETH,YR2015,39.5457091545031
ETH,YR2016,36.7245899328932
ETH,YR2017,36.6336545565058
ETH,YR2018,36.4097271468251
ETH,YR2019,37.1475828867108
EUU,YR2006,63.218821179241
EUU,YR2007,63.1884175097445
EUU,YR2008,63.8974735069379
EUU,YR2009,65.8159662613219
EUU,YR2010,65.0994619844655
EUU,YR2011,64.8339479624535
EUU,YR2012,65.1061345463092
EUU,YR2013,65.4456210023732
EUU,YR2014,65.4808436072754
EUU,YR2015,65.1094219563898
EUU,YR2016,65.0582002580912
EUU,YR2017,64.9680325305943
EUU,YR2018,65.0439362471946
EUU,YR2019,65.1876242231265
FIN,YR2006,54.9529488655095
FIN,YR2007,54.6923109818679
FIN,YR2008,56.2247445499704
FIN,YR2009,59.6064859392452
FIN,YR2010,58.9429317062022
FIN,YR2011,59.3066596632289
FIN,YR2012,60.6893258454911
FIN,YR2013,60.4426368312606
FIN,YR2014,60.7355350730073
FIN,YR2015,60.8226695366275
FIN,YR2016,60.343052069254
FIN,YR2017,59.7642078470709
FIN,YR2018,59.8444286436336
FIN,YR2019,60.1947819126316
FJI,YR2006,56.805788910378
FJI,YR2007,58.0868403154354
FJI,YR2008,57.4671943482391
FJI,YR2009,58.4838308163941
FJI,YR2010,57.4879987562657
FJI,YR2011,58.1562651146195
FJI,YR2012,57.995596402467
FJI,YR2013,56.8721322624871
FJI,YR2014,55.5436806354039
FJI,YR2015,55.437236334029
FJI,YR2016,54.535348585053
FJI,YR2017,54.4863657605154
FJI,YR2018,53.9248445799443
FJI,YR2019,53.7648614819823
FRA,YR2006,68.7173829411125
FRA,YR2007,69.0074998969794
FRA,YR2008,69.6540318613919
FRA,YR2009,70.7514167882827
FRA,YR2010,70.6519707170239
FRA,YR2011,70.1796908134547
FRA,YR2012,70.2794996562626
FRA,YR2013,70.3036904121455
FRA,YR2014,70.3461075978072
FRA,YR2015,70.2087214887702
FRA,YR2016,70.505418442713
FRA,YR2017,70.2853682807471
FRA,YR2018,70.0962126783413
FRA,YR2019,70.0435873295223
FRO,YR2006,55.2834890446465
FRO,YR2007,55.9660407291348
FRO,YR2008,59.080488746386
FRO,YR2009,61.1013169332759
FRO,YR2010,58.2040841225542
FRO,YR2011,58.9737299852817
FRO,YR2012,61.3919413919414
FRO,YR2013,60.2369527087401
FRO,YR2014,58.008658008658
FRO,YR2015,56.9192123347
FRO,YR2016,54.2284905640452
FRO,YR2017,53.8171469228033
FRO,YR2018,54.5831098396806
FRO,YR2019,52.8012999496498
FSM,YR2006,66.5243496242633
FSM,YR2007,65.2970630934875
FSM,YR2008,64.3110968055267
FSM,YR2009,61.4350913321674
FSM,YR2010,60.7211256260017
FSM,YR2011,58.8853703289671
FSM,YR2012,57.1940239945949
FSM,YR2013,59.828746740375
FSM,YR2014,63.9967839253901
FSM,YR2015,61.8534746290482
FSM,YR2016,60.9889028402613
FSM,YR2017,60.7095324692609
FSM,YR2018,66.7645272599391
FSM,YR2019,66.137645631068
GAB,YR2006,30.9213104046742
GAB,YR2007,31.3484397338356
GAB,YR2008,28.9831186458055
GAB,YR2009,36.8182126957151
GAB,YR2010,30.8276344945018
GAB,YR2011,25.6325683424911
GAB,YR2012,27.4556887815273
GAB,YR2013,29.6057833629131
GAB,YR2014,32.6789965337499
GAB,YR2015,39.0291929804191
GAB,YR2016,41.7428124794395
GAB,YR2017,42.6496912552085
GAB,YR2018,41.1181969705571
GAB,YR2019,40.4703782489961
GBR,YR2006,69.4174576005356
GBR,YR2007,69.7519459280421
GBR,YR2008,69.9201811960217
GBR,YR2009,71.8382583211868
GBR,YR2010,70.716722660463
GBR,YR2011,70.2853183881131
GBR,YR2012,70.4834871451244
GBR,YR2013,70.0500926894298
GBR,YR2014,70.2527395190214
GBR,YR2015,70.5714425522567
GBR,YR2016,71.0727541072319
GBR,YR2017,70.9073058712485
GBR,YR2018,70.9201310831043
GBR,YR2019,71.0898841467011
GEO,YR2006,55.2244758845242
GEO,YR2007,56.8436723981687
GEO,YR2008,60.7122448872602
GEO,YR2009,60.6555098409874
GEO,YR2010,63.0792425853283
GEO,YR2011,61.7029126289803
GEO,YR2012,61.723343849739
GEO,YR2013,62.1873808716089
GEO,YR2014,61.6501734995502
GEO,YR2015,62.0191542655076
GEO,YR2016,61.5043531644157
GEO,YR2017,60.2635814099545
GEO,YR2018,60.2689722283259
GEO,YR2019,60.7675132811473
GHA,YR2006,45.4706784153831
GHA,YR2007,47.1685501017468
GHA,YR2008,46.173896812569
GHA,YR2009,47.9362071143916
GHA,YR2010,48.1811608328439
GHA,YR2011,45.844878600683
GHA,YR2012,47.5829502482676
GHA,YR2013,40.5885509559734
GHA,YR2014,37.4136832303432
GHA,YR2015,40.5152653681727
GHA,YR2016,43.9159272924357
GHA,YR2017,43.4828605874674
GHA,YR2018,43.6785260270891
GHA,YR2019,45.1411494259275
GIN,YR2006,44.9064451176804
GIN,YR2007,45.5641235251062
GIN,YR2008,43.713468146258
GIN,YR2009,44.2802676280423
GIN,YR2010,43.4042107851095
GIN,YR2011,43.8765180992831
GIN,YR2012,42.2230237919983
GIN,YR2013,43.5254457694423
GIN,YR2014,43.3533878614874
GIN,YR2015,45.5062273225233
GIN,YR2016,41.9293069508988
GIN,YR2017,37.9415078481602
GIN,YR2018,35.0739382513888
GIN,YR2019,35.2028277402526
GMB,YR2006,55.604171967315
GMB,YR2007,57.3573555365326
GMB,YR2008,52.9886067537314
GMB,YR2009,51.1004157150967
GMB,YR2010,49.2005371228435
GMB,YR2011,54.9002009575039
GMB,YR2012,54.4512163689269
GMB,YR2013,55.1262970634853
GMB,YR2014,56.4387318873601
GMB,YR2015,51.8897873643178
GMB,YR2016,48.7980343537923
GMB,YR2017,53.4253570663483
GMB,YR2018,54.9037669522881
GMB,YR2019,54.7742280253178
GNB,YR2006,41.3937511915649
GNB,YR2007,41.6302669644597
GNB,YR2008,38.2825796687474
GNB,YR2009,40.7437955138664
GNB,YR2010,39.3650642664352
GNB,YR2011,40.5614253079369
GNB,YR2012,38.0658844693332
GNB,YR2013,40.1097865736798
GNB,YR2014,41.9293548354356
GNB,YR2015,36.4282540816791
GNB,YR2016,36.3528748905294
GNB,YR2017,32.5233032523903
GNB,YR2018,50.2567439168
GNB,YR2019,51.2366001896858
GNQ,YR2006,15.6913934502382
GNQ,YR2007,17.4690950886762
GNQ,YR2008,15.4146710346223
GNQ,YR2009,23.6771022893581
GNQ,YR2010,24.7325512094271
GNQ,YR2011,22.1315186514592
GNQ,YR2012,22.9343465047188
GNQ,YR2013,27.1661850938714
GNQ,YR2014,29.01926071002
GNQ,YR2015,39.1222153520914
GNQ,YR2016,45.1807218132753
GNQ,YR2017,40.8999564262649
GNQ,YR2018,40.4782944837917
GNQ,YR2019,45.2983496969454
GRC,YR2006,65.4215157397564
GRC,YR2007,67.1773280095082
GRC,YR2008,69.8913824635763
GRC,YR2009,71.2964396479848
GRC,YR2010,70.3335389783951
GRC,YR2011,70.1497275432319
GRC,YR2012,69.9535938502724
GRC,YR2013,70.2070407669638
GRC,YR2014,70.5923231974077
GRC,YR2015,69.9937499738829
GRC,YR2016,69.1742353624456
GRC,YR2017,69.6626665148474
GRC,YR2018,69.3996373622033
GRC,YR2019,69.4743925835279
GRD,YR2006,63.8382260659707
GRD,YR2007,64.9869264291458
GRD,YR2008,66.6832321787831
GRD,YR2009,69.6030385450941
GRD,YR2010,68.3658862297886
GRD,YR2011,69.1452979256744
GRD,YR2012,70.4669210253371
GRD,YR2013,69.7398321809878
GRD,YR2014,68.276013392712
GRD,YR2015,66.7627566941068
GRD,YR2016,66.932386278402
GRD,YR2017,67.0222251468242
GRD,YR2018,66.0254191815443
GRD,YR2019,66.8649527989476
GRL,YR2006,63.8975901098442
GRL,YR2007,65.4185004041707
GRL,YR2008,63.5765695762399
GRL,YR2009,67.2899401303566
GRL,YR2010,65.6201164938201
GRL,YR2011,64.4597248145655
GRL,YR2012,61.6478682234644
GRL,YR2013,63.9039755960078
GRL,YR2014,63.5552629929158
GRL,YR2015,62.9358027334689
GRL,YR2016,60.4317454742999
GRL,YR2017,60.5468189857081
GRL,YR2018,59.3606998305357
GRL,YR2019,60.5340563470466
GTM,YR2006,56.724919453147
GTM,YR2007,57.0135938814004
GTM,YR2008,58.0395052646456
GTM,YR2009,58.9373078751709
GTM,YR2010,59.4695981042423
GTM,YR2011,58.9769300915749
GTM,YR2012,59.5278728385924
GTM,YR2013,60.8392601391592
GTM,YR2014,60.8985880234141
GTM,YR2015,61.4489919591481
GTM,YR2016,61.8868511611928
GTM,YR2017,62.474142291945
GTM,YR2018,63.0590416252896
GTM,YR2019,62.5226050147148
GUY,YR2006,40.2662192140463
GUY,YR2007,40.585736957635
GUY,YR2008,39.5224900126455
GUY,YR2009,40.9796836302752
GUY,YR2010,41.5645777782864
GUY,YR2011,42.7997615212712
GUY,YR2012,43.0016644065102
GUY,YR2013,42.9589903299137
GUY,YR2014,44.7833250406031
GUY,YR2015,44.1049709941423
GUY,YR2016,44.3019541373503
GUY,YR2017,44.3229868903353
GUY,YR2018,45.9542350111416
GUY,YR2019,44.7132690416221
HIC,YR2006,67.3039597061927
HIC,YR2007,67.2279268765961
HIC,YR2008,67.4617039797219
HIC,YR2009,69.7671343163056
HIC,YR2010,68.9696946737189
HIC,YR2011,68.4101000951698
HIC,YR2012,68.7519925560199
HIC,YR2013,68.7457832975029
HIC,YR2014,68.8198417456286
HIC,YR2015,69.866725053252
HIC,YR2016,70.3460691788413
HIC,YR2017,69.8938401861925
HIC,YR2018,69.5501175265462
HIC,YR2019,70.1540540942412
HKG,YR2006,89.9579007164661
HKG,YR2007,90.2904487398501
HKG,YR2008,87.8208150340237
HKG,YR2009,88.3970721623389
HKG,YR2010,90.9132977393866
HKG,YR2011,91.5084029920959
HKG,YR2012,91.9216380085211
HKG,YR2013,91.1138495209991
HKG,YR2014,90.4754635498594
HKG,YR2015,89.8369247961039
HKG,YR2016,89.5270934932093
HKG,YR2017,88.6354809030343
HKG,YR2018,88.6972306483428
HKG,YR2019,90.0068962559868
HND,YR2006,56.95227061196
HND,YR2007,58.3423528646146
HND,YR2008,59.6398707552753
HND,YR2009,61.0644184532867
HND,YR2010,60.6354456940853
HND,YR2011,58.2063339221402
HND,YR2012,58.6183421267834
HND,YR2013,60.9736192281605
HND,YR2014,60.1539431811467
HND,YR2015,58.8330670461585
HND,YR2016,58.3803820722578
HND,YR2017,56.8495021190534
HND,YR2018,57.338998468411
HND,YR2019,57.6646761021841
HPC,YR2006,40.9286368686507
HPC,YR2007,39.8302435846988
HPC,YR2008,40.1116898410238
HPC,YR2009,42.7319202854577
HPC,YR2010,42.8251953093837
HPC,YR2011,43.0545929838017
HPC,YR2012,43.8524745829906
HPC,YR2013,43.4499994962747
HPC,YR2014,43.3126571354683
HPC,YR2015,45.4334770214279
HPC,YR2016,45.8979592416372
HPC,YR2017,45.8383150397264
HPC,YR2018,44.8363507200454
HPC,YR2019,44.3109071966513
HRV,YR2006,56.714660163463
HRV,YR2007,57.92906452581
HRV,YR2008,57.9687986824283
HRV,YR2009,58.9302555738025
HRV,YR2010,60.0072350828542
HRV,YR2011,60.3546183211609
HRV,YR2012,59.9395389329872
HRV,YR2013,59.4915931115126
HRV,YR2014,59.7075336944105
HRV,YR2015,59.5103778796869
HRV,YR2016,59.4468768761217
HRV,YR2017,59.797608033383
HRV,YR2018,59.6376025279193
HRV,YR2019,59.5604407540717
HTI,YR2006,52.6501128701841
HTI,YR2007,52.1017042969867
HTI,YR2008,51.1602844342025
HTI,YR2009,51.6516283735763
HTI,YR2010,52.5004487393192
HTI,YR2011,51.2340187151589
HTI,YR2012,51.0111681904627
HTI,YR2013,51.0790194647682
HTI,YR2014,51.8125576628147
HTI,YR2015,52.4407421990652
HTI,YR2016,53.1971109121097
HTI,YR2017,53.522351775167
HTI,YR2018,53.4912479734676
HTI,YR2019,54.3640695195877
HUN,YR2006,56.1094948127592
HUN,YR2007,55.8282959554886
HUN,YR2008,56.4601527254515
HUN,YR2009,56.874885561418
HUN,YR2010,56.6584293529587
HUN,YR2011,55.997679881865
HUN,YR2012,55.270886469535
HUN,YR2013,55.4836611068505
HUN,YR2014,54.8695649072555
HUN,YR2015,54.0817040067795
HUN,YR2016,55.4480547863755
HUN,YR2017,55.8863241343543
HUN,YR2018,55.8836219662657
HUN,YR2019,56.4188016462661
IBD,YR2006,48.5524565206263
IBD,YR2007,48.9359896044347
IBD,YR2008,48.6052453851666
IBD,YR2009,50.1760172324385
IBD,YR2010,49.4130310108261
IBD,YR2011,49.2252838989479
IBD,YR2012,50.036597659694
IBD,YR2013,50.9221782773293
IBD,YR2014,51.7001627004714
IBD,YR2015,54.6429499105429
IBD,YR2016,55.4283561293603
IBD,YR2017,55.4693425041218
IBD,YR2018,55.431117177662
IBD,YR2019,56.2841678834765
IBT,YR2006,48.347227479622
IBT,YR2007,48.740981442838
IBT,YR2008,48.419402126635
IBT,YR2009,50.0102120766617
IBT,YR2010,49.2846817562493
IBT,YR2011,49.0547616886686
IBT,YR2012,49.8840414032677
IBT,YR2013,50.7560929627726
IBT,YR2014,51.4846272822974
IBT,YR2015,54.3111953999789
IBT,YR2016,55.0431647338428
IBT,YR2017,55.024068957796
IBT,YR2018,54.9336189684582
IBT,YR2019,55.6740184146091
IDA,YR2006,46.2116010475426
IDA,YR2007,46.5476753538487
IDA,YR2008,46.3165193401796
IDA,YR2009,48.2053234663335
IDA,YR2010,47.81404095618
IDA,YR2011,46.7844553298599
IDA,YR2012,47.8331833886884
IDA,YR2013,48.5882308126208
IDA,YR2014,48.7876387406053
IDA,YR2015,50.2686879173702
IDA,YR2016,50.4183799712614
IDA,YR2017,49.4973096351766
IDA,YR2018,48.6565078092423
IDA,YR2019,48.0833923991991
IDB,YR2006,49.1474784616739
IDB,YR2007,50.1080711638696
IDB,YR2008,49.5354304809476
IDB,YR2009,51.4118268694133
IDB,YR2010,50.625895094321
IDB,YR2011,49.2304064580706
IDB,YR2012,49.8900871237366
IDB,YR2013,51.3418617991084
IDB,YR2014,52.1060334717718
IDB,YR2015,54.0388488102609
IDB,YR2016,54.6870246114824
IDB,YR2017,53.1741402132568
IDB,YR2018,51.5500902087769
IDB,YR2019,50.6144818618576
IDN,YR2006,40.0826385396719
IDN,YR2007,39.4841753758365
IDN,YR2008,37.457515026462
IDN,YR2009,37.0577298834625
IDN,YR2010,40.6659902908934
IDN,YR2011,40.5846042111279
IDN,YR2012,40.8733748934867
IDN,YR2013,41.5165374799893
IDN,YR2014,42.2421853142869
IDN,YR2015,43.3090809246806
IDN,YR2016,43.6417488094502
IDN,YR2017,43.6140553296427
IDN,YR2018,43.4048373057688
IDN,YR2019,44.220745839176
IDX,YR2006,43.9382664742096
IDX,YR2007,43.8538921956941
IDX,YR2008,43.9392839442659
IDX,YR2009,46.0814097409407
IDX,YR2010,45.8876685634207
IDX,YR2011,44.6892752480003
IDX,YR2012,45.9026301391003
IDX,YR2013,45.9906031148046
IDX,YR2014,45.5964930465167
IDX,YR2015,46.8718395211588
IDX,YR2016,46.9845429145774
IDX,YR2017,46.8584981658341
IDX,YR2018,46.3787354091962
IDX,YR2019,46.1485594089098
IMN,YR2012,92.9986076313701
IMN,YR2013,93.1182019208289
IMN,YR2014,93.7098730131692
IMN,YR2015,93.5700590923078
IMN,YR2016,93.6470203089933
IMN,YR2017,93.6624295725627
IMN,YR2018,93.4150171203999
IMN,YR2019,93.9339629637708
IND,YR2006,44.04323571149
IND,YR2007,44.0081579239144
IND,YR2008,45.8825499070063
IND,YR2009,45.9848828119145
IND,YR2010,45.0337495626191
IND,YR2011,45.4421452507073
IND,YR2012,46.3011472886457
IND,YR2013,46.6987147694118
IND,YR2014,47.8224137558964
IND,YR2015,47.7837481204463
IND,YR2016,47.7494012899424
IND,YR2017,47.6708899684162
IND,YR2018,48.4315663154935
IND,YR2019,50.0849578541848
IRL,YR2006,56.9183200417932
IRL,YR2007,59.2648667781983
IRL,YR2008,62.5731441921768
IRL,YR2009,63.693503893556
IRL,YR2010,66.7044197027238
IRL,YR2011,65.1266727908789
IRL,YR2012,65.4341027164255
IRL,YR2013,66.5019943319421
IRL,YR2014,65.9628018924465
IRL,YR2015,53.8066109735054
IRL,YR2016,55.0036132521084
IRL,YR2017,55.1823755154498
IRL,YR2018,56.1231799729847
IRL,YR2019,57.4612987533844
IRN,YR2006,49.1253327032366
IRN,YR2007,47.6077676817297
IRN,YR2008,48.6423388030411
IRN,YR2009,51.4807181924139
IRN,YR2010,51.1373145239641
IRN,YR2011,48.7236875755503
IRN,YR2012,50.4291162835523
IRN,YR2013,47.6419116595481
IRN,YR2014,49.3556902392447
IRN,YR2015,55.1819574554845
IRN,YR2016,52.5223787113108
IRN,YR2017,50.6626622977994
IRN,YR2018,48.5877167093191
IRN,YR2019,50.1233752604292
IRQ,YR2006,33.2310996364157
IRQ,YR2007,35.4162594088609
IRQ,YR2008,34.2660922981463
IRQ,YR2009,43.5373054440268
IRQ,YR2010,39.6860480275684
IRQ,YR2011,33.4821077639761
IRQ,YR2012,35.8893880581268
IRQ,YR2013,37.9634247963375
IRQ,YR2014,40.1122330492623
IRQ,YR2015,51.2496561823717
IRQ,YR2016,50.7798718007565
IRQ,YR2017,47.0337230035122
IRQ,YR2018,44.1911800508283
IRQ,YR2019,44.4241091757329
ISL,YR2006,58.6180478327682
ISL,YR2007,62.3075433611889
ISL,YR2008,61.266039115568
ISL,YR2009,65.0428167376043
ISL,YR2010,61.7874443513966
ISL,YR2011,61.0850499674883
ISL,YR2012,61.874930070418
ISL,YR2013,62.7910462816145
ISL,YR2014,63.6339395140361
ISL,YR2015,64.3830310836479
ISL,YR2016,65.3517377719296
ISL,YR2017,65.4200828267458
ISL,YR2018,65.3510249163459
ISL,YR2019,65.9934554708859
ISR,YR2006,66.5936247230075
ISR,YR2007,66.1868085827779
ISR,YR2008,66.6663342876957
ISR,YR2009,67.2634634515859
ISR,YR2010,66.8450886410418
ISR,YR2011,67.614934697186
ISR,YR2012,67.972769776588
ISR,YR2013,67.6881938331752
ISR,YR2014,68.1995728505208
ISR,YR2015,68.4517438629767
ISR,YR2016,69.3104997307966
ISR,YR2017,70.5551971150267
ISR,YR2018,70.4837250152884
ISR,YR2019,70.9196090107809
ITA,YR2006,64.2518182031302
ITA,YR2007,64.1064395366029
ITA,YR2008,64.7279409151643
ITA,YR2009,66.6691942632771
ITA,YR2010,66.313973852083
ITA,YR2011,66.1845859768924
ITA,YR2012,66.4430892019109
ITA,YR2013,66.6853159566512
ITA,YR2014,67.0857037729254
ITA,YR2015,66.9714230482283
ITA,YR2016,66.6499821793636
ITA,YR2017,66.4310597164747
ITA,YR2018,66.3404616665139
ITA,YR2019,66.2531597026352
JAM,YR2006,64.6583862018319
JAM,YR2007,64.7508220118514
JAM,YR2008,66.4662878316978
JAM,YR2009,68.1390609555653
JAM,YR2010,66.5416067752678
JAM,YR2011,65.8655341895153
JAM,YR2012,65.4468445187143
JAM,YR2013,64.2717387661162
JAM,YR2014,63.6369709138831
JAM,YR2015,61.8437201937485
JAM,YR2016,61.2455252087479
JAM,YR2017,59.7767839474413
JAM,YR2018,59.2492000250586
JAM,YR2019,59.8108539811498
JOR,YR2006,63.7999512898814
JOR,YR2007,63.1399767543462
JOR,YR2008,58.7905592630613
JOR,YR2009,59.7286781481598
JOR,YR2010,59.1152821637538
JOR,YR2011,58.905338980586
JOR,YR2012,60.2740705401065
JOR,YR2013,60.4143618522153
JOR,YR2014,60.0883163094394
JOR,YR2015,60.1407620756871
JOR,YR2016,60.6938974836959
JOR,YR2017,60.3679183488979
JOR,YR2018,60.4766452023407
JOR,YR2019,61.2229705351664
JPN,YR2006,69.4497937291725
JPN,YR2007,69.5604171252242
JPN,YR2008,70.2614584639798
JPN,YR2009,71.9107064636731
JPN,YR2010,70.5441965333058
JPN,YR2011,71.6911224449386
JPN,YR2012,71.7471232811569
JPN,YR2013,71.6207726116305
JPN,YR2014,70.8840213488149
JPN,YR2015,69.7955308631099
JPN,YR2016,69.8870573141604
JPN,YR2017,69.5357755666973
JPN,YR2018,69.4031278581593
JPN,YR2019,69.6276716636423
KAZ,YR2006,51.624997728548
KAZ,YR2007,54.2303277391062
KAZ,YR2008,52.104868253495
KAZ,YR2009,53.9952116833093
KAZ,YR2010,51.6800394874896
KAZ,YR2011,48.8890328062873
KAZ,YR2012,51.3898529954355
KAZ,YR2013,53.1795606876032
KAZ,YR2014,54.8385964696408
KAZ,YR2015,59.297627869996
KAZ,YR2016,57.857435042574
KAZ,YR2017,57.304415099355
KAZ,YR2018,55.454732268099
KAZ,YR2019,55.5282559332057
KEN,YR2006,50.3566785049309
KEN,YR2007,50.2276478618764
KEN,YR2008,50.1247655109144
KEN,YR2009,58.4144115871026
KEN,YR2010,56.99824606755
KEN,YR2011,55.2138923736953
KEN,YR2012,55.6497106996552
KEN,YR2013,56.0807083434218
KEN,YR2014,56.9548463607011
KEN,YR2015,56.1313780292221
KEN,YR2016,56.4465087468317
KEN,YR2017,55.8541060679002
KEN,YR2018,56.0189509830887
KEN,YR2019,55.9598629656759
KGZ,YR2006,43.3774662763917
KGZ,YR2007,45.5406958675158
KGZ,YR2008,45.8087821868921
KGZ,YR2009,49.8977502063632
KGZ,YR2010,49.3384967869844
KGZ,YR2011,47.8653557076126
KGZ,YR2012,51.0390815511772
KGZ,YR2013,49.6332622937347
KGZ,YR2014,50.6119382870719
KGZ,YR2015,52.1498322606782
KGZ,YR2016,50.1483211681284
KGZ,YR2017,49.9324474240762
KGZ,YR2018,49.7676969702079
KGZ,YR2019,49.8516966571136
KHM,YR2006,38.7171341009828
KHM,YR2007,38.5061649640579
KHM,YR2008,38.8416175427957
KHM,YR2009,38.7897872392567
KHM,YR2010,38.3054104505287
KHM,YR2011,37.5039557638043
KHM,YR2012,37.7700054226476
KHM,YR2013,38.5075644641939
KHM,YR2014,39.7038515995489
KHM,YR2015,39.8326734240114
KHM,YR2016,39.8859808153612
KHM,YR2017,39.7219063450846
KHM,YR2018,39.4920662589441
KHM,YR2019,38.8482503467287
KIR,YR2006,65.1544483305099
KIR,YR2007,62.4291102197331
KIR,YR2008,63.0209157245571
KIR,YR2009,61.7223868712188
KIR,YR2010,63.3501232666186
KIR,YR2011,61.4038383036787
KIR,YR2012,60.9335891600526
KIR,YR2013,60.6693844924897
KIR,YR2014,61.264522066649
KIR,YR2015,60.5124354580844
KIR,YR2016,60.9669122821922
KIR,YR2017,62.7837398373984
KIR,YR2018,64.1219391634981
KIR,YR2019,69.176746031746
KNA,YR2006,62.4362039634006
KNA,YR2007,64.1501931684461
KNA,YR2008,65.0977113361076
KNA,YR2009,65.7275971240696
KNA,YR2010,65.8023152948339
KNA,YR2011,64.8931316308224
KNA,YR2012,67.6849761950703
KNA,YR2013,67.0796962179645
KNA,YR2014,64.8141096380112
KNA,YR2015,63.8637770897833
KNA,YR2016,62.8218834845162
KNA,YR2017,61.9397373345225
KNA,YR2018,63.2993888619488
KNA,YR2019,62.7738885657165
KOR,YR2006,54.6991825290634
KOR,YR2007,55.0786933394466
KOR,YR2008,56.1872404353949
KOR,YR2009,55.9985720302947
KOR,YR2010,54.6983573101453
KOR,YR2011,54.6498502596086
KOR,YR2012,55.0732047534656
KOR,YR2013,55.2136030251747
KOR,YR2014,55.6449944715975
KOR,YR2015,55.5765055725491
KOR,YR2016,55.3586393130986
KOR,YR2017,54.8477903393924
KOR,YR2018,55.6916932454589
KOR,YR2019,57.2421505638275
KWT,YR2010,47.0410408957895
KWT,YR2011,38.8184691506674
KWT,YR2012,36.7802833610072
KWT,YR2013,38.1397025030319
KWT,YR2014,42.1705567042383
KWT,YR2015,58.4373993786496
KWT,YR2016,60.7099532002045
KWT,YR2017,56.789146483868
KWT,YR2018,51.917455182192
KWT,YR2019,54.7228624931451
LAC,YR2006,56.5930014855065
LAC,YR2007,56.8442083862667
LAC,YR2008,56.4303733477732
LAC,YR2009,58.3092496960306
LAC,YR2010,57.1868692477612
LAC,YR2011,56.8014291921474
LAC,YR2012,57.5651655940687
LAC,YR2013,58.4487448171553
LAC,YR2014,59.0675489777907
LAC,YR2015,60.0489565785528
LAC,YR2016,60.502370295189
LAC,YR2017,60.5829427835978
LAC,YR2018,60.0922291056924
LAC,YR2019,60.3390250444359
LAO,YR2006,38.1438717274648
LAO,YR2007,41.6699062804203
LAO,YR2008,44.1080874604965
LAO,YR2009,45.6988801735234
LAO,YR2010,43.5714766168191
LAO,YR2011,41.7741927841438
LAO,YR2012,40.1523222376043
LAO,YR2013,42.4921486141779
LAO,YR2014,44.1576786052912
LAO,YR2015,44.1689693992427
LAO,YR2016,42.4771231213113
LAO,YR2017,41.5278261302034
LAO,YR2018,41.60838243206
LAO,YR2019,41.5143522873285
LBN,YR2006,72.7943057975045
LBN,YR2007,70.7510991774198
LBN,YR2008,72.4380677557159
LBN,YR2009,69.187728821497
LBN,YR2010,71.8617767350026
LBN,YR2011,73.5399992822212
LBN,YR2012,72.966542288682
LBN,YR2013,72.0828493274597
LBN,YR2014,73.7326618915711
LBN,YR2015,73.8065438598373
LBN,YR2016,74.2025329097093
LBN,YR2017,75.418780741816
LBN,YR2018,76.9908055113606
LBN,YR2019,79.3126428761302
LBR,YR2006,30.2998033958892
LBR,YR2007,28.4765404224326
LBR,YR2008,27.7257821552723
LBR,YR2009,36.9545135746606
LBR,YR2010,50.1995995995996
LBR,YR2011,47.4000417014178
LBR,YR2012,34.5571020921947
LBR,YR2013,36.7766177374964
LBR,YR2014,40.7273599259933
LBR,YR2015,44.5122901827187
LBR,YR2016,46.0395120131722
LBR,YR2017,44.2886245963006
LBR,YR2018,42.9373526844517
LBR,YR2019,41.3512545877187
LBY,YR2006,21.4916497863516
LBY,YR2007,24.5170340448071
LBY,YR2008,22.6422296787815
LBY,YR2009,33.6406666526731
LBY,YR2010,32.1610487205157
LBY,YR2011,60.4271917105475
LBY,YR2012,38.0498684426903
LBY,YR2013,49.5688944454069
LBY,YR2014,67.8416782304827
LBY,YR2015,72.4462059977024
LBY,YR2016,77.8397088024993
LBY,YR2017,64.0663893322394
LBY,YR2018,54.4802477026269
LBY,YR2019,55.7651894191696
LCA,YR2006,69.7136291606465
LCA,YR2007,71.7690590429257
LCA,YR2008,69.7650567741251
LCA,YR2009,70.8763072196869
LCA,YR2010,74.0932940235859
LCA,YR2011,75.6482312378973
LCA,YR2012,76.0379588431591
LCA,YR2013,75.2018917592469
LCA,YR2014,75.201668395757
LCA,YR2015,73.982990060457
LCA,YR2016,73.8956062501241
LCA,YR2017,75.0496188161971
LCA,YR2018,75.5856034280982
LCA,YR2019,76.6460923544913
LCN,YR2006,55.1012904053077
LCN,YR2007,55.5403237857994
LCN,YR2008,55.1433859913048
LCN,YR2009,57.2110937134235
LCN,YR2010,55.7126551798183
LCN,YR2011,55.7759274690272
LCN,YR2012,56.7539842799455
LCN,YR2013,57.6375672872673
LCN,YR2014,58.4077553929252
LCN,YR2015,67.4421635598784
LCN,YR2016,67.9926978157677
LCN,YR2017,68.0727920248599
LCN,YR2018,67.5731323636508
LCN,YR2019,67.8468776926488
LDC,YR2006,41.9067794446733
LDC,YR2007,40.0912075501842
LDC,YR2008,40.0404783320778
LDC,YR2009,43.853002002417
LDC,YR2010,42.9536087109209
LDC,YR2011,43.0522270779734
LDC,YR2012,43.7242204272879
LDC,YR2013,44.9138822940195
LDC,YR2014,45.2384732182476
LDC,YR2015,45.9085830597385
LDC,YR2016,45.8494761966799
LDC,YR2017,45.9106147960383
LDC,YR2018,44.8814409693973
LDC,YR2019,44.4605940180903
LIC,YR2006,38.6890127403271
LIC,YR2007,38.4868980468039
LIC,YR2008,39.2371426174791
LIC,YR2009,42.7230636023481
LIC,YR2010,42.8860763207915
LIC,YR2011,40.3350878522476
LIC,YR2012,41.8503601512481
LIC,YR2013,42.5254028413929
LIC,YR2014,41.2752450020675
LIC,YR2015,41.9090225048292
LIC,YR2016,42.457678036518
LIC,YR2017,42.4439728034189
LIC,YR2018,39.8016571536007
LIC,YR2019,39.0366690828448
LIE,YR2016,54.6597897888126
LIE,YR2017,51.5748525536454
LIE,YR2018,54.1423463618861
LIE,YR2019,52.1559001938591
LKA,YR2006,58.0214245851879
LKA,YR2007,58.3970158896221
LKA,YR2008,57.2496044829348
LKA,YR2009,57.6365899646619
LKA,YR2010,53.0103501848071
LKA,YR2011,53.3645298044492
LKA,YR2012,54.204493062591
LKA,YR2013,54.515555670243
LKA,YR2014,54.6273859148658
LKA,YR2015,54.2106196151911
LKA,YR2016,53.4181636949792
LKA,YR2017,52.2395328654736
LKA,YR2018,53.637322107558
LKA,YR2019,55.745858755601
LMC,YR2006,46.4895476498719
LMC,YR2007,46.7134799710653
LMC,YR2008,47.2792921114622
LMC,YR2009,48.7421777119089
LMC,YR2010,47.7639601063349
LMC,YR2011,47.2097981507672
LMC,YR2012,48.3381100200117
LMC,YR2013,48.7141208102119
LMC,YR2014,49.5692051035393
LMC,YR2015,50.8251884270065
LMC,YR2016,50.7644075893279
LMC,YR2017,49.9974053720626
LMC,YR2018,49.7839761120018
LMC,YR2019,50.5681548848599
LMY,YR2006,48.3290327940644
LMY,YR2007,48.6771008632959
LMY,YR2008,48.3218920575005
LMY,YR2009,49.8617819117136
LMY,YR2010,49.3016718071411
LMY,YR2011,49.0652000193827
LMY,YR2012,49.7718249570742
LMY,YR2013,50.6363297883289
LMY,YR2014,51.3463337712351
LMY,YR2015,52.6947603703972
LMY,YR2016,53.4035907180696
LMY,YR2017,53.3490496896109
LMY,YR2018,53.2433346275427
LMY,YR2019,53.9678318656465
LSO,YR2006,47.453282212477
LSO,YR2007,48.7772311914869
LSO,YR2008,48.1968622833523
LSO,YR2009,53.8886301730315
LSO,YR2010,53.8438713769856
LSO,YR2011,51.8921213850424
LSO,YR2012,52.852098892416
LSO,YR2013,54.8845855681331
LSO,YR2014,53.0682804387969
LSO,YR2015,51.5321727780951
LSO,YR2016,53.3450312980122
LSO,YR2017,54.5137388790934
LSO,YR2018,52.4296654023334
LSO,YR2019,53.4885280665236
LTE,YR2006,47.7973215537449
LTE,YR2007,48.6622325844198
LTE,YR2008,48.1202049003977
LTE,YR2009,49.8984496503795
LTE,YR2010,49.3073518023277
LTE,YR2011,48.8881397009558
LTE,YR2012,49.6300859797534
LTE,YR2013,50.750279891365
LTE,YR2014,51.6146213273848
LTE,YR2015,53.1518560027911
LTE,YR2016,54.4438471059665
LTE,YR2017,54.6019138353102
LTE,YR2018,54.397724119398
LTE,YR2019,55.2997911970612
LTU,YR2006,56.3545504022714
LTU,YR2007,56.689979142207
LTU,YR2008,57.246401239777
LTU,YR2009,62.5770517657814
LTU,YR2010,60.7263016798309
LTU,YR2011,58.4836119281284
LTU,YR2012,58.4765689410136
LTU,YR2013,59.7291014742459
LTU,YR2014,59.4997073779012
LTU,YR2015,59.905017707796
LTU,YR2016,60.9366060491549
LTU,YR2017,60.4381268302661
LTU,YR2018,61.4231641956474
LTU,YR2019,61.4934034644729
LUX,YR2006,75.9521165224508
LUX,YR2007,74.5781635960329
LUX,YR2008,76.8613570571973
LUX,YR2009,78.686285175163
LUX,YR2010,78.9069308415746
LUX,YR2011,78.8372958017318
LUX,YR2012,78.8749543859531
LUX,YR2013,78.9577970757573
LUX,YR2014,78.2098746195357
LUX,YR2015,79.7312744577697
LUX,YR2016,79.1113386071195
LUX,YR2017,80.0810053034631
LUX,YR2018,79.6541996425751
LUX,YR2019,78.9756859906793
LVA,YR2006,64.5328113481999
LVA,YR2007,64.025572594869
LVA,YR2008,65.3283734867085
LVA,YR2009,65.8612670057823
LVA,YR2010,64.4882844850558
LVA,YR2011,64.1286764110618
LVA,YR2012,64.4217336303228
LVA,YR2013,64.7953735129573
LVA,YR2014,65.5721951788134
LVA,YR2015,65.3608035381228
LVA,YR2016,65.5907669619449
LVA,YR2017,64.7639548327734
LVA,YR2018,64.5537614690983
LVA,YR2019,64.0859105739514
MAC,YR2006,77.9521736938512
MAC,YR2007,82.4795351630776
MAC,YR2008,84.9572163022788
MAC,YR2009,89.2563949339475
MAC,YR2010,93.9786811329354
MAC,YR2011,96.114243936122
MAC,YR2012,95.577837023299
MAC,YR2013,96.2048773616296
MAC,YR2014,94.2900601118317
MAC,YR2015,91.7218966495046
MAC,YR2016,92.8224141376019
MAC,YR2017,93.5312556349561
MAC,YR2018,94.2912905040075
MAC,YR2019,93.6776423585393
MAR,YR2006,46.4990239339737
MAR,YR2007,48.6528084644265
MAR,YR2008,46.5404621185897
MAR,YR2009,47.3016732705902
MAR,YR2010,47.1661102421743
MAR,YR2011,48.2264357071252
MAR,YR2012,49.1349653697511
MAR,YR2013,47.6140626255021
MAR,YR2014,54.7549862499925
MAR,YR2015,52.2029571874719
MAR,YR2016,53.3932404781727
MAR,YR2017,53.0987601129781
MAR,YR2018,53.070813570865
MAR,YR2019,53.4781212999139
MCO,YR2010,87.0751827702035
MCO,YR2011,79.1984820081386
MCO,YR2012,79.2496308559667
MCO,YR2013,78.0672609400324
MCO,YR2014,79.6741397778738
MCO,YR2015,75.2338932596215
MCO,YR2016,74.805479077244
MCO,YR2017,79.9718953100299
MCO,YR2018,79.9340107355669
MCO,YR2019,78.4411528373687
MDA,YR2006,52.6490324887161
MDA,YR2007,55.9735991016283
MDA,YR2008,56.4299847430152
MDA,YR2009,60.0497721298214
MDA,YR2010,54.5367158254819
MDA,YR2011,53.572447894711
MDA,YR2012,54.4511648315395
MDA,YR2013,52.7992027050012
MDA,YR2014,51.5066274945247
MDA,YR2015,53.3342064591852
MDA,YR2016,53.7937240113846
MDA,YR2017,53.1080578877536
MDA,YR2018,53.9337913876541
MDA,YR2019,54.6779595310298
MDG,YR2006,52.4774184200017
MDG,YR2007,48.040525265162
MDG,YR2008,47.7475305832466
MDG,YR2009,47.0157456107157
MDG,YR2010,48.7541183081362
MDG,YR2011,49.1347880343985
MDG,YR2012,50.9548624539888
MDG,YR2013,51.5008530956181
MDG,YR2014,50.8124409885075
MDG,YR2015,50.7680550601694
MDG,YR2016,51.0107328915714
MDG,YR2017,51.0493152393528
MDG,YR2018,48.7393975833148
MDG,YR2019,49.803398924079
MDV,YR2006,72.9062180332711
MDV,YR2007,74.1194229137326
MDV,YR2008,72.1949375699159
MDV,YR2009,77.9264500402108
MDV,YR2010,77.6940061871214
MDV,YR2011,75.0633081053737
MDV,YR2012,75.4770285975961
MDV,YR2013,75.5762237057377
MDV,YR2014,75.4050928515842
MDV,YR2015,72.3327232556167
MDV,YR2016,69.9330737811283
MDV,YR2017,69.4086886357182
MDV,YR2018,68.2997971267298
MDV,YR2019,70.6280638521562
MEA,YR2006,42.4548825373991
MEA,YR2007,43.497833116961
MEA,YR2008,41.6433013419151
MEA,YR2009,48.1922548243357
MEA,YR2010,46.7808130949358
MEA,YR2011,43.7456634916135
MEA,YR2012,44.3768340043906
MEA,YR2013,45.3933447788351
MEA,YR2014,47.750715674801
MEA,YR2015,54.8921934500147
MEA,YR2016,56.2630316770975
MEA,YR2017,54.5759343266304
MEA,YR2018,51.4012218053158
MEA,YR2019,53.1199764888558
MEX,YR2006,58.9662559046172
MEX,YR2007,59.185340733358
MEX,YR2008,59.522316216063
MEX,YR2009,60.7218316472303
MEX,YR2010,60.3628174693829
MEX,YR2011,59.9124681240829
MEX,YR2012,59.9972480582014
MEX,YR2013,61.1063920156291
MEX,YR2014,60.2053984962698
MEX,YR2015,61.0447802221286
MEX,YR2016,60.7620854448008
MEX,YR2017,60.1465918626474
MEX,YR2018,59.9275696897244
MEX,YR2019,59.9814054174097
MHL,YR2006,77.0133776827522
MHL,YR2007,76.3809301394542
MHL,YR2008,76.6807495558992
MHL,YR2009,76.1467725455751
MHL,YR2010,71.5959792537979
MHL,YR2011,69.1975909134094
MHL,YR2012,67.0801275243834
MHL,YR2013,67.619104104212
MHL,YR2014,70.7628384066999
MHL,YR2015,75.6007329069882
MHL,YR2016,71.4287849498794
MHL,YR2017,71.7131826242635
MHL,YR2018,72.2497529981038
MHL,YR2019,69.5050202010149
MIC,YR2006,48.6112042618999
MIC,YR2007,48.9675015349423
MIC,YR2008,48.5813507198159
MIC,YR2009,50.073113645077
MIC,YR2010,49.4770624183466
MIC,YR2011,49.2185667440641
MIC,YR2012,49.8973949680482
MIC,YR2013,50.7606977698411
MIC,YR2014,51.5061187663687
MIC,YR2015,52.8753164657045
MIC,YR2016,53.5832227766092
MIC,YR2017,53.529060738712
MIC,YR2018,53.4205974099132
MIC,YR2019,54.1718904384512
MKD,YR2006,56.2859873372357
MKD,YR2007,56.6726291201939
MKD,YR2008,55.1066547759647
MKD,YR2009,57.0893488526899
MKD,YR2010,55.0944897735173
MKD,YR2011,55.0949403902746
MKD,YR2012,56.3116157384889
MKD,YR2013,54.8447770531849
MKD,YR2014,53.8266326277266
MKD,YR2015,53.7301817323071
MKD,YR2016,53.5495422792727
MKD,YR2017,54.5391890711302
MKD,YR2018,54.3216751049362
MKD,YR2019,54.994997711796
MLI,YR2006,34.591252320989
MLI,YR2007,35.9501029851476
MLI,YR2008,36.7360387772428
MLI,YR2009,34.2109222458089
MLI,YR2010,35.4532166092292
MLI,YR2011,36.7279568394735
MLI,YR2012,34.2187155639794
MLI,YR2013,38.2728084445369
MLI,YR2014,37.3111410413359
MLI,YR2015,37.2660625296056
MLI,YR2016,35.6427369625411
MLI,YR2017,34.8869589972434
MLI,YR2018,33.9483776708858
MLI,YR2019,33.4970039979718
MLT,YR2006,65.145289653896
MLT,YR2007,67.1571421169888
MLT,YR2008,67.6748308088946
MLT,YR2009,68.5347306537159
MLT,YR2010,69.3022095718771
MLT,YR2011,69.9361695982439
MLT,YR2012,71.9750152759862
MLT,YR2013,72.6986644512418
MLT,YR2014,74.1815314646159
MLT,YR2015,75.7009813238369
MLT,YR2016,75.4854806424377
MLT,YR2017,76.6221693688865
MLT,YR2018,76.146405635055
MLT,YR2019,76.6539819590089
MMR,YR2009,37.2205846174659
MMR,YR2010,36.9921765751328
MMR,YR2011,36.4278107105935
MMR,YR2012,36.6453979057953
MMR,YR2013,37.6033932771443
MMR,YR2014,37.8798127444019
MMR,YR2015,38.2490777299551
MMR,YR2016,39.3531095791758
MMR,YR2017,39.6132155396386
MMR,YR2018,40.2544446801298
MMR,YR2019,40.6851783699355
MNA,YR2006,43.1912997725353
MNA,YR2007,44.2650966998836
MNA,YR2008,43.8188061661025
MNA,YR2009,48.257955119071
MNA,YR2010,47.3613680449537
MNA,YR2011,46.5075366555024
MNA,YR2012,47.6921453026739
MNA,YR2013,47.5673406951858
MNA,YR2014,49.9010830665177
MNA,YR2015,54.0474215819114
MNA,YR2016,54.2888240524378
MNA,YR2017,52.1967517084765
MNA,YR2018,50.313331107177
MNA,YR2019,50.8469422266004
MNE,YR2006,55.8457229323539
MNE,YR2007,55.3447809103918
MNE,YR2008,55.2396907581915
MNE,YR2009,57.4010166051747
MNE,YR2010,58.6420871078913
MNE,YR2011,60.6176340771402
MNE,YR2012,61.524820075707
MNE,YR2013,58.5665762869738
MNE,YR2014,58.5542415358125
MNE,YR2015,60.2777607516407
MNE,YR2016,59.5984484392845
MNE,YR2017,60.1290365800584
MNE,YR2018,59.1700209944822
MNE,YR2019,58.7244671059445
MNG,YR2006,33.6016996064578
MNG,YR2007,33.9138972323028
MNG,YR2008,39.6705514673849
MNG,YR2009,43.1000868867331
MNG,YR2010,44.8404932199456
MNG,YR2011,45.7860011361674
MNG,YR2012,46.8583779005002
MNG,YR2013,44.7170657991051
MNG,YR2014,45.8242152647271
MNG,YR2015,46.1686156081763
MNG,YR2016,45.875564032704
MNG,YR2017,42.3762941538337
MNG,YR2018,39.7977094209281
MNG,YR2019,39.7406192290363
MOZ,YR2006,46.1594278376719
MOZ,YR2007,47.4856223729587
MOZ,YR2008,46.9248407238138
MOZ,YR2009,46.4473923906492
MOZ,YR2010,46.9588167199704
MOZ,YR2011,47.4100849875653
MOZ,YR2012,48.0439403756702
MOZ,YR2013,48.6564936893393
MOZ,YR2014,47.9558389432297
MOZ,YR2015,47.4377895654876
MOZ,YR2016,45.3308194510793
MOZ,YR2017,40.9473291083869
MOZ,YR2018,40.0011170156049
MOZ,YR2019,40.9860196854059
MRT,YR2006,34.0804263088307
MRT,YR2007,38.304859791134
MRT,YR2008,39.238285130247
MRT,YR2009,42.7452015890838
MRT,YR2010,39.9492728035458
MRT,YR2011,36.1958838869826
MRT,YR2012,38.8685569000327
MRT,YR2013,37.9017288839036
MRT,YR2014,44.3631039531479
MRT,YR2015,46.4932179805674
MRT,YR2016,43.8846336368434
MRT,YR2017,43.9182110621305
MRT,YR2018,43.4303714104838
MRT,YR2019,42.1321915394262
MUS,YR2006,61.8472652218782
MUS,YR2007,61.892708386394
MUS,YR2008,61.6110943029825
MUS,YR2009,62.2338529456121
MUS,YR2010,62.8600746208075
MUS,YR2011,63.1945851618191
MUS,YR2012,63.6178003901393
MUS,YR2013,63.8794311771517
MUS,YR2014,64.9447609722469
MUS,YR2015,65.5311021152859
MUS,YR2016,66.1914123586971
MUS,YR2017,66.5939885082508
MUS,YR2018,66.9037110511612
MUS,YR2019,67.4178103056387
MWI,YR2006,48.8725353335126
MWI,YR2007,49.5765681184685
MWI,YR2008,49.887973712386
MWI,YR2009,50.3807859032207
MWI,YR2010,51.1943503329606
MWI,YR2011,51.6606062394182
MWI,YR2012,52.5104116951348
MWI,YR2013,52.4849872843715
MWI,YR2014,52.6198508476428
MWI,YR2015,53.2072107130481
MWI,YR2016,53.9094692362352
MWI,YR2017,53.1222172138025
MWI,YR2018,53.4451501809025
MWI,YR2019,52.4166794710319
MYS,YR2006,43.9262781844017
MYS,YR2007,44.5202452881234
MYS,YR2008,43.9481056537511
MYS,YR2009,48.836021810826
MYS,YR2010,48.4774187579282
MYS,YR2011,47.766725565489
MYS,YR2012,49.0223958354783
MYS,YR2013,49.9447288177857
MYS,YR2014,50.1226904594272
MYS,YR2015,52.0139839408985
MYS,YR2016,52.5314244518403
MYS,YR2017,51.8820155184897
MYS,YR2018,52.9910477853598
MYS,YR2019,54.1547930455103
NAC,YR2006,72.7491146836897
NAC,YR2007,72.9280518498689
NAC,YR2008,73.4919051899206
NAC,YR2009,75.6817887311917
NAC,YR2010,75.2594589272509
NAC,YR2011,74.7621194364053
NAC,YR2012,75.0570097615028
NAC,YR2013,74.7692376919359
NAC,YR2014,74.8136058718462
NAC,YR2015,75.9800171448259
NAC,YR2016,76.7279236774411
NAC,YR2017,76.2633624998767
NAC,YR2018,75.9749440600573
NAC,YR2019,76.4680829987926
NAM,YR2006,52.5972185880007
NAM,YR2007,49.6642964935729
NAM,YR2008,48.3622002913174
NAM,YR2009,52.6102586571458
NAM,YR2010,53.9557685578527
NAM,YR2011,54.1611624054591
NAM,YR2012,53.9227923543527
NAM,YR2013,57.738663851131
NAM,YR2014,57.7023463281603
NAM,YR2015,57.9429326539944
NAM,YR2016,57.7470985015528
NAM,YR2017,58.6183290183913
NAM,YR2018,57.8454380308886
NAM,YR2019,58.4304534861207
NCL,YR2006,63.2046814220635
NCL,YR2007,59.7426613408063
NCL,YR2008,66.4908391272576
NCL,YR2009,68.2318739383523
NCL,YR2010,64.8758531426138
NCL,YR2011,65.4060906555484
NCL,YR2012,67.3211495118966
NCL,YR2013,67.5395568926351
NCL,YR2014,66.5115646116081
NCL,YR2015,68.0800194079304
NCL,YR2016,69.5722159376037
NCL,YR2017,68.4401001813129
NCL,YR2019,65.1940594059406
NER,YR2006,37.4439531922514
NER,YR2007,37.3635820305751
NER,YR2008,34.2841235924332
NER,YR2009,36.908757364448
NER,YR2010,35.1075507996062
NER,YR2011,36.6722707602193
NER,YR2012,34.9550459944691
NER,YR2013,35.9846069967701
NER,YR2014,37.0689591319954
NER,YR2015,38.5305288045027
NER,YR2016,38.2723746369935
NER,YR2017,37.8150419737289
NER,YR2018,36.6208710223416
NER,YR2019,36.67265907777
NGA,YR2006,48.4887987156133
NGA,YR2007,49.9623710482145
NGA,YR2008,48.9753597291066
NGA,YR2009,50.9813970650926
NGA,YR2010,50.788843670731
NGA,YR2011,49.2430315165328
NGA,YR2012,50.1858844830171
NGA,YR2013,52.3666011221468
NGA,YR2014,54.1531280148526
NGA,YR2015,58.1222219184123
NGA,YR2016,59.7850976776077
NGA,YR2017,55.8046968892209
NGA,YR2018,52.0170509344182
NGA,YR2019,49.7302169023896
NIC,YR2006,53.758898668776
NIC,YR2007,53.3267615918218
NIC,YR2008,52.8954690708497
NIC,YR2009,54.198658704204
NIC,YR2010,51.7350697395925
NIC,YR2011,48.4519714210108
NIC,YR2012,48.044904493272
NIC,YR2013,48.3649996869579
NIC,YR2014,48.5507598823617
NIC,YR2015,48.5740909038619
NIC,YR2016,49.4658917582707
NIC,YR2017,50.2777113973916
NIC,YR2018,51.0110976206176
NIC,YR2019,50.4678874217216
NLD,YR2006,65.905848299364
NLD,YR2007,66.2609622559232
NLD,YR2008,66.2228560656862
NLD,YR2009,67.9506179162092
NLD,YR2010,68.372635863996
NLD,YR2011,68.4517320433791
NLD,YR2012,68.7276213462876
NLD,YR2013,69.0706368108433
NLD,YR2014,69.910357972482
NLD,YR2015,70.0646949020881
NLD,YR2016,70.2177071083397
NLD,YR2017,70.066626385566
NLD,YR2018,70.0324424053634
NLD,YR2019,69.9668534109009
NOR,YR2006,47.8463695198508
NOR,YR2007,49.9670786984349
NOR,YR2008,48.1731871166054
NOR,YR2009,53.1931637832662
NOR,YR2010,52.2863522035994
NOR,YR2011,50.5772565783691
NOR,YR2012,51.0970868383772
NOR,YR2013,52.0575277437559
NOR,YR2014,53.4347468005324
NOR,YR2015,55.9833722181738
NOR,YR2016,57.9316984565321
NOR,YR2017,56.2861277546919
NOR,YR2018,54.57404711371
NOR,YR2019,57.3102892822421
NPL,YR2006,47.9339045137933
NPL,YR2007,48.7769758472824
NPL,YR2008,49.2043233806326
NPL,YR2009,48.6137710063626
NPL,YR2010,46.3988379106184
NPL,YR2011,47.902884603478
NPL,YR2012,47.9874525888292
NPL,YR2013,48.7552170076312
NPL,YR2014,49.5640197505795
NPL,YR2015,50.5398969847631
NPL,YR2016,51.598044087341
NPL,YR2017,51.8497822874745
NPL,YR2018,51.5904434650846
NPL,YR2019,52.0227162614147
NZL,YR2006,64.3316434501523
NZL,YR2007,63.4044559202456
NZL,YR2008,64.3305914279379
NZL,YR2009,65.5431868126213
NZL,YR2010,64.3988944733503
NZL,YR2011,64.3534796385401
NZL,YR2012,65.1016833035234
NZL,YR2013,64.431061071424
NZL,YR2014,65.534264639222
NZL,YR2015,65.9548053575625
NZL,YR2016,65.6962963236026
NZL,YR2017,65.125950692961
NZL,YR2018,65.6321535050338
NZL,YR2019,65.572412172628
OED,YR2006,67.4468903692028
OED,YR2007,67.4033614528682
OED,YR2008,67.8945313376555
OED,YR2009,69.9733316921332
OED,YR2010,69.2138459659967
OED,YR2011,68.8686550078673
OED,YR2012,69.2456517522047
OED,YR2013,69.1645963104731
OED,YR2014,69.1771428982775
OED,YR2015,69.8865370159913
OED,YR2016,70.3066957332078
OED,YR2017,69.9129207341407
OED,YR2018,69.8088838801506
OED,YR2019,70.3339989254104
OMN,YR2006,36.6060244604633
OMN,YR2007,39.0221132242386
OMN,YR2008,32.8963169651364
OMN,YR2009,41.1052651386519
OMN,YR2010,39.9391756702681
OMN,YR2011,37.0144775788817
OMN,YR2012,37.4757131338017
OMN,YR2013,39.731466379799
OMN,YR2014,42.3134546107489
OMN,YR2015,50.1154825983089
OMN,YR2016,53.3326409803718
OMN,YR2017,52.0222326580764
OMN,YR2018,47.5068212824011
OMN,YR2019,50.67344016728
OSS,YR2011,41.455432553698
OSS,YR2012,41.1981806753535
OSS,YR2013,42.5941546048076
OSS,YR2014,44.2801580057673
OSS,YR2015,52.9782075410868
OSS,YR2016,55.9337462025999
OSS,YR2017,54.569231500811
OSS,YR2018,52.4055912799044
OSS,YR2019,54.2663425933966
PAK,YR2006,52.6313265564449
PAK,YR2007,52.7634730934245
PAK,YR2008,53.1065433626515
PAK,YR2009,53.1104440424322
PAK,YR2010,52.8390469735782
PAK,YR2011,50.9280581995181
PAK,YR2012,51.5739405881326
PAK,YR2013,52.0095126268531
PAK,YR2014,51.7012468410797
PAK,YR2015,52.1605178411229
PAK,YR2016,52.747401539414
PAK,YR2017,53.249254299638
PAK,YR2018,52.9323158239348
PAK,YR2019,53.6204826290348
PAN,YR2006,72.07485125002
PAN,YR2007,73.447650285165
PAN,YR2008,71.7851803493835
PAN,YR2009,72.9736545930499
PAN,YR2010,72.9130105373019
PAN,YR2011,72.602021431315
PAN,YR2012,71.3401286677863
PAN,YR2013,68.068131728359
PAN,YR2014,66.5674440220026
PAN,YR2015,65.8282771140912
PAN,YR2016,64.982895193558
PAN,YR2017,64.5988121094422
PAN,YR2018,66.0075792410898
PAN,YR2019,66.2050138155932
PER,YR2006,47.4170688770149
PER,YR2007,47.305070802301
PER,YR2008,48.3634281113294
PER,YR2009,50.7365164325183
PER,YR2010,48.9435774885792
PER,YR2011,47.7582660570047
PER,YR2012,49.129259974298
PER,YR2013,50.5158622110693
PER,YR2014,52.3928980547013
PER,YR2015,54.0425799449386
PER,YR2016,54.3063730182748
PER,YR2017,53.9283331564894
PER,YR2018,53.5381936281076
PER,YR2019,54.3915620275491
PHL,YR2006,53.1761655626521
PHL,YR2007,53.3926314484507
PHL,YR2008,52.7186368304904
PHL,YR2009,53.9372440034219
PHL,YR2010,53.9115789019179
PHL,YR2011,54.5655820660708
PHL,YR2012,55.5046996251733
PHL,YR2013,56.7511282641544
PHL,YR2014,56.6808739042732
PHL,YR2015,58.5215498609238
PHL,YR2016,59.508957300169
PHL,YR2017,59.6904952918166
PHL,YR2018,59.7861194870255
PHL,YR2019,60.8521683732324
PLW,YR2006,74.2249810793503
PLW,YR2007,75.3852357267077
PLW,YR2008,78.1615148784142
PLW,YR2009,77.6920459805421
PLW,YR2010,76.7186180711293
PLW,YR2011,76.9231902112171
PLW,YR2012,77.0879924368331
PLW,YR2013,79.049391001695
PLW,YR2014,78.7799716803672
PLW,YR2015,78.1362394400296
PLW,YR2016,76.6687562856185
PLW,YR2017,77.4509803921569
PLW,YR2018,78.3081783081783
PLW,YR2019,76.9092864826103
PNG,YR2006,41.1601229958445
PNG,YR2007,42.4652017879367
PNG,YR2008,42.2889560914196
PNG,YR2009,45.2637670895921
PNG,YR2010,44.1440002030136
PNG,YR2011,47.0232947143647
PNG,YR2012,49.6021773873939
PNG,YR2013,50.4989633986372
PNG,YR2014,44.4755050929294
PNG,YR2015,43.2810108554466
PNG,YR2016,43.430656678982
PNG,YR2017,41.5021183585627
PNG,YR2018,41.6473438003943
PNG,YR2019,41.8354220546801
POL,YR2006,56.1878232443234
POL,YR2007,55.5659414504997
POL,YR2008,55.9839168742917
POL,YR2009,56.6952497221261
POL,YR2010,55.2719385820096
POL,YR2011,54.1198384955083
POL,YR2012,55.180410469394
POL,YR2013,56.6101638769028
POL,YR2014,55.5582540257516
POL,YR2015,55.0897401181337
POL,YR2016,54.8663531557491
POL,YR2017,55.9066146054507
POL,YR2018,56.4099513474215
POL,YR2019,56.8840092078102
PRE,YR2006,41.8704263993738
PRE,YR2007,41.631891904416
PRE,YR2008,41.0213379105433
PRE,YR2009,45.7813092297875
PRE,YR2010,44.6862200058379
PRE,YR2011,42.9605903799988
PRE,YR2012,44.2883057190192
PRE,YR2013,46.2187202455874
PRE,YR2014,47.5683639510265
PRE,YR2015,51.7805931080929
PRE,YR2016,52.0744133307445
PRE,YR2017,49.8183786288183
PRE,YR2018,47.6352667789254
PRE,YR2019,46.675764487842
PRI,YR2006,52.2955881640463
PRI,YR2007,53.2596976344197
PRI,YR2008,52.3815321131192
PRI,YR2009,49.5122715426371
PRI,YR2010,48.5622775873057
PRI,YR2011,48.8661377933807
PRI,YR2012,48.9893151958159
PRI,YR2013,49.5143972669595
PRI,YR2014,48.9901977435873
PRI,YR2015,47.8759473956595
PRI,YR2016,48.3474175433956
PRI,YR2017,48.4410365979578
PRI,YR2018,49.0894737519823
PRI,YR2019,47.7835253561427
PRT,YR2006,62.9469119325051
PRT,YR2007,63.5609450035676
PRT,YR2008,64.8391188297629
PRT,YR2009,66.8648919143193
PRT,YR2010,66.0645589650274
PRT,YR2011,66.3460439466341
PRT,YR2012,66.4363902533881
PRT,YR2013,66.9012206060792
PRT,YR2014,66.321756754671
PRT,YR2015,65.5290250615427
PRT,YR2016,65.4706663840203
PRT,YR2017,65.3623519314207
PRT,YR2018,65.155218831648
PRT,YR2019,65.6264155710224
PRY,YR2006,43.635121064116
PRY,YR2007,43.7732722238521
PRY,YR2008,43.3334831236297
PRY,YR2009,46.4438315437149
PRY,YR2010,45.3490217665405
PRY,YR2011,44.86447511271
PRY,YR2012,48.1424560989514
PRY,YR2013,46.9815144205012
PRY,YR2014,47.1154467111251
PRY,YR2015,48.6423009672103
PRY,YR2016,47.6296883780502
PRY,YR2017,47.9606996049679
PRY,YR2018,48.8792744653965
PRY,YR2019,49.5586095739955
PSE,YR2006,58.2558943963502
PSE,YR2007,60.5155011434565
PSE,YR2008,57.4660757277304
PSE,YR2009,57.8342011204967
PSE,YR2010,57.6987037132676
PSE,YR2011,60.2175914751343
PSE,YR2012,59.9775564365519
PSE,YR2013,60.7687469941919
PSE,YR2014,61.4273358256431
PSE,YR2015,61.6830322636054
PSE,YR2016,60.9565477040518
PSE,YR2017,58.9961557539682
PSE,YR2018,59.977513731369
PSE,YR2019,61.1095222809117
PSS,YR2006,58.4408682817071
PSS,YR2007,58.9277675476496
PSS,YR2008,58.6545206024816
PSS,YR2009,59.9197602028033
PSS,YR2010,59.2062082143962
PSS,YR2011,59.0733676277223
PSS,YR2012,58.6076488572223
PSS,YR2013,58.6435134941817
PSS,YR2014,57.6274847392387
PSS,YR2015,58.2663225928759
PSS,YR2016,57.2502845533494
PSS,YR2017,56.8798896690651
PSS,YR2018,56.5861975079337
PSS,YR2019,56.4147403857137
PST,YR2006,68.237019687176
PST,YR2007,68.2033733261595
PST,YR2008,68.673930797447
PST,YR2009,70.7507413461952
PST,YR2010,70.1252270035573
PST,YR2011,69.8625406359012
PST,YR2012,70.2463139780754
PST,YR2013,70.1712176889788
PST,YR2014,70.2014851254958
PST,YR2015,70.9732096095145
PST,YR2016,71.3601918759996
PST,YR2017,70.9483501442525
PST,YR2018,70.7861890375507
PST,YR2019,71.2991403900805
QAT,YR2011,28.5571253802479
QAT,YR2012,28.4827742187094
QAT,YR2013,30.3224172454025
QAT,YR2014,32.8508108629948
QAT,YR2015,46.0682464857373
QAT,YR2016,50.7781031848514
QAT,YR2017,47.3003409753676
QAT,YR2018,43.0924167580024
QAT,YR2019,46.4545282404356
ROU,YR2006,48.253514239885
ROU,YR2007,49.3464862197025
ROU,YR2008,46.6271335701713
ROU,YR2009,48.3795082411869
ROU,YR2010,45.9850837339635
ROU,YR2011,42.3314037914978
ROU,YR2012,49.4243151151828
ROU,YR2013,50.5506545330935
ROU,YR2014,50.9139954706131
ROU,YR2015,52.6021284872954
ROU,YR2016,55.1122937885678
ROU,YR2017,56.9099211772579
ROU,YR2018,56.9621710289653
ROU,YR2019,58.4545174416189
RUS,YR2006,49.7214755623913
RUS,YR2007,50.6730476145992
RUS,YR2008,50.6956877766979
RUS,YR2009,53.7665266970439
RUS,YR2010,53.120212239735
RUS,YR2011,53.7975831644875
RUS,YR2012,54.5096468230661
RUS,YR2013,56.1216045452739
RUS,YR2014,55.6848306883462
RUS,YR2015,56.1424909689074
RUS,YR2016,57.0123251525122
RUS,YR2017,56.032768470393
RUS,YR2018,53.4288055174333
RUS,YR2019,54.1729442143524
RWA,YR2006,45.2022610740047
RWA,YR2007,48.1932749140847
RWA,YR2008,49.3064423143796
RWA,YR2009,49.5067095196039
RWA,YR2010,49.8755984183667
RWA,YR2011,47.8938702727159
RWA,YR2012,48.8448834356663
RWA,YR2013,49.7960637384617
RWA,YR2014,49.2166482826376
RWA,YR2015,49.738227812043
RWA,YR2016,49.2840523779243
RWA,YR2017,47.8764877699327
RWA,YR2018,49.6986600041263
RWA,YR2019,49.1150515706768
SAS,YR2006,45.9206594752472
SAS,YR2007,45.7136891590082
SAS,YR2008,47.4682044314245
SAS,YR2009,47.4880765963079
SAS,YR2010,46.4790448837884
SAS,YR2011,46.7102080932502
SAS,YR2012,47.5366782638278
SAS,YR2013,48.0025661648256
SAS,YR2014,48.8827726241445
SAS,YR2015,48.947170091537
SAS,YR2016,48.8647573748712
SAS,YR2017,48.782270840937
SAS,YR2018,49.3589168569546
SAS,YR2019,50.6791362598034
SAU,YR2006,33.761991763144
SAU,YR2007,33.8067883687958
SAU,YR2008,30.5115317296606
SAU,YR2009,41.7231949256852
SAU,YR2010,38.6088911857732
SAU,YR2011,33.9932961147366
SAU,YR2012,34.9481328250204
SAU,YR2013,37.733954670246
SAU,YR2014,40.3181109674954
SAU,YR2015,51.5521474847431
SAU,YR2016,53.593539312952
SAU,YR2017,51.3146436549441
SAU,YR2018,45.7152357983919
SAU,YR2019,48.4687817128674
SDN,YR2006,19.855472715377
SDN,YR2007,10.8761534344019
SDN,YR2008,15.4985357509151
SDN,YR2009,26.4598144889249
SDN,YR2010,30.8333184053026
SDN,YR2011,38.0051092550931
SDN,YR2012,46.0544465200986
SDN,YR2013,45.8278881004255
SDN,YR2014,46.0569229388561
SDN,YR2015,48.7681406482026
SDN,YR2016,50.1460202462207
SDN,YR2017,51.3685771317033
SDN,YR2018,51.2947649245208
SDN,YR2019,37.6356278206897
SEN,YR2006,51.9152517286897
SEN,YR2007,53.2209644120259
SEN,YR2008,53.5524725330782
SEN,YR2009,52.3709526949588
SEN,YR2010,52.4270621171615
SEN,YR2011,53.7636944684195
SEN,YR2012,53.7359773167972
SEN,YR2013,52.6932478038648
SEN,YR2014,53.6085329173623
SEN,YR2015,51.4368734328387
SEN,YR2016,51.9681042834976
SEN,YR2017,52.1708286457549
SEN,YR2018,52.1727885084918
SEN,YR2019,50.9547929398667
SGP,YR2006,64.8768540490551
SGP,YR2007,66.0401485014903
SGP,YR2008,68.3479617553522
SGP,YR2009,68.0060695233087
SGP,YR2010,67.8435170825381
SGP,YR2011,69.0231236262618
SGP,YR2012,69.2086270458185
SGP,YR2013,70.7623061587241
SGP,YR2014,70.3453257931675
SGP,YR2015,69.950933310914
SGP,YR2016,70.7039085459554
SGP,YR2017,70.3660981351342
SGP,YR2018,69.355136962183
SGP,YR2019,70.8732925344217
SLB,YR2006,46.6404087715563
SLB,YR2007,47.7031802120141
SLB,YR2008,48.069825436409
SLB,YR2009,48.8426211317963
SLB,YR2010,48.4536794146072
SLB,YR2011,46.1049265022449
SLB,YR2012,47.7036017435192
SLB,YR2013,50.179448130438
SLB,YR2014,48.112240236338
SLB,YR2015,51.09209115411
SLB,YR2016,49.6579840210135
SLB,YR2017,49.3219929611483
SLB,YR2018,48.1540581142826
SLB,YR2019,49.171830134502
SLE,YR2006,34.6312800532471
SLE,YR2007,33.7711729983647
SLE,YR2008,34.3913697344292
SLE,YR2009,33.6114595739308
SLE,YR2010,35.2644434399517
SLE,YR2011,35.0241583585145
SLE,YR2012,32.330577650838
SLE,YR2013,28.4795480871068
SLE,YR2014,29.8267813219084
SLE,YR2015,33.9291714460175
SLE,YR2016,32.7564152297357
SLE,YR2017,31.9957487767502
SLE,YR2018,32.3466286751553
SLE,YR2019,32.8039067950328
SLV,YR2006,60.2821644398805
SLV,YR2007,59.4189898158626
SLV,YR2008,58.7199343521865
SLV,YR2009,60.9827390887884
SLV,YR2010,59.5027515297118
SLV,YR2011,57.8388249133051
SLV,YR2012,58.3439749557541
SLV,YR2013,59.546422711878
SLV,YR2014,59.4191153461598
SLV,YR2015,60.0130385216637
SLV,YR2016,60.3324813787362
SLV,YR2017,60.1160806255127
SLV,YR2018,60.111372226503
SLV,YR2019,59.9656859790917
SMR,YR2015,59.2769211436221
SMR,YR2016,59.4484867145015
SMR,YR2017,59.9107015944061
SMR,YR2018,56.3358162936745
SMR,YR2019,58.0891290335199
SRB,YR2006,47.6008404451722
SRB,YR2007,48.6122959204801
SRB,YR2008,48.5590013109068
SRB,YR2009,51.6193039267097
SRB,YR2010,51.6954275224558
SRB,YR2011,50.263969996013
SRB,YR2012,50.9624906225178
SRB,YR2013,50.366398118684
SRB,YR2014,51.6924775663593
SRB,YR2015,50.8666401669851
SRB,YR2016,50.3152527612622
SRB,YR2017,50.9309854982256
SRB,YR2018,51.0097335816946
SRB,YR2019,51.1674342673323
SSA,YR2006,49.5289293941974
SSA,YR2007,48.7261666076616
SSA,YR2008,47.0901263615796
SSA,YR2009,50.960905814166
SSA,YR2010,51.0575389563597
SSA,YR2011,50.2613768418379
SSA,YR2012,50.6004586799097
SSA,YR2013,51.0646996676331
SSA,YR2014,51.4053739533537
SSA,YR2015,53.6804809944994
SSA,YR2016,53.7243079978172
SSA,YR2017,52.7491015562433
SSA,YR2018,51.5297394753372
SSA,YR2019,50.5152483449345
SSD,YR2008,36.6177162232871
SSD,YR2009,35.5021306484434
SSD,YR2010,33.5625068562538
SSD,YR2011,34.0974199385455
SSD,YR2012,42.6735756014185
SSD,YR2013,68.1393629925541
SSD,YR2014,45.7040840248141
SSD,YR2015,56.5504512594544
SSF,YR2006,49.5403812070243
SSF,YR2007,48.7385122290119
SSF,YR2008,47.1008008429374
SSF,YR2009,50.968728995633
SSF,YR2010,51.0645619465571
SSF,YR2011,50.2674030753226
SSF,YR2012,50.6068454585662
SSF,YR2013,51.0743094292661
SSF,YR2014,51.415159323816
SSF,YR2015,53.6910055844264
SSF,YR2016,53.7361416302989
SSF,YR2017,52.7612974211085
SSF,YR2018,51.5432239580759
SSF,YR2019,50.5308559724769
SST,YR2006,53.425741319214
SST,YR2007,52.4219523043074
SST,YR2008,46.9931026362274
SST,YR2009,52.3621151150194
SST,YR2010,48.7591361595326
SST,YR2011,44.1447780787705
SST,YR2012,44.2184673973275
SST,YR2013,45.4259484312574
SST,YR2014,46.9175426072639
SST,YR2015,54.7907728958765
SST,YR2016,57.2932850431744
SST,YR2017,55.8863455043323
SST,YR2018,53.8527090937082
SST,YR2019,55.6088850800481
STP,YR2006,73.3616382939088
STP,YR2007,72.1943760004196
STP,YR2008,68.3965198810427
STP,YR2009,67.0117906058822
STP,YR2010,67.1236961222232
STP,YR2011,68.7249744933389
STP,YR2012,70.0211153401316
STP,YR2013,69.8011109721666
STP,YR2014,69.4378595384415
STP,YR2015,70.4287476705994
STP,YR2016,70.9828969532192
STP,YR2017,71.1251731588499
STP,YR2018,72.390934557718
STP,YR2019,72.6657836792816
SUR,YR2006,45.4066056064391
SUR,YR2007,44.7463093908944
SUR,YR2008,44.1534336976696
SUR,YR2009,47.7063357774018
SUR,YR2010,48.2448094721921
SUR,YR2011,46.9969554386936
SUR,YR2012,47.6572958500669
SUR,YR2013,50.7802838466521
SUR,YR2014,52.2608997340118
SUR,YR2015,54.4972445062695
SUR,YR2016,57.078858666741
SUR,YR2017,48.1852751457074
SUR,YR2018,50.8292994109855
SUR,YR2019,55.3778458779423
SVK,YR2006,53.4056262771922
SVK,YR2007,53.7165871120963
SVK,YR2008,54.5298058183947
SVK,YR2009,58.958023259005
SVK,YR2010,58.456533093816
SVK,YR2011,57.7074567039302
SVK,YR2012,58.1683410601142
SVK,YR2013,59.6111733923039
SVK,YR2014,57.0196469301544
SVK,YR2015,57.271204739812
SVK,YR2016,58.5354072297394
SVK,YR2017,58.7828762288151
SVK,YR2018,58.1393340614805
SVK,YR2019,57.9291013243067
SVN,YR2006,55.6182025482342
SVN,YR2007,54.9131656714981
SVN,YR2008,55.9348307841295
SVN,YR2009,58.3162779503045
SVN,YR2010,58.7564554734751
SVN,YR2011,58.1153929608021
SVN,YR2012,57.4621016276821
SVN,YR2013,56.9733918873238
SVN,YR2014,56.2884748834919
SVN,YR2015,56.3359515251486
SVN,YR2016,56.6683555366033
SVN,YR2017,56.7017943803145
SVN,YR2018,56.5581808491739
SVN,YR2019,56.4243142177678
SWE,YR2006,62.0527871637855
SWE,YR2007,61.6620355283503
SWE,YR2008,62.4989120091623
SWE,YR2009,64.3776560704688
SWE,YR2010,62.8301415303025
SWE,YR2011,63.3063074300445
SWE,YR2012,64.1626721908073
SWE,YR2013,65.2103725379453
SWE,YR2014,65.681751583503
SWE,YR2015,65.3037575666534
SWE,YR2016,65.4676263881273
SWE,YR2017,65.0889041390294
SWE,YR2018,65.2262926169137
SWE,YR2019,65.5151210418053
SWZ,YR2006,46.9321407014568
SWZ,YR2007,47.0545044874931
SWZ,YR2008,48.489487538515
SWZ,YR2009,48.5631484606371
SWZ,YR2010,49.552576625361
SWZ,YR2011,50.1546694355647
SWZ,YR2012,48.3882357807356
SWZ,YR2013,49.4357093277515
SWZ,YR2014,50.2585353765025
SWZ,YR2015,50.0791345491965
SWZ,YR2016,51.3500329906255
SWZ,YR2017,53.0680521089
SWZ,YR2018,53.3183858836926
SWZ,YR2019,52.0991469918743
SXM,YR2011,77.7512532824063
SXM,YR2012,78.0585935286451
SXM,YR2013,78.8367012561442
SXM,YR2014,67.6581426648721
SXM,YR2015,69.0726705305395
SXM,YR2016,69.5711759504863
SXM,YR2017,69.0670417252696
SYC,YR2006,59.8814589396797
SYC,YR2007,61.663102285032
SYC,YR2008,61.0312008131524
SYC,YR2009,62.2975807676789
SYC,YR2010,61.5441467279658
SYC,YR2011,59.6790953854943
SYC,YR2012,60.6699296768901
SYC,YR2013,64.2914659940198
SYC,YR2014,64.8365797986811
SYC,YR2015,66.522249739325
SYC,YR2016,66.5107348813657
SYC,YR2017,66.3502800129797
SYC,YR2018,66.5952756350113
SYC,YR2019,67.8070867223618
SYR,YR2006,43.5601979606164
SYR,YR2007,46.4833895641313
SYR,YR2008,47.0193132521262
SYR,YR2009,49.9077043922236
SYR,YR2010,50.1345026330765
SYR,YR2011,45.6198812071128
SYR,YR2012,51.5188892510749
SYR,YR2013,51.7014606106028
SYR,YR2014,53.6446463483332
SYR,YR2015,51.3782017580259
SYR,YR2016,49.5963475458074
SYR,YR2017,42.1575275639277
SYR,YR2018,42.4941671975066
SYR,YR2019,43.3429083537083
TCA,YR2006,71.5067430493364
TCA,YR2007,74.842651427679
TCA,YR2008,77.4387040625323
TCA,YR2009,80.8938959503441
TCA,YR2010,83.417876671659
TCA,YR2011,82.888833759428
TCA,YR2012,82.2387201733866
TCA,YR2013,81.6387267679433
TCA,YR2014,79.0361206558313
TCA,YR2015,76.6695680788052
TCA,YR2016,77.7778531108468
TCA,YR2017,76.9508932719723
TCA,YR2018,76.7967027735007
TCA,YR2019,75.4144553058046
TCD,YR2006,32.5246898692689
TCD,YR2007,33.2485847599452
TCD,YR2008,32.5686654388588
TCD,YR2009,37.5114996977554
TCD,YR2010,33.4127974225258
TCD,YR2011,32.5930977500698
TCD,YR2012,31.8244689969939
TCD,YR2013,33.0200057957912
TCD,YR2014,31.0910072935353
TCD,YR2015,33.0397097636701
TCD,YR2016,30.4930426387032
TCD,YR2017,33.5071308250599
TCD,YR2018,37.5250770653218
TCD,YR2019,40.467352937889
TEA,YR2006,42.7536261069243
TEA,YR2007,43.4685040468654
TEA,YR2008,43.112920027914
TEA,YR2009,44.4657403419985
TEA,YR2010,44.3759946480961
TEA,YR2011,44.4113904347174
TEA,YR2012,45.4743966130395
TEA,YR2013,46.7985873990802
TEA,YR2014,48.0490230333532
TEA,YR2015,50.3763575951723
TEA,YR2016,51.7629174612343
TEA,YR2017,52.0238583098122
TEA,YR2018,52.5799626395718
TEA,YR2019,53.533197240972
TEC,YR2006,51.2519455010378
TEC,YR2007,52.0007849407422
TEC,YR2008,51.7974774902879
TEC,YR2009,54.0448907632446
TEC,YR2010,52.8179501485241
TEC,YR2011,52.2413259859623
TEC,YR2012,53.2954843667691
TEC,YR2013,54.2871245394902
TEC,YR2014,53.9291863989638
TEC,YR2015,54.1786657449083
TEC,YR2016,54.579495512995
TEC,YR2017,54.5924888274409
TEC,YR2018,53.8045364914686
TEC,YR2019,54.7803662492511
TGO,YR2006,85.3546199953653
TGO,YR2007,91.6969937820908
TGO,YR2008,80.613247969702
TGO,YR2009,90.584053029293
TGO,YR2010,92.5620906285911
TGO,YR2011,88.8572379529005
TGO,YR2012,63.4757822114476
TGO,YR2013,61.77440303085
TGO,YR2014,50.9865193378773
TGO,YR2015,49.6126060919963
TGO,YR2016,49.1691283996465
TGO,YR2017,49.2561074587446
TGO,YR2018,50.5321099945475
TGO,YR2019,51.2376193726888
THA,YR2006,51.4511506498788
THA,YR2007,51.220943421775
THA,YR2008,50.4479532095063
THA,YR2009,51.6043673521408
THA,YR2010,49.5560986644794
THA,YR2011,50.4268099513695
THA,YR2012,51.1522057089623
THA,YR2013,51.7791961972126
THA,YR2014,53.1480380193834
THA,YR2015,54.9480990258654
THA,YR2016,55.9351576320684
THA,YR2017,56.5748278870276
THA,YR2018,57.0556910705407
THA,YR2019,58.2775214465787
TJK,YR2006,40.8678978490016
TJK,YR2007,42.870419543282
TJK,YR2008,43.931778392726
TJK,YR2009,47.0368664711443
TJK,YR2010,45.0918966612836
TJK,YR2011,42.4317700383425
TJK,YR2012,43.5186695830833
TJK,YR2013,44.0608990762779
TJK,YR2014,41.1105011545958
TJK,YR2015,39.1778381962344
TJK,YR2016,37.1585846399819
TJK,YR2017,38.8761886138283
TJK,YR2018,36.7459808159957
TJK,YR2019,37.0798560987387
TKM,YR2006,45.6114432109308
TKM,YR2007,42.2903703703704
TKM,YR2008,27.2151968870022
TKM,YR2009,27.0005643019562
TKM,YR2010,28.1435350051273
TKM,YR2012,24.9186772835219
TKM,YR2014,31.0349553384283
TKM,YR2015,36.4001308869185
TKM,YR2016,38.0400180104745
TKM,YR2017,41.8383028732428
TKM,YR2018,44.0520328850076
TKM,YR2019,48.2674402827403
TLA,YR2006,54.7523334473689
TLA,YR2007,55.2060989423643
TLA,YR2008,54.8382537391545
TLA,YR2009,57.03967059732
TLA,YR2010,55.5270920977135
TLA,YR2011,55.5727042461807
TLA,YR2012,56.5884496552317
TLA,YR2013,57.478496904196
TLA,YR2014,58.260899351386
TLA,YR2015,67.7075278032528
TLA,YR2016,68.2806487131377
TLA,YR2017,68.375034836152
TLA,YR2018,67.8346690657672
TLA,YR2019,68.1556959488529
TLS,YR2006,63.0697627682016
TLS,YR2007,62.9363292319721
TLS,YR2008,62.4280427520618
TLS,YR2009,67.4829243354908
TLS,YR2010,68.9342749230632
TLS,YR2011,66.9718148734929
TLS,YR2012,69.1236719115718
TLS,YR2013,61.4604409712339
TLS,YR2014,63.4811716961337
TLS,YR2015,63.559586404721
TLS,YR2016,65.8712480902624
TLS,YR2017,68.6697257164035
TLS,YR2018,67.7702858369836
TLS,YR2019,55.5202736770413
TMN,YR2006,43.1055876987922
TMN,YR2007,44.1827324993823
TMN,YR2008,43.7483632958539
TMN,YR2009,48.2018348149206
TMN,YR2010,47.2982787694194
TMN,YR2011,46.4133524431117
TMN,YR2012,47.606766837438
TMN,YR2013,47.4565551895732
TMN,YR2014,49.7994684920129
TMN,YR2015,53.9725580563778
TMN,YR2016,54.2184897805054
TMN,YR2017,52.1216816739229
TMN,YR2018,50.1996560996354
TMN,YR2019,50.7205785624661
TON,YR2006,53.5470938401891
TON,YR2007,51.5907010291655
TON,YR2008,52.8112469735672
TON,YR2009,54.6592420404113
TON,YR2010,53.5945919552876
TON,YR2011,51.7039408739212
TON,YR2012,51.7834185015467
TON,YR2013,54.1833823760354
TON,YR2014,54.0218772783082
TON,YR2015,53.3814647832389
TON,YR2016,52.0800622009739
TON,YR2017,50.6826243251606
TON,YR2018,50.5244481407031
TON,YR2019,49.2671986961724
TSA,YR2006,45.9206594752472
TSA,YR2007,45.7136891590082
TSA,YR2008,47.4682044314245
TSA,YR2009,47.4880765963079
TSA,YR2010,46.4790448837884
TSA,YR2011,46.7102080932502
TSA,YR2012,47.5366782638278
TSA,YR2013,48.0025661648256
TSA,YR2014,48.8827726241445
TSA,YR2015,48.947170091537
TSA,YR2016,48.8647573748712
TSA,YR2017,48.782270840937
TSA,YR2018,49.3589168569546
TSA,YR2019,50.6791362598034
TSS,YR2006,49.5403812070242
TSS,YR2007,48.7385122290119
TSS,YR2008,47.1008008429374
TSS,YR2009,50.968728995633
TSS,YR2010,51.0645619465571
TSS,YR2011,50.2674030753225
TSS,YR2012,50.6068454585662
TSS,YR2013,51.0743094292661
TSS,YR2014,51.415159323816
TSS,YR2015,53.6910055844264
TSS,YR2016,53.7361416302989
TSS,YR2017,52.7612974211085
TSS,YR2018,51.5432239580759
TSS,YR2019,50.5308559724769
TTO,YR2006,38.0397488161066
TTO,YR2007,39.4961026633322
TTO,YR2008,35.1757002222638
TTO,YR2009,46.5265844994937
TTO,YR2010,45.5105190135062
TTO,YR2011,42.9861638522819
TTO,YR2012,49.4574562170765
TTO,YR2013,51.3570374985576
TTO,YR2014,53.3055881426508
TTO,YR2015,59.4891638486138
TTO,YR2016,61.7088119526204
TTO,YR2017,60.5183040523825
TTO,YR2018,57.2371378095913
TTO,YR2019,60.2125846790342
TUN,YR2006,56.5741910385915
TUN,YR2007,56.0306430426456
TUN,YR2008,55.0762394795308
TUN,YR2009,56.0072736940413
TUN,YR2010,55.8976948687167
TUN,YR2011,56.8340831798214
TUN,YR2012,57.0947002042078
TUN,YR2013,58.023672140101
TUN,YR2014,57.5059874486204
TUN,YR2015,58.945784735786
TUN,YR2016,59.702065971293
TUN,YR2017,60.267825294207
TUN,YR2018,59.4589681861832
TUN,YR2019,59.9417187054004
TUR,YR2006,53.4336538998946
TUR,YR2007,54.8811394325025
TUR,YR2008,55.5431644626684
TUR,YR2009,57.1616793401796
TUR,YR2010,54.5443170487086
TUR,YR2011,53.0461819382094
TUR,YR2012,54.0046992278879
TUR,YR2013,53.3380620683892
TUR,YR2014,53.8279199427663
TUR,YR2015,53.4755978613786
TUR,YR2016,53.9863511922958
TUR,YR2017,53.5364676033054
TUR,YR2018,54.4655976099905
TUR,YR2019,56.362965087973
TZA,YR2006,45.5521443507314
TZA,YR2007,45.5364294119429
TZA,YR2008,43.7191784970406
TZA,YR2009,44.5514742947135
TZA,YR2010,43.316228247944
TZA,YR2011,41.4050375853704
TZA,YR2012,40.6114766481977
TZA,YR2013,40.2655507384318
TZA,YR2014,41.2956954905769
TZA,YR2015,40.4311664337765
TZA,YR2016,39.4485885215938
TZA,YR2017,37.9525760181085
TZA,YR2018,37.2427988727653
TZA,YR2019,36.83250438588
UGA,YR2006,47.119794496076
UGA,YR2007,46.9260980679179
UGA,YR2008,46.8958814771335
UGA,YR2009,44.6270560619195
UGA,YR2010,44.7858823697706
UGA,YR2011,45.7767969090406
UGA,YR2012,44.444120477145
UGA,YR2013,44.5372887955781
UGA,YR2014,44.0459519337933
UGA,YR2015,44.2988124378431
UGA,YR2016,44.4324164010763
UGA,YR2017,43.4784994051179
UGA,YR2018,43.3388930049102
UGA,YR2019,42.9981110497312
UKR,YR2006,49.823191473546
UKR,YR2007,51.6170820097297
UKR,YR2008,52.878376373485
UKR,YR2009,55.9948766791758
UKR,YR2010,55.4893203103736
UKR,YR2011,53.5003535486051
UKR,YR2012,54.4753052575019
UKR,YR2013,56.6426976003131
UKR,YR2014,54.1589184045774
UKR,YR2015,51.1686439927907
UKR,YR2016,49.9142479962203
UKR,YR2017,50.9587159917712
UKR,YR2018,51.3323027091522
UKR,YR2019,54.4855197050788
UMC,YR2006,49.274965408343
UMC,YR2007,49.6705071470445
UMC,YR2008,48.9537562312169
UMC,YR2009,50.4746580225753
UMC,YR2010,49.9819961305586
UMC,YR2011,49.7805674030314
UMC,YR2012,50.3268386822101
UMC,YR2013,51.299175910754
UMC,YR2014,52.0268928702999
UMC,YR2015,53.4464896744176
UMC,YR2016,54.4089079830077
UMC,YR2017,54.5340922960755
UMC,YR2018,54.4076900131769
UMC,YR2019,55.1711672608568
URY,YR2006,56.7931196789588
URY,YR2007,56.8756501677862
URY,YR2008,57.6398268194825
URY,YR2009,58.374156373453
URY,YR2010,58.2442690748379
URY,YR2011,58.2909901542234
URY,YR2012,59.3390519472429
URY,YR2013,59.1028562755059
URY,YR2014,59.0956557074816
URY,YR2015,59.3254707453324
URY,YR2016,63.5189612560355
URY,YR2017,65.3591258359061
URY,YR2018,64.9711613396968
URY,YR2019,65.0578034784579
USA,YR2006,73.7013684205001
USA,YR2007,73.9220618222027
USA,YR2008,74.6195360403017
USA,YR2009,76.514334508786
USA,YR2010,76.2772193576192
USA,YR2011,75.9014962160953
USA,YR2012,76.1638003426071
USA,YR2013,75.8160535750448
USA,YR2014,75.8275409731137
USA,YR2015,76.7423962861671
USA,YR2016,77.4396929034265
USA,YR2017,77.0329386939218
USA,YR2018,76.7355386223548
USA,YR2019,77.181114155661
UZB,YR2006,37.9585228805817
UZB,YR2007,39.7591344448386
UZB,YR2008,41.3540741805193
UZB,YR2009,41.365775808294
UZB,YR2010,39.8595567411616
UZB,YR2011,39.260037092941
UZB,YR2012,39.3875670838463
UZB,YR2013,40.5052999365533
UZB,YR2014,39.3947149528111
UZB,YR2015,39.1570431690355
UZB,YR2016,39.0199518935618
UZB,YR2017,36.8221241022285
UZB,YR2018,34.5928406709103
UZB,YR2019,35.1264896139703
VCT,YR2006,65.8173219179269
VCT,YR2007,63.6653032032308
VCT,YR2008,63.4794429334117
VCT,YR2009,62.9540062180512
VCT,YR2010,63.9503317200879
VCT,YR2011,65.1843906930195
VCT,YR2012,65.9360769280722
VCT,YR2013,65.8007561978264
VCT,YR2014,65.4109642313144
VCT,YR2015,64.7217838186119
VCT,YR2016,63.7226778212233
VCT,YR2017,63.4633640822645
VCT,YR2018,63.4557409198749
VCT,YR2019,64.3873667045459
VEN,YR2006,36.3493328091066
VEN,YR2007,39.3526219570256
VEN,YR2008,38.7983674350826
VEN,YR2009,45.9130653049749
VEN,YR2010,39.031863218742
VEN,YR2011,38.6366452446061
VEN,YR2012,44.8743977089721
VEN,YR2013,45.5655022117418
VEN,YR2014,51.6674781595521
VNM,YR2006,42.6884835125499
VNM,YR2007,42.8332754503841
VNM,YR2008,42.5091596964692
VNM,YR2009,43.4433537536156
VNM,YR2010,40.6273644146763
VNM,YR2011,38.9070141058414
VNM,YR2012,39.1188537769266
VNM,YR2013,40.542008594313
VNM,YR2014,40.9236156459995
VNM,YR2015,42.1930128036701
VNM,YR2016,42.8544981993655
VNM,YR2017,42.5807189654118
VNM,YR2018,42.1709129435949
VNM,YR2019,42.4687305376791
VUT,YR2006,63.4547736109111
VUT,YR2007,62.0231388710348
VUT,YR2008,61.2832634515477
VUT,YR2009,61.0367232084987
VUT,YR2010,61.7284140562496
VUT,YR2011,63.3887236049634
VUT,YR2012,63.9322728716187
VUT,YR2013,63.5008090163477
VUT,YR2014,62.6117113512071
VUT,YR2015,61.0392055939842
VUT,YR2016,62.2888309112588
VUT,YR2017,60.8553151577106
VUT,YR2018,59.793394990672
WLD,YR2006,62.9138802829225
WLD,YR2007,62.5380628380292
WLD,YR2008,62.1811625538782
WLD,YR2009,64.126342624723
WLD,YR2010,62.7500860605068
WLD,YR2011,61.9588988011796
WLD,YR2012,62.173278669174
WLD,YR2013,62.2876296925977
WLD,YR2014,62.5507004697508
WLD,YR2015,64.2778644616612
WLD,YR2016,64.891967174809
WLD,YR2017,64.3867860606942
WLD,YR2018,64.1400273164134
WLD,YR2019,64.7370304500378
WSM,YR2006,59.0149500002915
WSM,YR2007,59.3997562147222
WSM,YR2008,60.4881299475259
WSM,YR2009,67.4345528123674
WSM,YR2010,68.0848831828917
WSM,YR2011,70.5098110253002
WSM,YR2012,68.8172629289593
WSM,YR2013,68.2075602851152
WSM,YR2014,67.3450833690281
WSM,YR2015,69.3591744269817
WSM,YR2016,67.6444407007429
WSM,YR2017,67.0490950221707
WSM,YR2018,69.5741752697084
WSM,YR2019,68.9795416806271
XKX,YR2008,44.96094667598
XKX,YR2009,46.8147519929006
XKX,YR2010,45.8580894519709
XKX,YR2011,45.3545553198663
XKX,YR2012,46.5700312302362
XKX,YR2013,46.7975869061619
XKX,YR2014,47.0438367766209
XKX,YR2015,46.6393323162549
XKX,YR2016,45.2579153726907
XKX,YR2017,45.3910795575396
XKX,YR2018,46.1986404599491
XKX,YR2019,46.433944637404
YEM,YR2006,31.5979312233318
YEM,YR2007,31.4761822444387
YEM,YR2008,28.355965584495
YEM,YR2009,33.2027084448842
YEM,YR2010,27.4165645105953
YEM,YR2011,28.9968505904106
YEM,YR2012,34.3298486395521
YEM,YR2013,32.3503184001725
YEM,YR2014,31.68078612621
YEM,YR2015,29.1888843087377
YEM,YR2016,35.9698571589248
YEM,YR2017,30.2766839896062
YEM,YR2018,24.9940863288025
ZAF,YR2006,63.4994322880989
ZAF,YR2007,62.7545126209971
ZAF,YR2008,61.5371405407045
ZAF,YR2009,63.6360883195073
ZAF,YR2010,64.2752626096743
ZAF,YR2011,64.3421981264186
ZAF,YR2012,64.3045111542673
ZAF,YR2013,64.0537426456394
ZAF,YR2014,64.0117818477066
ZAF,YR2015,64.1025757790295
ZAF,YR2016,63.913401523834
ZAF,YR2017,64.3304256202533
ZAF,YR2018,64.1909899530026
ZAF,YR2019,64.2687226305352
ZMB,YR2006,47.5154757432367
ZMB,YR2007,47.4546801554357
ZMB,YR2008,49.0298347278234
ZMB,YR2009,51.5546034007674
ZMB,YR2010,52.8064557009767
ZMB,YR2011,50.3856175027169
ZMB,YR2012,53.193632268128
ZMB,YR2013,53.1376428491188
ZMB,YR2014,53.5124177356887
ZMB,YR2015,56.2204142195756
ZMB,YR2016,54.1825064091292
ZMB,YR2017,52.0938849633709
ZMB,YR2018,54.2445428614432
ZMB,YR2019,54.6037591025552
ZWE,YR2006,44.9336573536988
ZWE,YR2007,44.4872070883662
ZWE,YR2008,48.5483692426039
ZWE,YR2009,54.9169782060206
ZWE,YR2010,57.8321425446562
ZWE,YR2011,57.89580728236
ZWE,YR2012,55.0852379955725
ZWE,YR2013,58.326075296134
ZWE,YR2014,57.5910544082139
ZWE,YR2015,58.6510602956534
ZWE,YR2016,60.4099015011579
ZWE,YR2017,60.5916451070154
ZWE,YR2018,55.9847677273556
ZWE,YR2019,52.6772988950888
